DIST_CD,OUTLET_UID_EDITED,pepsi_top_city_name,outlet_code,outlet_name,channel,latitude,longitude,state,district,taluk,city_village,sector,nbrhd,sub_channel_name,nearest_pepsi_distributor_name,nearest_pepsi_distributer_distance_in_km,distance_to_nearest_school_in_km,distance_to_nearest_college_in_km,distance_to_nearest_large_office_in_km,distance_to_nearest_liqour_str_in_km,distance_to_nearest_bus_stn_in_km,distance_to_nearest_train_stn_in_km,distance_to_nearest_malls,distance_to_nearest_theatres,distance_to_nearest_temple,distance_to_nearest_church,distance_to_nearest_mosque,distance_to_nearest_gurdwara,distance_to_nearest_jain_temple,no_of_schools_in_a_1_km_radius,no_of_schools_in_a_2_km_radius,no_of_schools_in_a_3_km_radius,no_of_colleges_in_a_1_km_radius,no_of_colleges_in_a_2_km_radius,no_of_colleges_in_a_3_km_radius,sec_a1_hhs,sec_a2_hhs,sec_a3_hhs,sec_b1_hhs,sec_b2_hhs,sec_c1_hhs,sec_c2_hhs,sec_d1_hhs,sec_d2_hhs,sec_e1_hhs,sec_e2_hhs,sec_e3_hhs,3_member_hhs,4_member_hhs,5+_member_hhs,estmtd_daily_footfall_tag,no_of_single_floor_bldgs,no_of_two_floor_bldgs,no_of_three_four_floors_bldgs,no_of_abv_five_floors_bldgs,nbrhd_per_capita_income,chocolates_avlblty,biscuits_avlblty,noodles_avlblty,protein_bars_avlblty,oats_avlblty,premium_category_sold,premium_snacks_sold,western_salty_lead_pack,chocolates_lead_pack,biscuits_lead_pack,noodles_lead_pack,store_format,urban_vs_periphery_tagging,distnc_from_city_boundary_km,cooler_available,store_size,store_size_bracket,store size tagging,DB State,Top City,BI,LAYS LARGE 20,DORITOS SMALL 5,CHEETOS MEDIUM 10,QUAKER >L >273,KURKURE MEDIUM 10,DORITOS MEDIUM 10,LAYS SMALL 5,DORITOS LARGE 20,KURKURE >L >30,PROMO>L >30,UNCLE CHIPPS SMALL 5,QUAKER SMALL <99,QUAKER MEDIUM 79-460,UNCLE CHIPPS LARGE 20,QUAKER LARGE 189-380,DORITOS >L >30,KURKURE LARGE 20,UNCLE CHIPPS MEDIUM 10,LAYS >L >30,CHEETOS >L >30,KURKURE SMALL 5,LAYS MEDIUM 10,UNCLE CHIPPS >L >30,KKNMK >L >30,CHEETOS SMALL 5,KKNMK SMALL 5,KKNMK MEDIUM 10,TOTAL_REVENUE,VPO,AVG_SKU,ACTIVE_MONTHS,COHORT,SUB_CHANNEL,sec_a_hhs,sec_b_hhs,sec_c_hhs,sec_d_hhs,sec_e_hhs,distance_to_nearest_religious_place,distance_to_nearest_educational_institute_in_km,distance_to_nearest_transport_stn_in_km,distance_to_nearest_commercial_place,no_of_educational_institute_in_a_1_km_radius,vpo_percentile,priority_bucket,estmtd_daily_footfall_numeric,cooler_available_bin,BI_bin,is_modern_trade,is_urban,predicted_potential_vpo,opportunity_gap,gap_pct_of_potential,has_upside,priority,gap_rank_within_bucket,cooler_available_num,chocolates_avlblty_num,biscuits_avlblty_num,noodles_avlblty_num,protein_bars_avlblty_num,oats_avlblty_num,premium_category_sold_num,premium_snacks_sold_num,BI_num,store_size_bracket_num,western_salty_lead_pack_num,chocolates_lead_pack_num,biscuits_lead_pack_num,is_urban_sector,priority_bucket_num,cluster,segment_label,segment_description,segment_action
121370.0,2325456,Delhi,2325456,Krishna Dairy,Retail,28.669749,77.176148,Delhi,Delhi,Delhi,Delhi,Urban,Inder Lok Colony,Dairy Str (Stand-alone),Super Agencies,1.79,0.21,0.21,2.72,0.58,0.12,0.51,0.73,0.2,0.2,0.2,0.2,0.2,0.2,15,73,194,1.0,2.0,22.0,1010.0,572.0,655.0,1062.0,1082.0,1485.0,1590.0,1928.0,1684.0,323.0,238.0,794.0,1449.0,2580.0,6671.0,High (>100),13.0,165.0,1782.0,568.0,254251.0,No,No,No,No,No,No,No,Rs. 5,,,,GT,Urban,10.90577,Yes,125.0,<200 sqft,Micro Outlet,NEW DELHI,Delhi,yes,109.0908,,,,8909.082,,1808.0415,,,,482.1444,,,54.5454,,,54.5454,1018.1808,,,910.7172,12190.8969,,,,,,25537.2444,2837.4716,10.44,9,North India,Retail,745.6666666666666,1072.0,1537.5,1806.0,451.6666666666667,0.2,0.21,0.12,0.2,16.0,63.68,B,150.0,1.0,1,0.0,1.0,3087.1,249.63,8.1,True,B+,665.0,1.0,0.0,0.0,0.0,0.0,0.0,0.0,0.0,1,1.0,5.0,,,1.0,3,4,Urban Transit Impulse GT,"This cluster consists of small urban GT outlets like paan kiosks, dairies, and tea shops, often near transit points. They cater to on-the-move shoppers seeking quick, affordable impulse purchases, with no premium category sales.","Prioritize counter-top displays and visible merchandising for single-serve, grab-and-go beverage and snack SKUs. Introduce combo offers (e.g., beverage + snack) at Rs. 20-30 price points."
113249.0,2714451,Jaipur,2714451,Santosh Pan,Retail,26.92083429,75.79412,Rajasthan,Jaipur,Jaipur,Jaipur,Urban,Bani Park,Cig / Paan Kiosk,Balaji Enterprises,2.01,5.54,0.15,0.05,0.14,95.25,0.49,0.05,0.05,0.05,0.05,0.05,0.05,0.05,21,111,241,10.0,21.0,38.0,135.0,112.0,140.0,236.0,201.0,329.0,316.0,283.0,258.0,67.0,49.0,43.0,279.0,505.0,1137.0,Medium (30 to 100),62.0,51.0,25.0,12.0,4845634.0,Yes,No,No,No,No,No,No,Rs. 5,Rs. 5,,,GT,Urban,1.4,No,60.0,<200 sqft,Micro Outlet,RAJASTHAN,Jaipur,yes,,,,,4381.8138,,,,,,0.0,,,,,,0.0,109.0908,,,68.808,872.7264,,,,,,5432.439,776.062714,4.0,7,North India,Retail,129.0,218.5,322.5,270.5,53.0,0.05,0.15,0.49,0.05,31.0,16.04,D,,0.0,1,0.0,1.0,723.01,-53.05,-7.3,False,D,1421.0,0.0,1.0,0.0,0.0,0.0,0.0,0.0,0.0,1,1.0,5.0,5.0,,1.0,1,4,Urban Transit Impulse GT,"This cluster consists of small urban GT outlets like paan kiosks, dairies, and tea shops, often near transit points. They cater to on-the-move shoppers seeking quick, affordable impulse purchases, with no premium category sales.","Prioritize counter-top displays and visible merchandising for single-serve, grab-and-go beverage and snack SKUs. Introduce combo offers (e.g., beverage + snack) at Rs. 20-30 price points."
121733.0,1325639,Chandigarh,1325639,Anand Dairy,Retail,30.715993,76.837045,Chandigarh,Chandigarh,Chandigarh,Chandigarh,Urban,Mariwala Town,Dairy str,,,0.2,0.7,0.73,0.21,0.16,2.11,1.64,0.17,0.22,0.22,0.22,0.17,0.17,16,31,61,3.0,3.0,6.0,342.0,242.0,301.0,503.0,448.0,687.0,596.0,511.0,474.0,94.0,87.0,27.0,642.0,1250.0,1748.0,Medium (30 to 100),26.0,8.0,22.0,0.0,364197.0,No,No,No,No,No,No,No,,,,,GT,Urban,0.6,Yes,110.0,<200 sqft,Micro Outlet,PUNJAB,Balance,yes,11294.8506,54.546,836.3628,,17981.4089,927.2718,8360.517,309.0906,,,1167.7344,,,2145.4524,,,7886.9487,6286.1604,,,7162.5948,30289.6971,,,,,,94702.6355,7891.886292,33.92,12,North India,Retail,295.0,475.5,641.5,492.5,69.33333333333333,0.17,0.2,0.16,0.17,19.0,90.72,A,,1.0,1,0.0,1.0,9816.47,1924.58,19.6,True,A+,101.0,1.0,0.0,0.0,0.0,0.0,0.0,0.0,0.0,1,1.0,,,,1.0,4,4,Urban Transit Impulse GT,"This cluster consists of small urban GT outlets like paan kiosks, dairies, and tea shops, often near transit points. They cater to on-the-move shoppers seeking quick, affordable impulse purchases, with no premium category sales.","Prioritize counter-top displays and visible merchandising for single-serve, grab-and-go beverage and snack SKUs. Introduce combo offers (e.g., beverage + snack) at Rs. 20-30 price points."
121795.0,2130575,Kolkata,2130575,Pandit Hotel,Retail,22.69022,88.464612,West Bengal,N. 24 Parganas,Madhyamgram unassignd,Madhyamgram,Urban,Madhyamgram,S. Ind Restaurnt,Abhishek Enterprise,3.2,0.24,0.35,7.73,0.53,10.11,1.33,1.61,1.61,1.61,1.61,1.61,1.61,1.61,19,42,94,0.0,4.0,11.0,358.0,779.0,2304.0,2043.0,4996.0,7467.0,6337.0,8265.0,7958.0,3211.0,3483.0,1742.0,16096.0,15809.0,17070.0,High (>100),0.0,0.0,0.0,0.0,168017.0,No,No,No,No,No,No,No,,,,,Restaurants,Periphery,9.9,Yes,140.0,<200 sqft,Micro Outlet,WEST BENGAL,Balance,yes,454.545,,,,1081.8171,181.818,690.6656,,,,177.9,,,36.3636,,,36.3636,227.2725,,,812.5184,1990.9071,,,,,,5690.1709,812.881557,13.14,7,East India,Retail,1147.0,3519.5,6902.0,8111.5,2812.0,1.61,0.24,1.33,1.61,19.0,17.04,D,150.0,1.0,1,0.0,0.0,3840.53,3027.65,78.8,True,D+,61.0,1.0,0.0,0.0,0.0,0.0,0.0,0.0,0.0,1,1.0,,,,1.0,1,4,Urban Transit Impulse GT,"This cluster consists of small urban GT outlets like paan kiosks, dairies, and tea shops, often near transit points. They cater to on-the-move shoppers seeking quick, affordable impulse purchases, with no premium category sales.","Prioritize counter-top displays and visible merchandising for single-serve, grab-and-go beverage and snack SKUs. Introduce combo offers (e.g., beverage + snack) at Rs. 20-30 price points."
106367.0,S01241716,Rajkot,S01241716,Karuna Sagar Paan,Retail,22.27165,70.754691,Gujarat,Rajkot,Rajkot,Rajkot,Urban,,Cig / Paan Kiosk,Hetal Enterprise,6.23,0.41,0.32,3.27,1.71,8.03,4.1,0.03,0.03,0.03,0.03,0.03,0.03,0.03,10,46,97,2.0,17.0,34.0,67.0,54.0,69.0,88.0,100.0,158.0,153.0,133.0,131.0,45.0,31.0,4.0,212.0,329.0,372.0,Medium (30 to 100),,,,,178911.0,Yes,No,No,No,No,No,No,Rs. 5,Rs. 5,,,GT,Periphery,0.1,No,50.0,<200 sqft,Micro Outlet,GUJARAT,Rajkot,yes,,,,,12410.2654,,,,,,,,,,,,,,,,68.1825,545.454,,,,,,13023.9019,1085.325158,2.25,12,GUJARAT,Retail,63.333333333333336,94.0,155.5,132.0,26.666666666666668,0.03,0.32,4.1,0.03,12.0,25.28,D,,0.0,1,0.0,0.0,370.25,-715.08,-193.1,False,D,1494.0,0.0,1.0,0.0,0.0,0.0,0.0,0.0,0.0,1,1.0,5.0,5.0,,1.0,1,4,Urban Transit Impulse GT,"This cluster consists of small urban GT outlets like paan kiosks, dairies, and tea shops, often near transit points. They cater to on-the-move shoppers seeking quick, affordable impulse purchases, with no premium category sales.","Prioritize counter-top displays and visible merchandising for single-serve, grab-and-go beverage and snack SKUs. Introduce combo offers (e.g., beverage + snack) at Rs. 20-30 price points."
121792.0,1850227,Indore,1850227,Maa Pitambra Namkeen,Retail,22.759857,75.876967,Madhya Pradesh,Indore,Indore,Indore,Urban,Nyay Nagar,Chats & Snacks (Stand-alone),Krystal Impex,1.79,0.13,0.8,2.86,0.71,0.11,2.67,0.93,0.2,0.93,0.2,0.93,0.2,0.2,24,99,190,5.0,9.0,20.0,45.0,72.0,81.0,163.0,225.0,337.0,358.0,338.0,316.0,77.0,62.0,34.0,253.0,435.0,1203.0,Medium (30 to 100),153.0,0.0,0.0,0.0,182340.0,No,No,No,No,No,No,No,,,,,GT,Urban,1.8,Yes,130.0,<200 sqft,Micro Outlet,MADHYA PRADESH,Balance,yes,18079.0335,,1309.0896,,23643.4588,3255.7291,,2886.1632,245.4543,,110.0928,,,4304.3436,,,15984.9654,7226.8716,81.8181,,7629.0561,20667.5703,,,,,,105423.6464,8785.303867,35.67,12,MADHYA PRADESH,Retail,66.0,194.0,347.5,327.0,57.66666666666666,0.2,0.13,0.11,0.2,29.0,92.42,A,,1.0,1,0.0,1.0,10308.01,1522.7,14.8,True,A+,141.0,1.0,0.0,0.0,0.0,0.0,0.0,0.0,0.0,1,1.0,,,,1.0,4,4,Urban Transit Impulse GT,"This cluster consists of small urban GT outlets like paan kiosks, dairies, and tea shops, often near transit points. They cater to on-the-move shoppers seeking quick, affordable impulse purchases, with no premium category sales.","Prioritize counter-top displays and visible merchandising for single-serve, grab-and-go beverage and snack SKUs. Introduce combo offers (e.g., beverage + snack) at Rs. 20-30 price points."
116923.0,1883920,Delhi,1883920,Gupta Coffee Shop,Retail,28.635185,77.234852,Delhi,Delhi,Delhi,Delhi,Urban,Minto Road,Tea Shop (Hot),Shivani Enterprises,4.03,0.13,0.26,0.76,0.7,0.61,0.78,0.97,0.14,0.83,0.2,0.2,0.14,0.14,21,69,138,15.0,38.0,44.0,645.0,384.0,431.0,826.0,734.0,1045.0,1132.0,1329.0,1115.0,208.0,149.0,527.0,1107.0,1858.0,4351.0,High (>100),0.0,0.0,0.0,0.0,264418.0,No,Yes,No,No,No,No,No,Rs. 5,,Rs. 5,,GT,Urban,7.98459,Yes,95.0,<200 sqft,Micro Outlet,NEW DELHI,Delhi,yes,27490.682,,109.0908,,4636.359,272.727,66.9645,2290.9068,,,,,,5127.2676,,,15726.4668,1381.8168,,,66.9645,6854.5386,,,,,,64023.7844,5335.315367,24.42,12,North India,OPSC21-AFH - Others,486.6666666666667,780.0,1088.5,1222.0,294.6666666666667,0.14,0.13,0.61,0.14,36.0,83.64,A,150.0,1.0,1,0.0,1.0,7029.51,1694.19,24.1,True,A+,124.0,1.0,0.0,1.0,0.0,0.0,0.0,0.0,0.0,1,1.0,5.0,,5.0,1.0,4,4,Urban Transit Impulse GT,"This cluster consists of small urban GT outlets like paan kiosks, dairies, and tea shops, often near transit points. They cater to on-the-move shoppers seeking quick, affordable impulse purchases, with no premium category sales.","Prioritize counter-top displays and visible merchandising for single-serve, grab-and-go beverage and snack SKUs. Introduce combo offers (e.g., beverage + snack) at Rs. 20-30 price points."
107771.0,2477543,Mumbai,2477543,Melody Pan Shop,Retail,19.175923,72.968632,Maharashtra,Mumbai (Combined),Mumbai,Mumbai (Grtr),Urban,Mulund E.,Cig / Paan Kiosk,Knb Enterprises,3.49,0.27,0.73,1.58,0.46,0.45,1.29,1.26,0.25,0.39,0.39,0.39,0.39,0.25,14,57,129,4.0,47.0,63.0,421.0,404.0,409.0,984.0,769.0,1030.0,1163.0,1107.0,979.0,225.0,112.0,99.0,1689.0,2282.0,2495.0,High (>100),105.0,49.0,66.0,104.0,439832.0,Yes,No,No,No,No,No,No,Rs. 5,Rs. 5,,,GT,Urban,0.2,No,45.0,<200 sqft,Micro Outlet,MAHARASHTRA,Thane,yes,,,1181.817,,1418.1804,90.909,,,,,,54.5455,,,,,,90.909,,,,163.6362,,,,,,2999.9971,333.333011,1.22,9,MAHARASHTRA,Retail,411.3333333333333,876.5,1096.5,1043.0,145.33333333333334,0.25,0.27,0.45,0.25,18.0,4.3,D,150.0,0.0,1,0.0,1.0,0.0,-333.33,,False,D,1465.0,0.0,1.0,0.0,0.0,0.0,0.0,0.0,0.0,1,1.0,5.0,5.0,,1.0,1,4,Urban Transit Impulse GT,"This cluster consists of small urban GT outlets like paan kiosks, dairies, and tea shops, often near transit points. They cater to on-the-move shoppers seeking quick, affordable impulse purchases, with no premium category sales.","Prioritize counter-top displays and visible merchandising for single-serve, grab-and-go beverage and snack SKUs. Introduce combo offers (e.g., beverage + snack) at Rs. 20-30 price points."
121350.0,2753150,Gurugram,2753150,Fuel 21,Retail,28.378861,77.042555,Haryana,Gurugram,Gurugram,Gurugram,Urban,Badshapur,,Biz Sharks Ventures Private Limited,4.08,1.29,3.38,5.28,0.44,0.0,1.82,1.09,1.09,1.09,1.09,1.09,1.09,1.09,0,10,18,0.0,0.0,0.0,13.0,9.0,10.0,21.0,18.0,24.0,22.0,25.0,22.0,8.0,7.0,37.0,46.0,53.0,59.0,Low (<30),30.0,5.0,3.0,14.0,716818.0,No,No,No,No,No,No,No,,,,,Others,Urban,0.6,No,110.0,<200 sqft,Micro Outlet,HARYANA,Gurugram,yes,9223.092,,,,90.909,,,,,,,,,90.909,,,4637.563,,,,,654.5448,,,,,,14697.0178,7348.5089,8.0,2,North India,Retail,10.666666666666666,19.5,23.0,23.5,17.333333333333332,1.09,1.29,0.0,1.09,0.0,89.62,A,15.0,0.0,1,0.0,1.0,2046.89,-5301.62,-259.0,False,A,767.0,0.0,0.0,0.0,0.0,0.0,0.0,0.0,0.0,1,1.0,,,,1.0,4,4,Urban Transit Impulse GT,"This cluster consists of small urban GT outlets like paan kiosks, dairies, and tea shops, often near transit points. They cater to on-the-move shoppers seeking quick, affordable impulse purchases, with no premium category sales.","Prioritize counter-top displays and visible merchandising for single-serve, grab-and-go beverage and snack SKUs. Introduce combo offers (e.g., beverage + snack) at Rs. 20-30 price points."
120744.0,2441046,Visakhapatnam,2441046,Sri Durga Devi Pan Shop,Retail,17.728658,83.30496,Andhra Pradesh,Visakhapatnam,Visakhapatnam (Urban),Visakhapatnam,Urban,Dwarakanagar,Cig / Paan Kiosk,Sri Srinivasa Traders,1.52,0.03,0.04,0.03,0.28,0.0,1.72,0.28,0.1,0.1,0.1,0.1,0.1,0.1,39,112,180,100.0,178.0,199.0,296.0,308.0,351.0,762.0,744.0,1092.0,1015.0,855.0,681.0,151.0,103.0,163.0,1292.0,2433.0,1743.0,Medium (30 to 100),14.0,29.0,74.0,32.0,100116.0,Yes,No,No,No,No,No,No,Rs. 5,Rs. 5,,,GT,Urban,1.1,No,40.0,<200 sqft,Micro Outlet,ANDHRA PRADESH,Visakhapatnam,yes,,,,,2436.3612,,1926.624,,,,,,,,,,,,,,2201.856,3872.7234,,,,,,10437.5646,1491.080657,13.29,7,South India,SC05-Retail,318.3333333333333,753.0,1053.5,768.0,139.0,0.1,0.03,0.0,0.03,139.0,37.42,C,,0.0,1,0.0,1.0,3210.63,1719.55,53.6,True,C+,530.0,0.0,1.0,0.0,0.0,0.0,0.0,0.0,0.0,1,1.0,5.0,5.0,,1.0,2,4,Urban Transit Impulse GT,"This cluster consists of small urban GT outlets like paan kiosks, dairies, and tea shops, often near transit points. They cater to on-the-move shoppers seeking quick, affordable impulse purchases, with no premium category sales.","Prioritize counter-top displays and visible merchandising for single-serve, grab-and-go beverage and snack SKUs. Introduce combo offers (e.g., beverage + snack) at Rs. 20-30 price points."
112997.0,S00384261,Mangaluru,S00384261,Hotel Shambavi,Retail,12.92615,74.858013,Karnataka,Dakshina Kannada,Mangalore,Mangalore,Urban,Kunjathbail-2 (S),S. Ind Restaurnt,Alvas Traders,1.76,0.06,0.22,4.94,0.05,0.15,5.17,3.66,0.08,0.12,0.08,0.08,0.08,0.08,5,12,25,4.0,55.0,73.0,29.0,25.0,29.0,37.0,47.0,65.0,72.0,79.0,68.0,11.0,6.0,13.0,100.0,156.0,158.0,Low (<30),195.0,56.0,10.0,1.0,242680.0,No,No,No,No,No,No,No,,,,,Restaurants,,,Yes,185.0,<200 sqft,Micro Outlet,KARNATAKA,Mangaluru,yes,9588.1329,,2959.6814,,14619.7506,2268.773,341.538,381.8178,,,,,,,,,5620.548,181.818,,,275.232,27148.9881,,,,,,63386.2798,5282.189983,26.92,12,West India,Retail,27.666666666666668,42.0,68.5,73.5,10.0,0.08,0.06,0.15,0.08,9.0,83.42,A,15.0,1.0,1,0.0,0.0,8063.92,2781.73,34.5,True,A+,47.0,1.0,0.0,0.0,0.0,0.0,0.0,0.0,0.0,1,1.0,,,,1.0,4,4,Urban Transit Impulse GT,"This cluster consists of small urban GT outlets like paan kiosks, dairies, and tea shops, often near transit points. They cater to on-the-move shoppers seeking quick, affordable impulse purchases, with no premium category sales.","Prioritize counter-top displays and visible merchandising for single-serve, grab-and-go beverage and snack SKUs. Introduce combo offers (e.g., beverage + snack) at Rs. 20-30 price points."
118772.0,2670840,Ahmadabad,2670840,Shiv Shakti Pan Parlour,Retail,23.033295,72.64613,Gujarat,Ahmedabad,Ahmedabad City,Ahmedabad,Urban,Nikol-Road,Cig / Paan Kiosk,Nisarg Services And Sales Pvt Ltd,2.42,0.17,1.2,6.13,1.87,0.36,3.35,0.56,0.4,0.4,0.4,0.4,0.4,0.4,30,118,252,0.0,3.0,6.0,10.0,29.0,145.0,120.0,498.0,813.0,578.0,752.0,734.0,298.0,336.0,168.0,546.0,1032.0,3028.0,High (>100),,,,,105217.0,Yes,No,No,No,No,No,No,Rs. 5,Rs. 5,,,GT,Urban,1.8,No,45.0,<200 sqft,Micro Outlet,GUJARAT,Ahmadabad,yes,,,181.818,,2490.9066,636.363,272.73,,,,,,,,,,,,,,1145.466,1163.6352,,,,,,5890.9188,736.36485,5.0,8,GUJARAT,Retail,61.333333333333336,309.0,695.5,743.0,267.3333333333333,0.4,0.17,0.36,0.4,30.0,14.78,D,150.0,0.0,1,0.0,1.0,935.24,198.87,21.3,True,D+,1325.0,0.0,1.0,0.0,0.0,0.0,0.0,0.0,0.0,1,1.0,5.0,5.0,,1.0,1,4,Urban Transit Impulse GT,"This cluster consists of small urban GT outlets like paan kiosks, dairies, and tea shops, often near transit points. They cater to on-the-move shoppers seeking quick, affordable impulse purchases, with no premium category sales.","Prioritize counter-top displays and visible merchandising for single-serve, grab-and-go beverage and snack SKUs. Introduce combo offers (e.g., beverage + snack) at Rs. 20-30 price points."
100629.0,S00762940,Kolkata,S00762940,Firoz Ahmed Pan Shop,Retail,22.559094,88.372473,West Bengal,Kolkata,Kolkata,Kolkata,Urban,Entally,Cig / Paan Kiosk,Binoy Trading Company,1.9,0.07,0.96,1.63,0.21,0.02,0.9,0.92,0.11,0.24,0.11,0.11,0.11,0.11,42,168,312,0.0,37.0,64.0,303.0,328.0,299.0,801.0,720.0,789.0,923.0,1161.0,902.0,454.0,175.0,281.0,1274.0,1576.0,3257.0,High (>100),0.0,0.0,0.0,0.0,275250.0,Yes,No,No,No,No,No,No,Rs. 5,Rs. 5,,,GT,Urban,0.8,No,60.0,<200 sqft,Micro Outlet,WEST BENGAL,Kolkata,yes,90.909,,,,236.3634,45.4545,765.979,,,,,,,,,,,72.7272,,,82.5696,399.6044,,,,,,1693.6071,153.964282,11.09,11,East India,Retail,310.0,760.5,856.0,1031.5,303.3333333333333,0.11,0.07,0.02,0.11,42.0,1.26,D,150.0,0.0,1,0.0,1.0,2681.72,2527.75,94.3,True,D+,115.0,0.0,1.0,0.0,0.0,0.0,0.0,0.0,0.0,1,1.0,5.0,5.0,,1.0,1,4,Urban Transit Impulse GT,"This cluster consists of small urban GT outlets like paan kiosks, dairies, and tea shops, often near transit points. They cater to on-the-move shoppers seeking quick, affordable impulse purchases, with no premium category sales.","Prioritize counter-top displays and visible merchandising for single-serve, grab-and-go beverage and snack SKUs. Introduce combo offers (e.g., beverage + snack) at Rs. 20-30 price points."
100690.0,S01138683,,S01138683,Ice Palaza,Retail,22.727525,88.382119,West Bengal,N. 24 Parganas,Khardaha unassignd,Khardaha,Urban,Chowdhary Para,Ice Cream Parlour (Stand-alone),Maa Enterprise,0.64,0.06,0.13,10.23,0.26,10.47,0.58,3.92,1.37,3.92,1.51,1.51,1.51,1.51,9,62,106,0.0,3.0,5.0,70.0,146.0,120.0,349.0,538.0,437.0,501.0,363.0,341.0,97.0,95.0,51.0,1073.0,760.0,734.0,Low (<30),0.0,0.0,0.0,0.0,159823.0,No,No,No,No,No,No,No,,,,,GT,,,Yes,145.0,<200 sqft,Micro Outlet,WEST BENGAL,Balance,yes,,,,,199.2094,,2324.3112,,,,275.232,,,,,,,,,,91.744,4062.8419,,,,,,6953.3385,695.33385,11.64,10,East India,Retail,112.0,443.5,469.0,352.0,81.0,1.51,0.06,0.58,1.37,9.0,13.38,D,15.0,1.0,1,0.0,0.0,3546.25,2850.91,80.4,True,D+,79.0,1.0,0.0,0.0,0.0,0.0,0.0,0.0,0.0,1,1.0,,,,1.0,1,4,Urban Transit Impulse GT,"This cluster consists of small urban GT outlets like paan kiosks, dairies, and tea shops, often near transit points. They cater to on-the-move shoppers seeking quick, affordable impulse purchases, with no premium category sales.","Prioritize counter-top displays and visible merchandising for single-serve, grab-and-go beverage and snack SKUs. Introduce combo offers (e.g., beverage + snack) at Rs. 20-30 price points."
116473.0,1834176,Gaya,1834176,Sanjay Pan,Retail,24.80219,85.000708,Bihar,Gaya,Gaya,Gaya,Urban,Laxman Sahay Lane,Cig / Paan Kiosk,Laxmi Narayan Traders - Tt,6.45,0.12,1.27,88.78,1.16,0.0,0.16,1.09,0.12,0.12,0.12,0.12,0.12,0.12,51,123,213,0.0,9.0,10.0,78.0,114.0,117.0,341.0,470.0,590.0,507.0,952.0,805.0,295.0,308.0,478.0,380.0,800.0,3528.0,Low (<30),52.0,32.0,14.0,2.0,64490.0,Yes,No,No,No,No,No,No,Rs. 5,Rs. 5,,,GT,Urban,1.2,No,45.0,<200 sqft,Micro Outlet,BIHAR,Gaya,yes,1090.908,,,,6290.9028,18.1818,8188.872,,,,137.616,,,181.818,,,545.454,,,,11126.3065,3554.5419,,,,,,31134.601,4447.800143,10.57,7,East India,Retail,103.0,405.5,548.5,878.5,360.3333333333333,0.12,0.12,0.0,0.12,51.0,79.14,B,15.0,0.0,1,0.0,1.0,2361.58,-2086.22,-88.3,False,B,962.0,0.0,1.0,0.0,0.0,0.0,0.0,0.0,0.0,1,1.0,5.0,5.0,,1.0,3,4,Urban Transit Impulse GT,"This cluster consists of small urban GT outlets like paan kiosks, dairies, and tea shops, often near transit points. They cater to on-the-move shoppers seeking quick, affordable impulse purchases, with no premium category sales.","Prioritize counter-top displays and visible merchandising for single-serve, grab-and-go beverage and snack SKUs. Introduce combo offers (e.g., beverage + snack) at Rs. 20-30 price points."
113341.0,S01462444,,S01462444,Bitu Pan,Retail,26.657762,84.898432,Bihar,Purba Champaran,Motihari,Motihari,Urban,Chandmari (S),Cig / Paan Kiosk,Misti Lado Enterprises - Rd,1.64,0.53,42.47,77.58,0.94,0.0,0.68,76.35,1.37,76.35,76.35,76.35,76.35,76.35,15,43,84,0.0,0.0,0.0,98.0,59.0,66.0,80.0,93.0,110.0,113.0,232.0,218.0,140.0,116.0,29.0,119.0,269.0,882.0,Low (<30),0.0,0.0,0.0,0.0,69527.0,Yes,No,No,No,No,No,No,Rs. 5,Rs. 5,,,GT,,,No,80.0,<200 sqft,Micro Outlet,BIHAR,Balance,yes,2702.7654,,,,3741.4988,,6275.926,,,,1651.392,,,,,,727.272,719.368,109.0908,,11555.491,5729.6408,,,,,,33212.4448,2767.703733,9.08,12,East India,Retail,74.33333333333333,86.5,111.5,225.0,95.0,76.35,0.53,0.0,1.37,15.0,62.74,B,15.0,0.0,1,0.0,0.0,2369.67,-398.03,-16.8,False,B,800.0,0.0,1.0,0.0,0.0,0.0,0.0,0.0,0.0,1,1.0,5.0,5.0,,1.0,3,4,Urban Transit Impulse GT,"This cluster consists of small urban GT outlets like paan kiosks, dairies, and tea shops, often near transit points. They cater to on-the-move shoppers seeking quick, affordable impulse purchases, with no premium category sales.","Prioritize counter-top displays and visible merchandising for single-serve, grab-and-go beverage and snack SKUs. Introduce combo offers (e.g., beverage + snack) at Rs. 20-30 price points."
116910.0,2774642,,2774642,Joshi  And Son S Marketing,Retail,23.2344071,72.61840842,Gujarat,Gandhinagar,Gandhinagar,Vavol,Urban,Vavol,,Dhanlaxmi Traders,2.82,1.12,2.87,13.94,12.17,14.11,1.21,6.56,3.11,6.56,6.56,6.56,6.56,6.56,3,11,33,0.0,0.0,1.0,30.0,55.0,175.0,135.0,358.0,549.0,312.0,404.0,393.0,156.0,160.0,80.0,537.0,915.0,1319.0,High (>100),,,,,246221.0,No,No,No,No,No,No,No,,,,,Others,,,No,130.0,<200 sqft,Micro Outlet,GUJARAT,Balance,yes,,,,,10636.353,,,,,,,,,,,,181.818,109.0908,,,109.092,3827.2689,,,,,,14863.6227,2123.374671,8.14,7,GUJARAT,Retail,86.66666666666667,246.5,430.5,398.5,132.0,6.56,1.12,1.21,3.11,3.0,52.16,C,150.0,0.0,1,0.0,0.0,2221.32,97.94,4.4,True,C+,1244.0,0.0,0.0,0.0,0.0,0.0,0.0,0.0,0.0,1,1.0,,,,1.0,2,4,Urban Transit Impulse GT,"This cluster consists of small urban GT outlets like paan kiosks, dairies, and tea shops, often near transit points. They cater to on-the-move shoppers seeking quick, affordable impulse purchases, with no premium category sales.","Prioritize counter-top displays and visible merchandising for single-serve, grab-and-go beverage and snack SKUs. Introduce combo offers (e.g., beverage + snack) at Rs. 20-30 price points."
116371.0,2320182,,2320182,Shreenath Restorent,Retail,24.461901,74.871278,Madhya Pradesh,Neemuch,Neemuch,Neemuch,Urban,Neemuch,QSRs (Ind) Stand-alone,Shree Radhe Traders,5.29,0.13,122.29,217.47,0.57,211.79,2.15,168.28,1.28,165.49,165.49,165.49,165.49,165.45,45,83,108,0.0,0.0,0.0,278.0,687.0,1510.0,1688.0,3067.0,4385.0,2814.0,3623.0,3366.0,1427.0,1870.0,935.0,3670.0,7104.0,15148.0,High (>100),0.0,0.0,0.0,0.0,110549.0,No,No,No,No,No,No,No,,,,,Restaurants,,,Yes,325.0,300–600 sqft,Core Outlet,MADHYA PRADESH,Balance,yes,5109.0858,,90.909,,5355.727,446.641,45.455,218.1816,,,,,,690.9084,,,2472.7248,854.5446,,,181.82,5267.9796,,,,,,20733.9768,1884.906982,11.18,11,MADHYA PRADESH,Retail,825.0,2377.5,3599.5,3494.5,1410.6666666666667,165.45,0.13,2.15,1.28,45.0,47.32,C,150.0,1.0,1,0.0,0.0,3595.0,1710.1,47.6,True,C+,533.0,1.0,0.0,0.0,0.0,0.0,0.0,0.0,0.0,1,,,,,1.0,2,4,Urban Transit Impulse GT,"This cluster consists of small urban GT outlets like paan kiosks, dairies, and tea shops, often near transit points. They cater to on-the-move shoppers seeking quick, affordable impulse purchases, with no premium category sales.","Prioritize counter-top displays and visible merchandising for single-serve, grab-and-go beverage and snack SKUs. Introduce combo offers (e.g., beverage + snack) at Rs. 20-30 price points."
102345.0,2180810,Rampur,2180810,Gupta Foods,Retail,28.810043,79.035752,Uttar Pradesh,Rampur,Rampur,Rampur (UP),Urban,N'brhd No. 30,QSRs (Ind) Stand-alone,Golden Agencies - Rampur,6.28,0.07,1.09,2.2,0.31,3.36,3.68,26.86,1.1,23.26,23.26,23.26,23.26,23.26,25,93,134,0.0,2.0,9.0,145.0,194.0,191.0,388.0,635.0,691.0,705.0,1225.0,1156.0,395.0,478.0,429.0,746.0,1140.0,4137.0,Low (<30),80.0,32.0,4.0,0.0,64509.0,No,No,No,No,No,No,No,,,,,Restaurants,Urban,0.7,Yes,160.0,<200 sqft,Micro Outlet,UTTAR PRADESH,Rampur,yes,7619.555,,,,15218.1666,90.909,267.858,,,,,,3752.7264,1999.998,,,1909.089,4745.4498,,,2812.509,22490.8866,,,,,,60907.1474,5075.595617,19.58,12,UTTAR PRADESH,Retail,176.66666666666666,511.5,698.0,1190.5,434.0,23.26,0.07,3.36,1.1,25.0,82.6,A,15.0,1.0,1,0.0,1.0,5775.84,700.24,12.1,True,A+,229.0,1.0,0.0,0.0,0.0,0.0,0.0,0.0,0.0,1,1.0,,,,1.0,4,4,Urban Transit Impulse GT,"This cluster consists of small urban GT outlets like paan kiosks, dairies, and tea shops, often near transit points. They cater to on-the-move shoppers seeking quick, affordable impulse purchases, with no premium category sales.","Prioritize counter-top displays and visible merchandising for single-serve, grab-and-go beverage and snack SKUs. Introduce combo offers (e.g., beverage + snack) at Rs. 20-30 price points."
121774.0,1902457,Udaipur,1902457,Jai Behrav Dairy,Retail,24.556519,73.69475,Rajasthan,Udaipur,Girwa,Udaipur,Urban,Railway Colony,Dairy str,K. V. Corporation,5.37,97.66,0.2,3.45,0.27,366.67,1.3,1.3,0.11,0.13,0.13,0.13,0.13,0.11,11,58,103,1.0,4.0,36.0,119.0,90.0,115.0,151.0,162.0,249.0,228.0,188.0,193.0,37.0,29.0,51.0,229.0,455.0,721.0,Medium (30 to 100),0.0,0.0,0.0,0.0,4289592.0,No,No,No,No,No,No,No,,,,,GT,Urban,1.4,Yes,85.0,<200 sqft,Micro Outlet,RAJASTHAN,Balance,yes,,,,,21685.3624,181.818,,,,,,,,,,,,5944.6608,,,,,,,,,,27811.8412,2317.653433,4.17,12,North India,Retail,108.0,156.5,238.5,190.5,39.0,0.11,0.2,1.3,0.11,12.0,55.7,C,,1.0,1,0.0,1.0,1275.46,-1042.2,-81.7,False,C,1469.0,1.0,0.0,0.0,0.0,0.0,0.0,0.0,0.0,1,1.0,,,,1.0,2,4,Urban Transit Impulse GT,"This cluster consists of small urban GT outlets like paan kiosks, dairies, and tea shops, often near transit points. They cater to on-the-move shoppers seeking quick, affordable impulse purchases, with no premium category sales.","Prioritize counter-top displays and visible merchandising for single-serve, grab-and-go beverage and snack SKUs. Introduce combo offers (e.g., beverage + snack) at Rs. 20-30 price points."
121355.0,2386655,,2386655,Haritage Parlor,Retail,13.26002208,77.61740967,Karnataka,Bengaluru Rural,Devanahalli,Kundana,Rural,,Dairy str,Ekadanta Enterprises,5.02,0.65,1.76,22.36,6.53,8.51,7.56,13.08,7.97,8.05,8.05,8.05,8.05,8.05,2,5,16,0.0,1.0,3.0,1.0,5.0,9.0,11.0,2.0,31.0,49.0,47.0,78.0,27.0,19.0,7.0,44.0,94.0,113.0,Low (<30),0.0,0.0,0.0,0.0,158378.0,No,No,No,No,No,No,No,,,,,GT,,,Yes,85.0,<200 sqft,Micro Outlet,KARNATAKA,Balance,yes,,,,,272.727,,3500.451,,,,,,,,,,,,,,1162.8555,2581.8156,,,,,,7517.8491,835.316567,6.33,9,West India,Retail,5.0,6.5,40.0,62.5,17.666666666666668,8.05,0.65,7.56,7.97,2.0,17.58,D,15.0,1.0,1,0.0,0.0,2111.94,1276.62,60.4,True,D+,662.0,1.0,0.0,0.0,0.0,0.0,0.0,0.0,0.0,1,1.0,,,,0.0,1,4,Urban Transit Impulse GT,"This cluster consists of small urban GT outlets like paan kiosks, dairies, and tea shops, often near transit points. They cater to on-the-move shoppers seeking quick, affordable impulse purchases, with no premium category sales.","Prioritize counter-top displays and visible merchandising for single-serve, grab-and-go beverage and snack SKUs. Introduce combo offers (e.g., beverage + snack) at Rs. 20-30 price points."
115839.0,2662997,,2662997,Pintu Pan Ghar,Retail,26.522607,89.19965,West Bengal,Jalpaiguri,Falakata,Falakata,Urban,Falakata,Cig / Paan Kiosk,Sanjay Brothers - Rd,2.61,0.22,11.51,33.15,1.57,29.78,2.02,2.55,0.59,2.55,2.55,2.55,2.55,2.55,17,24,34,0.0,0.0,0.0,17.0,34.0,165.0,115.0,454.0,734.0,582.0,750.0,673.0,309.0,585.0,293.0,1213.0,1495.0,1824.0,High (>100),0.0,0.0,0.0,0.0,200652.0,Yes,No,No,No,No,No,No,Rs. 5,Rs. 5,,,GT,,,No,55.0,<200 sqft,Micro Outlet,WEST BENGAL,Balance,yes,690.9084,,,,3481.816,,7959.5258,290.9088,,,3397.302,,,1709.0892,,,,545.454,,,8573.5604,6016.9941,,,,,,32665.5587,2722.129892,11.33,12,East India,Retail,72.0,284.5,658.0,711.5,395.6666666666667,2.55,0.22,2.02,0.59,17.0,62.1,B,150.0,0.0,1,0.0,0.0,2934.32,212.19,7.2,True,B+,677.0,0.0,1.0,0.0,0.0,0.0,0.0,0.0,0.0,1,1.0,5.0,5.0,,1.0,3,4,Urban Transit Impulse GT,"This cluster consists of small urban GT outlets like paan kiosks, dairies, and tea shops, often near transit points. They cater to on-the-move shoppers seeking quick, affordable impulse purchases, with no premium category sales.","Prioritize counter-top displays and visible merchandising for single-serve, grab-and-go beverage and snack SKUs. Introduce combo offers (e.g., beverage + snack) at Rs. 20-30 price points."
114076.0,2366048,,2366048,Pandit Pan Place,Retail,27.115545,75.525508,Rajasthan,Jaipur,Amber,Vijaipur,Rural,,Cig / Paan Kiosk,Simran Trading Company,10.98,29.91,25.58,31.45,10.15,62.06,16.52,28.4,17.17,25.85,25.85,25.85,25.85,25.85,4,7,13,0.0,0.0,0.0,2.0,1.0,1.0,3.0,0.0,23.0,38.0,38.0,62.0,26.0,27.0,11.0,11.0,35.0,170.0,Low (<30),0.0,0.0,0.0,0.0,135939.0,Yes,No,No,No,No,No,No,Rs. 5,Rs. 5,,,GT,,,No,40.0,<200 sqft,Micro Outlet,RAJASTHAN,Balance,yes,,,,,595.257,,3045.036,,,,1701.522,,,,,,,322.53,,,1922.7084,709.0902,,,,,,8296.1436,691.3453,4.17,12,North India,Retail,1.3333333333333333,1.5,30.5,50.0,21.33333333333333,25.85,25.58,16.52,17.17,4.0,13.32,D,15.0,0.0,1,0.0,0.0,1216.13,524.78,43.2,True,D+,1154.0,0.0,1.0,0.0,0.0,0.0,0.0,0.0,0.0,1,1.0,5.0,5.0,,0.0,1,4,Urban Transit Impulse GT,"This cluster consists of small urban GT outlets like paan kiosks, dairies, and tea shops, often near transit points. They cater to on-the-move shoppers seeking quick, affordable impulse purchases, with no premium category sales.","Prioritize counter-top displays and visible merchandising for single-serve, grab-and-go beverage and snack SKUs. Introduce combo offers (e.g., beverage + snack) at Rs. 20-30 price points."
114720.0,1806610,Jabalpur,1806610,Alok Mobile,Retail,23.181147,79.966986,Madhya Pradesh,Jabalpur,Jabalpur,Jabalpur G.C.F.,Urban,Jabalpur G.C.F.,,Prakash Brothers ? Sdp,10.55,0.14,2.08,142.16,0.73,415.98,2.41,3.33,1.17,1.17,1.17,1.17,1.17,1.17,5,22,52,0.0,2.0,48.0,24.0,42.0,137.0,102.0,277.0,427.0,237.0,305.0,296.0,117.0,115.0,58.0,361.0,680.0,950.0,Medium (30 to 100),100.0,11.0,0.0,1.0,103983.0,No,No,No,No,No,No,No,,,,,Others,Periphery,0.1,No,85.0,<200 sqft,Micro Outlet,MADHYA PRADESH,Jabalpur,yes,,,,,6794.4617,,412.848,,,,55.0464,,,,,,,2377.0734,,,866.9808,13748.2124,,,,,,24254.6227,3031.827838,14.0,8,MADHYA PRADESH,Retail,67.66666666666667,189.5,332.0,300.5,96.66666666666669,1.17,0.14,2.41,1.17,5.0,66.32,B,,0.0,1,0.0,0.0,3772.8,740.98,19.6,True,B+,564.0,0.0,0.0,0.0,0.0,0.0,0.0,0.0,0.0,1,1.0,,,,1.0,3,4,Urban Transit Impulse GT,"This cluster consists of small urban GT outlets like paan kiosks, dairies, and tea shops, often near transit points. They cater to on-the-move shoppers seeking quick, affordable impulse purchases, with no premium category sales.","Prioritize counter-top displays and visible merchandising for single-serve, grab-and-go beverage and snack SKUs. Introduce combo offers (e.g., beverage + snack) at Rs. 20-30 price points."
118711.0,2370607,,2370607,Mahadev Pan,Retail,24.0384789,78.9612858,Madhya Pradesh,Sagar,Banda,Banda (MP),Urban,Banda (MP),Cig / Paan Kiosk,Aditya Sales,2.78,0.17,32.19,31.99,22.74,340.44,19.47,134.61,56.48,134.32,134.32,134.32,134.32,134.32,9,13,20,0.0,0.0,0.0,25.0,85.0,251.0,283.0,693.0,1041.0,749.0,960.0,849.0,383.0,657.0,328.0,870.0,1473.0,4114.0,High (>100),0.0,0.0,0.0,0.0,76302.0,Yes,No,No,No,No,No,No,Rs. 5,Rs. 5,,,GT,,,No,50.0,<200 sqft,Micro Outlet,MADHYA PRADESH,Balance,yes,,,,,3099.9969,,678.9056,,,,,,,,,,363.636,699.9993,,,1165.1488,6672.7206,,,,,,12680.4072,1152.764291,7.55,11,MADHYA PRADESH,Retail,120.33333333333331,488.0,895.0,904.5,456.0,134.32,0.17,19.47,31.99,9.0,27.34,D,150.0,0.0,1,0.0,0.0,2127.95,975.19,45.8,True,D+,876.0,0.0,1.0,0.0,0.0,0.0,0.0,0.0,0.0,1,1.0,5.0,5.0,,1.0,1,4,Urban Transit Impulse GT,"This cluster consists of small urban GT outlets like paan kiosks, dairies, and tea shops, often near transit points. They cater to on-the-move shoppers seeking quick, affordable impulse purchases, with no premium category sales.","Prioritize counter-top displays and visible merchandising for single-serve, grab-and-go beverage and snack SKUs. Introduce combo offers (e.g., beverage + snack) at Rs. 20-30 price points."
114047.0,2295834,,2295834,Rajesh Samosa Shop,Retail,12.880675,77.75937,Karnataka,Bengaluru Urban,Anekal,Thigala Chowdadenahalli,Rural,,,Sri Vinayaka Agencies,10.41,0.44,0.16,7.53,0.94,0.56,6.53,8.86,0.41,0.43,0.43,0.43,0.43,0.43,7,13,26,2.0,2.0,2.0,19.0,20.0,20.0,42.0,7.0,116.0,184.0,161.0,284.0,89.0,62.0,22.0,226.0,348.0,286.0,Low (<30),0.0,0.0,0.0,0.0,526570.0,No,No,No,No,No,No,No,,,,,Others,,,No,95.0,<200 sqft,Micro Outlet,KARNATAKA,Bengaluru,yes,1127.2716,,,,2397.629,,334.986,,,,,,,,,,654.5448,,327.2724,,269.196,5535.1764,,,,,,10646.0762,2129.21524,14.8,5,West India,Retail,19.666666666666668,24.5,150.0,222.5,57.66666666666666,0.43,0.16,0.56,0.41,9.0,52.22,C,15.0,0.0,1,0.0,0.0,4097.95,1968.74,48.0,True,C+,415.0,0.0,0.0,0.0,0.0,0.0,0.0,0.0,0.0,1,1.0,,,,0.0,2,4,Urban Transit Impulse GT,"This cluster consists of small urban GT outlets like paan kiosks, dairies, and tea shops, often near transit points. They cater to on-the-move shoppers seeking quick, affordable impulse purchases, with no premium category sales.","Prioritize counter-top displays and visible merchandising for single-serve, grab-and-go beverage and snack SKUs. Introduce combo offers (e.g., beverage + snack) at Rs. 20-30 price points."
112821.0,S01170993,,S01170993,Kartik Hotel,Retail,26.744905,88.400127,West Bengal,Darjiling,Matigara,Daknikata,Rural,,S. Ind Restaurnt,J. B. Sales Agency,2.7,0.6,0.78,114.19,2.28,105.9,2.09,3.44,0.66,1.35,1.22,1.22,1.22,1.22,4,22,65,0.0,6.0,8.0,14.0,14.0,14.0,34.0,5.0,109.0,174.0,172.0,280.0,109.0,111.0,43.0,179.0,271.0,495.0,Low (<30),119.0,45.0,21.0,11.0,81339.0,No,No,No,No,No,No,No,,,,,Restaurants,,,Yes,265.0,200–300 sqft,Small Outlet,WEST BENGAL,Balance,yes,24561.2406,,,,12973.1108,1018.1808,3572.3865,1777.0734,,,495.4176,,,6845.0526,361.8182,,8799.9912,10204.3383,,,3465.338,29513.016,,,,,,103586.964,8632.247,30.33,12,East India,Retail,14.0,19.5,141.5,226.0,87.66666666666667,1.22,0.6,2.09,0.66,4.0,92.2,A,15.0,1.0,1,0.0,0.0,9373.51,741.26,7.9,True,A+,225.0,1.0,0.0,0.0,0.0,0.0,0.0,0.0,0.0,1,2.0,,,,0.0,4,4,Urban Transit Impulse GT,"This cluster consists of small urban GT outlets like paan kiosks, dairies, and tea shops, often near transit points. They cater to on-the-move shoppers seeking quick, affordable impulse purchases, with no premium category sales.","Prioritize counter-top displays and visible merchandising for single-serve, grab-and-go beverage and snack SKUs. Introduce combo offers (e.g., beverage + snack) at Rs. 20-30 price points."
117039.0,2477665,,2477665,Dharesvar Dairy Farm,Retail,21.960153,70.791463,Gujarat,Rajkot,Gondal,Gondal,Urban,Gondal,Dairy str,Jalaram Distributor,5.32,0.17,8.4,33.02,30.06,0.21,1.4,0.54,0.03,0.03,0.03,0.03,0.03,0.03,18,52,64,0.0,0.0,0.0,127.0,317.0,1142.0,998.0,2972.0,4642.0,2667.0,3407.0,3065.0,1249.0,1358.0,679.0,3496.0,6913.0,13249.0,High (>100),,,,,181209.0,No,No,No,No,No,No,No,,,,,GT,,,Yes,90.0,<200 sqft,Micro Outlet,GUJARAT,Balance,yes,218.1816,,,,5181.813,,,,,,,,,,,,,,,,,,,,,,,5399.9946,599.9994,1.22,9,GUJARAT,Retail,528.6666666666666,1985.0,3654.5,3236.0,1095.3333333333333,0.03,0.17,0.21,0.03,18.0,10.63,D,150.0,1.0,1,0.0,0.0,346.63,-253.37,-73.1,False,D,1458.0,1.0,0.0,0.0,0.0,0.0,0.0,0.0,0.0,1,1.0,,,,1.0,1,4,Urban Transit Impulse GT,"This cluster consists of small urban GT outlets like paan kiosks, dairies, and tea shops, often near transit points. They cater to on-the-move shoppers seeking quick, affordable impulse purchases, with no premium category sales.","Prioritize counter-top displays and visible merchandising for single-serve, grab-and-go beverage and snack SKUs. Introduce combo offers (e.g., beverage + snack) at Rs. 20-30 price points."
120006.0,2252647,Bhopal,2252647,Ghandi Tea Sall,Retail,23.252714,77.456516,Madhya Pradesh,Bhopal,Huzur,Bhopal,Urban,Ayodhya Nagar,Tea Shop (Hot),N.B. Sales,1.48,0.31,0.67,3.24,0.02,165.59,3.84,1.79,0.21,0.21,0.21,0.21,0.21,0.21,3,50,125,1.0,5.0,17.0,145.0,128.0,158.0,280.0,297.0,469.0,405.0,348.0,331.0,73.0,69.0,85.0,452.0,798.0,1130.0,Medium (30 to 100),41.0,42.0,14.0,0.0,182884.0,No,Yes,No,No,No,No,No,Rs. 5,,Rs. 5,,GT,Urban,2.7,No,120.0,<200 sqft,Micro Outlet,MADHYA PRADESH,Bhopal,yes,2745.4518,,,,436.3632,90.909,45.872,345.4542,,,-45.872,,,509.0904,,,2290.9068,218.1816,,,412.848,1309.0896,,,,,,8358.2946,2089.57365,17.25,4,MADHYA PRADESH,Retail,143.66666666666666,288.5,437.0,339.5,75.66666666666667,0.21,0.31,3.84,0.21,4.0,51.62,C,,0.0,1,0.0,1.0,4721.06,2631.48,55.7,True,C+,196.0,0.0,0.0,1.0,0.0,0.0,0.0,0.0,0.0,1,1.0,5.0,,5.0,1.0,2,4,Urban Transit Impulse GT,"This cluster consists of small urban GT outlets like paan kiosks, dairies, and tea shops, often near transit points. They cater to on-the-move shoppers seeking quick, affordable impulse purchases, with no premium category sales.","Prioritize counter-top displays and visible merchandising for single-serve, grab-and-go beverage and snack SKUs. Introduce combo offers (e.g., beverage + snack) at Rs. 20-30 price points."
115846.0,2121010,,2121010,Shraddha Stationary,Retail,22.446398,70.068804,Gujarat,Jamnagar,Jamnagar,Jamnagar,Urban,Military Area,Stationary Str,Raj Sales Agency,10.33,0.07,3.46,24.17,1.86,58.5,5.42,54.49,3.13,37.23,37.23,37.23,37.23,37.23,17,46,121,0.0,0.0,0.0,46.0,50.0,56.0,75.0,128.0,163.0,141.0,370.0,347.0,55.0,75.0,68.0,239.0,433.0,746.0,Low (<30),,,,,220813.0,No,No,No,No,No,No,No,,,,,GT,,,No,90.0,<200 sqft,Micro Outlet,GUJARAT,Balance,yes,,,90.909,,11107.5016,,,,,,,,,,,,,,,,90.91,7036.3566,,,,,,18325.6772,1527.139767,7.33,12,GUJARAT,Retail,50.66666666666666,101.5,152.0,358.5,66.0,37.23,0.07,5.42,3.13,17.0,38.42,C,15.0,0.0,1,0.0,0.0,1891.47,364.33,19.3,True,C+,1165.0,0.0,0.0,0.0,0.0,0.0,0.0,0.0,0.0,1,1.0,,,,1.0,2,4,Urban Transit Impulse GT,"This cluster consists of small urban GT outlets like paan kiosks, dairies, and tea shops, often near transit points. They cater to on-the-move shoppers seeking quick, affordable impulse purchases, with no premium category sales.","Prioritize counter-top displays and visible merchandising for single-serve, grab-and-go beverage and snack SKUs. Introduce combo offers (e.g., beverage + snack) at Rs. 20-30 price points."
117937.0,1793206,,1793206,Benarasi Paan Stall,Retail,22.625275,87.768008,West Bengal,Paschim Medinipur,Daspur - II,Kala Gechhya,Rural,,Cig / Paan Kiosk,Nandita Enterprise,5.5,0.59,4.44,53.81,1.6,51.11,24.11,38.19,5.49,16.15,16.15,16.15,16.15,16.15,5,18,32,0.0,0.0,0.0,2.0,2.0,2.0,34.0,13.0,45.0,67.0,89.0,119.0,64.0,66.0,26.0,70.0,165.0,247.0,Low (<30),0.0,0.0,0.0,0.0,214114.0,Yes,No,No,No,No,No,No,Rs. 5,Rs. 5,,,GT,,,No,40.0,<200 sqft,Micro Outlet,WEST BENGAL,Balance,yes,563.6358,,,,1781.8164,363.636,3242.6085,109.0908,0.0,,109.5924,,,1327.2714,,,454.545,218.1816,272.727,,2773.9635,2072.7252,,,,,,13289.7936,1208.163055,8.18,11,East India,Retail,2.0,23.5,56.0,104.0,52.0,16.15,0.59,24.11,5.49,5.0,29.24,D,15.0,0.0,1,0.0,0.0,2242.47,1034.31,46.1,True,D+,820.0,0.0,1.0,0.0,0.0,0.0,0.0,0.0,0.0,1,1.0,5.0,5.0,,0.0,1,4,Urban Transit Impulse GT,"This cluster consists of small urban GT outlets like paan kiosks, dairies, and tea shops, often near transit points. They cater to on-the-move shoppers seeking quick, affordable impulse purchases, with no premium category sales.","Prioritize counter-top displays and visible merchandising for single-serve, grab-and-go beverage and snack SKUs. Introduce combo offers (e.g., beverage + snack) at Rs. 20-30 price points."
115879.0,1733481,,1733481,Raj Consultant,Retail,28.356208,75.5916,Rajasthan,Jhunjhunun,Chirawa,Hanutpura,Rural,,,Aditi Associates,8.41,59.88,30.3,124.19,4.63,30.39,15.12,120.81,13.74,29.94,29.94,29.94,29.94,29.94,2,26,46,0.0,0.0,0.0,8.0,7.0,5.0,17.0,3.0,40.0,62.0,72.0,106.0,47.0,47.0,18.0,34.0,88.0,272.0,Low (<30),0.0,0.0,0.0,0.0,57991.0,No,No,No,No,No,No,No,,,,,Others,,,No,115.0,<200 sqft,Micro Outlet,RAJASTHAN,Balance,yes,15199.9848,,,,2490.9066,,665.144,1636.362,,,,,,1509.0894,,,18435.5556,2399.9976,,,,4127.2686,,,,,,46464.3086,3872.025717,12.25,12,North India,Retail,6.666666666666667,10.0,51.0,89.0,37.333333333333336,29.94,30.3,15.12,13.74,2.0,74.6,B,15.0,0.0,1,0.0,0.0,3687.64,-184.39,-5.0,False,B,764.0,0.0,0.0,0.0,0.0,0.0,0.0,0.0,0.0,1,1.0,,,,0.0,3,4,Urban Transit Impulse GT,"This cluster consists of small urban GT outlets like paan kiosks, dairies, and tea shops, often near transit points. They cater to on-the-move shoppers seeking quick, affordable impulse purchases, with no premium category sales.","Prioritize counter-top displays and visible merchandising for single-serve, grab-and-go beverage and snack SKUs. Introduce combo offers (e.g., beverage + snack) at Rs. 20-30 price points."
116072.0,2658685,Ahmadabad,2658685,Dev Narayan Pan Parlour,Retail,23.127802,72.567458,Gujarat,Ahmedabad,Ahmedabad City,Ahmedabad,Urban,Kaligam,Cig / Paan Kiosk,Om Sales Agency,5.16,0.62,5.39,2.36,5.58,1.56,1.82,3.51,2.0,2.27,2.27,2.27,2.27,2.27,2.0,17.0,69.0,0.0,0.0,0.0,1.0,3.0,10.0,10.0,26.0,39.0,24.0,31.0,26.0,10.0,8.0,4.0,37.0,60.0,127.0,Low (<30),,,,,122511.0,Yes,No,No,No,No,No,No,Rs. 5,Rs. 5,,,GT,Urban,0.1,No,40.0,<200 sqft,Micro Outlet,GUJARAT,Ahmadabad,yes,,,,,24347.0136,727.272,,218.1816,,,,,,,,,,218.1816,,,,5709.0852,,,,,,31219.734,2601.6445,7.17,12,GUJARAT,Retail,4.666666666666667,18.0,31.5,28.5,7.333333333333333,2.27,0.62,1.56,2.0,2.0,60.16,B,15.0,0.0,1,0.0,1.0,1826.11,-775.54,-42.5,False,B,841.0,0.0,1.0,0.0,0.0,0.0,0.0,0.0,0.0,1,1.0,5.0,5.0,,1.0,3,4,Urban Transit Impulse GT,"This cluster consists of small urban GT outlets like paan kiosks, dairies, and tea shops, often near transit points. They cater to on-the-move shoppers seeking quick, affordable impulse purchases, with no premium category sales.","Prioritize counter-top displays and visible merchandising for single-serve, grab-and-go beverage and snack SKUs. Introduce combo offers (e.g., beverage + snack) at Rs. 20-30 price points."
113768.0,S00720475,Ranchi,S00720475,Barnwal Stationery,Retail,23.333068,85.317773,Jharkhand,Ranchi,Kanke,Ranchi,Urban,Shivdayal Nagar,Cosmetc / Fancy Str (Stand-alone),Arihant Agencies - Tt,4.77,0.32,0.38,5.0,0.06,0.0,1.59,0.01,0.01,0.01,0.01,0.01,0.01,0.01,24,61,101,5.0,8.0,37.0,221.0,208.0,247.0,465.0,520.0,832.0,874.0,771.0,721.0,131.0,122.0,117.0,750.0,1264.0,2603.0,High (>100),69.0,63.0,31.0,6.0,91907.0,No,No,No,No,No,No,No,,,,,GT,Urban,4.02199,No,120.0,<200 sqft,Micro Outlet,JHARKHAND,Ranchi,yes,5334.3822,,,,11077.0647,,,,,,,,,1381.8168,,,3777.0714,2486.1642,,,,14194.4556,,,,,,38250.9549,3187.579575,15.92,12,East India,Retail,225.3333333333333,492.5,853.0,746.0,123.33333333333331,0.01,0.32,0.0,0.01,29.0,68.08,B,150.0,0.0,1,0.0,1.0,4345.11,1157.53,26.6,True,B+,481.0,0.0,0.0,0.0,0.0,0.0,0.0,0.0,0.0,1,1.0,,,,1.0,3,4,Urban Transit Impulse GT,"This cluster consists of small urban GT outlets like paan kiosks, dairies, and tea shops, often near transit points. They cater to on-the-move shoppers seeking quick, affordable impulse purchases, with no premium category sales.","Prioritize counter-top displays and visible merchandising for single-serve, grab-and-go beverage and snack SKUs. Introduce combo offers (e.g., beverage + snack) at Rs. 20-30 price points."
121246.0,S01175407,,S01175407,Hotel Jain,Retail,23.4907,77.744923,Madhya Pradesh,Raisen,Raisen,Sanchi,Urban,Sanchi,S. Ind Restaurnt,Pradeep Traders,20.48,0.58,6.35,42.68,6.96,202.61,1.01,38.29,36.19,36.19,36.19,36.19,36.19,36.19,4,9,9,0.0,0.0,0.0,5.0,11.0,63.0,41.0,196.0,328.0,210.0,266.0,227.0,95.0,109.0,55.0,205.0,355.0,1148.0,Medium (30 to 100),0.0,0.0,0.0,0.0,37416.0,No,No,No,No,No,No,No,,,,,Restaurants,,,Yes,325.0,300–600 sqft,Core Outlet,MADHYA PRADESH,Balance,yes,138678.1242,,,,28984.956,1263.6351,,13127.2596,8167.5816,,,,,24641.0826,,,69149.3388,9117.3849,21844.2486,,,40548.5808,,,,,,355522.1922,29626.84935,33.33,12,MADHYA PRADESH,Retail,26.33333333333333,118.5,269.0,246.5,86.33333333333333,36.19,0.58,1.01,36.19,4.0,99.18,A,,1.0,1,0.0,0.0,10519.0,-19107.85,-181.7,False,A,951.0,1.0,0.0,0.0,0.0,0.0,0.0,0.0,0.0,1,,,,,1.0,4,4,Urban Transit Impulse GT,"This cluster consists of small urban GT outlets like paan kiosks, dairies, and tea shops, often near transit points. They cater to on-the-move shoppers seeking quick, affordable impulse purchases, with no premium category sales.","Prioritize counter-top displays and visible merchandising for single-serve, grab-and-go beverage and snack SKUs. Introduce combo offers (e.g., beverage + snack) at Rs. 20-30 price points."
120480.0,2527434,,2527434,A.K. Parlor,Retail,23.591167,72.367407,Gujarat,Mahesana,Mahesana,Mahesana,Urban,Narayan Nagar Society,Dairy str,Pavan Enterprise,0.49,0.35,29.92,1.56,1.37,6.99,2.52,53.57,1.01,1.01,1.01,1.01,1.01,1.01,9,22,41,0.0,0.0,0.0,56.0,174.0,216.0,479.0,633.0,1088.0,753.0,646.0,652.0,115.0,126.0,195.0,60.0,156.0,213.0,Low (<30),,,,,174195.0,No,No,No,No,No,No,No,,,,,GT,,,Yes,110.0,<200 sqft,Micro Outlet,GUJARAT,Balance,yes,90.909,,,,4818.177,,,,,,,,,,,,90.909,,,,136.365,1236.3624,,,,,,6372.7224,579.3384,3.45,11,GUJARAT,Retail,148.66666666666666,556.0,920.5,649.0,145.33333333333334,1.01,0.35,2.52,1.01,9.0,10.04,D,15.0,1.0,1,0.0,0.0,1138.3,558.96,49.1,True,D+,1142.0,1.0,0.0,0.0,0.0,0.0,0.0,0.0,0.0,1,1.0,,,,1.0,1,4,Urban Transit Impulse GT,"This cluster consists of small urban GT outlets like paan kiosks, dairies, and tea shops, often near transit points. They cater to on-the-move shoppers seeking quick, affordable impulse purchases, with no premium category sales.","Prioritize counter-top displays and visible merchandising for single-serve, grab-and-go beverage and snack SKUs. Introduce combo offers (e.g., beverage + snack) at Rs. 20-30 price points."
113267.0,S01457221,Mumbai,S01457221,Sainath Pan Bidi,Retail,19.022335,72.857506,Maharashtra,Mumbai (Combined),Mumbai,Mumbai (Grtr),Urban,Matunga,Cig / Paan Kiosk,Shreedhar Enterprises,2.43,0.1,0.15,1.32,0.38,0.09,0.69,0.43,0.39,0.43,0.39,0.43,0.39,0.39,29,89,181,31.0,58.0,97.0,380.0,297.0,308.0,697.0,490.0,708.0,830.0,850.0,703.0,173.0,60.0,89.0,995.0,1366.0,2009.0,High (>100),95.0,251.0,220.0,138.0,464680.0,Yes,No,No,No,No,No,No,Rs. 5,Rs. 5,,,GT,Urban,1.9,No,60.0,<200 sqft,Micro Outlet,MAHARASHTRA,Mumbai,yes,,,454.545,,11936.7482,1636.362,6942.753,,,,,,,,,,,818.181,,,4415.2605,37721.3109,,,,,,63925.1606,5327.096717,17.33,12,MAHARASHTRA,Retail,328.3333333333333,593.5,769.0,776.5,107.33333333333331,0.39,0.1,0.09,0.39,60.0,83.56,A,150.0,0.0,1,0.0,1.0,4577.65,-749.45,-16.4,False,A,412.0,0.0,1.0,0.0,0.0,0.0,0.0,0.0,0.0,1,1.0,5.0,5.0,,1.0,4,4,Urban Transit Impulse GT,"This cluster consists of small urban GT outlets like paan kiosks, dairies, and tea shops, often near transit points. They cater to on-the-move shoppers seeking quick, affordable impulse purchases, with no premium category sales.","Prioritize counter-top displays and visible merchandising for single-serve, grab-and-go beverage and snack SKUs. Introduce combo offers (e.g., beverage + snack) at Rs. 20-30 price points."
101035.0,2105916,Delhi,2105916,Monika Dairy,Retail,28.500845,77.23514,Delhi,Delhi,Delhi,Delhi,Urban,Deoli,Dairy Str (Stand-alone),Shri Shiv Ji Enterprises,5.78,0.09,0.32,2.43,0.5,1.37,3.94,2.74,0.41,0.52,0.41,0.41,0.41,0.41,45,94,127,1.0,9.0,12.0,2030.0,835.0,927.0,1392.0,1636.0,2073.0,2377.0,3061.0,2788.0,502.0,466.0,305.0,1886.0,3847.0,10895.0,High (>100),0.0,0.0,0.0,0.0,282461.0,No,No,No,No,No,No,No,Rs. 5,,,,GT,Urban,2.65499,Yes,125.0,<200 sqft,Micro Outlet,NEW DELHI,Delhi,yes,1527.2712,,727.272,,19275.4783,2727.27,6501.9657,,,,214.2864,,,490.9086,,,836.3628,3935.9658,,,7226.442,28594.4464,,,,,,72057.6692,6004.805767,25.58,12,North India,Retail,1264.0,1514.0,2225.0,2924.5,424.3333333333333,0.41,0.09,1.37,0.41,46.0,85.9,A,150.0,1.0,1,0.0,1.0,7266.21,1261.41,17.4,True,A+,164.0,1.0,0.0,0.0,0.0,0.0,0.0,0.0,0.0,1,1.0,5.0,,,1.0,4,4,Urban Transit Impulse GT,"This cluster consists of small urban GT outlets like paan kiosks, dairies, and tea shops, often near transit points. They cater to on-the-move shoppers seeking quick, affordable impulse purchases, with no premium category sales.","Prioritize counter-top displays and visible merchandising for single-serve, grab-and-go beverage and snack SKUs. Introduce combo offers (e.g., beverage + snack) at Rs. 20-30 price points."
102874.0,2600719,Warangal,2600719,HUNIYA KANGAN HALL,Retail,17.973045,79.59767333,Telangana,Warangal,Warangal,Warangal,Urban,Ekashila Nagar,,Venkatasai Enterprises,1.91,0.05,0.57,119.6,0.28,118.85,0.85,0.42,0.1,0.42,0.1,0.1,0.0,0.1,30,110,191,0.0,9.0,0.0,133.0,241.0,236.0,599.0,957.0,1115.0,1111.0,1336.0,1108.0,422.0,515.0,1250.0,1517.0,3101.0,3044.0,Low (<30),114.0,68.0,21.0,3.0,104991.0,No,No,No,No,No,No,No,,,,,Others,Urban,1.0,No,95.0,<200 sqft,Micro Outlet,TELANGANA,Warangal,yes,,,,,,,2261.61,,,,110.0928,,,,,,,109.0908,,,1779.954,436.3632,,,,,,4697.1108,1565.7036,12.33,3,South India,Retail,203.3333333333333,778.0,1113.0,1222.0,729.0,0.0,0.05,0.85,0.1,30.0,39.44,C,15.0,0.0,1,0.0,1.0,3049.84,1484.14,48.7,True,C+,669.0,0.0,0.0,0.0,0.0,0.0,0.0,0.0,0.0,1,1.0,,,,1.0,2,4,Urban Transit Impulse GT,"This cluster consists of small urban GT outlets like paan kiosks, dairies, and tea shops, often near transit points. They cater to on-the-move shoppers seeking quick, affordable impulse purchases, with no premium category sales.","Prioritize counter-top displays and visible merchandising for single-serve, grab-and-go beverage and snack SKUs. Introduce combo offers (e.g., beverage + snack) at Rs. 20-30 price points."
120700.0,2470577,,2470577,Radha Krishna Pan,Retail,21.602822,71.218344,Gujarat,Amreli,Amreli,Amreli,Urban,Amreli,Cig / Paan Kiosk,Bipin Trading Company,2.15,0.28,31.89,85.07,63.45,28.22,1.14,28.24,17.08,17.08,17.08,17.08,17.08,17.08,25,54,67,0.0,0.0,0.0,151.0,344.0,1232.0,1023.0,3032.0,4727.0,2808.0,3555.0,2993.0,1261.0,1510.0,755.0,3521.0,6960.0,13756.0,High (>100),,,,,184560.0,Yes,No,No,No,No,No,No,Rs. 5,Rs. 5,,,GT,,,No,50.0,<200 sqft,Micro Outlet,GUJARAT,Balance,yes,,,,,2945.4516,,204.5475,,,,,,,,,,,,,,204.5475,136.3635,,,,,,3490.9101,387.8789,1.89,9,GUJARAT,Retail,575.6666666666666,2027.5,3767.5,3274.0,1175.3333333333333,17.08,0.28,1.14,17.08,25.0,5.54,D,150.0,0.0,1,0.0,0.0,246.13,-141.75,-57.6,False,D,1441.0,0.0,1.0,0.0,0.0,0.0,0.0,0.0,0.0,1,1.0,5.0,5.0,,1.0,1,4,Urban Transit Impulse GT,"This cluster consists of small urban GT outlets like paan kiosks, dairies, and tea shops, often near transit points. They cater to on-the-move shoppers seeking quick, affordable impulse purchases, with no premium category sales.","Prioritize counter-top displays and visible merchandising for single-serve, grab-and-go beverage and snack SKUs. Introduce combo offers (e.g., beverage + snack) at Rs. 20-30 price points."
100650.0,S01005473,,S01005473,Shaw Pan Saha,Retail,24.117928,88.253257,West Bengal,Murshidabad,Baharampur unassignd,Baharampur,Urban,Baharampur,Cig / Paan Kiosk,Das Enterprise,0.72,0.22,0.86,3.46,0.82,45.8,1.48,2.99,1.69,2.99,2.99,2.99,2.99,2.99,23,61,98,0.0,2.0,8.0,216.0,447.0,1770.0,1330.0,4354.0,6844.0,5327.0,6965.0,6946.0,2934.0,3961.0,1981.0,12171.0,12307.0,13031.0,High (>100),0.0,0.0,0.0,0.0,85986.0,Yes,No,No,No,No,No,No,Rs. 5,Rs. 5,,,GT,,,No,65.0,<200 sqft,Micro Outlet,WEST BENGAL,Balance,yes,3606.3207,,,,2099.604,,3409.578,,,,274.2312,,,1845.0576,,,1509.0894,2362.8462,,,2080.8483,4744.2681,,,,,,21931.8435,1827.653625,15.58,12,East India,Retail,811.0,2842.0,6085.5,6955.5,2958.6666666666665,2.99,0.22,1.48,1.69,23.0,45.84,C,150.0,0.0,1,0.0,0.0,4139.99,2312.34,55.9,True,C+,297.0,0.0,1.0,0.0,0.0,0.0,0.0,0.0,0.0,1,1.0,5.0,5.0,,1.0,2,4,Urban Transit Impulse GT,"This cluster consists of small urban GT outlets like paan kiosks, dairies, and tea shops, often near transit points. They cater to on-the-move shoppers seeking quick, affordable impulse purchases, with no premium category sales.","Prioritize counter-top displays and visible merchandising for single-serve, grab-and-go beverage and snack SKUs. Introduce combo offers (e.g., beverage + snack) at Rs. 20-30 price points."
118772.0,2528278,Ahmadabad,2528278,Patel Pan,Retail,23.047503,72.638405,Gujarat,Ahmedabad,Ahmedabad City,Ahmedabad,Urban,Patalia,Cig / Paan Kiosk,Nisarg Services And Sales Pvt Ltd,4.06,0.17,0.28,5.11,0.97,0.03,1.69,0.61,0.1,0.1,0.1,0.1,0.1,0.1,29,136,244,2.0,4.0,5.0,9.0,25.0,134.0,108.0,478.0,788.0,552.0,717.0,701.0,280.0,295.0,147.0,493.0,1013.0,2776.0,High (>100),,,,,131274.0,Yes,No,No,No,No,No,No,Rs. 5,Rs. 5,,,GT,Urban,1.5,No,50.0,<200 sqft,Micro Outlet,GUJARAT,Ahmadabad,yes,,,109.0908,,5181.813,363.636,,,,,,,,,,,,,,,,2018.1798,,,,,,7672.7196,639.3933,3.5,12,GUJARAT,Retail,56.0,293.0,670.0,709.0,240.66666666666663,0.1,0.17,0.03,0.1,31.0,11.76,D,150.0,0.0,1,0.0,1.0,596.47,-42.93,-7.2,False,D,1420.0,0.0,1.0,0.0,0.0,0.0,0.0,0.0,0.0,1,1.0,5.0,5.0,,1.0,1,4,Urban Transit Impulse GT,"This cluster consists of small urban GT outlets like paan kiosks, dairies, and tea shops, often near transit points. They cater to on-the-move shoppers seeking quick, affordable impulse purchases, with no premium category sales.","Prioritize counter-top displays and visible merchandising for single-serve, grab-and-go beverage and snack SKUs. Introduce combo offers (e.g., beverage + snack) at Rs. 20-30 price points."
120021.0,2461588,,2461588,Prabhat Pan,Retail,25.071181,84.971995,Bihar,Jehanabad,Makhdumpur,Makhdumpur,Urban,Makhdumpur,Cig / Paan Kiosk,M/S Hari Om Agency-Rd,0.91,0.09,29.5,60.64,0.49,0.0,0.99,30.88,15.85,27.85,27.85,27.85,27.85,27.85,14.0,22.0,38.0,0.0,0.0,0.0,8.0,33.0,261.0,227.0,1508.0,2625.0,1556.0,2024.0,2054.0,942.0,1982.0,991.0,1338.0,2381.0,12599.0,High (>100),0.0,0.0,0.0,0.0,12888.0,Yes,No,No,No,No,No,No,Rs. 5,Rs. 5,,,GT,,,No,80.0,<200 sqft,Micro Outlet,BIHAR,Balance,yes,,,,,1672.7256,,5884.5031,,,,,,,,,,,,,,4117.3305,1463.6349,,,,,,13138.1941,1094.849508,7.08,12,East India,Retail,100.66666666666669,867.5,2090.5,2039.0,1305.0,27.85,0.09,0.0,15.85,14.0,25.68,D,150.0,0.0,1,0.0,0.0,1922.78,827.93,43.1,True,D+,973.0,0.0,1.0,0.0,0.0,0.0,0.0,0.0,0.0,1,1.0,5.0,5.0,,1.0,1,4,Urban Transit Impulse GT,"This cluster consists of small urban GT outlets like paan kiosks, dairies, and tea shops, often near transit points. They cater to on-the-move shoppers seeking quick, affordable impulse purchases, with no premium category sales.","Prioritize counter-top displays and visible merchandising for single-serve, grab-and-go beverage and snack SKUs. Introduce combo offers (e.g., beverage + snack) at Rs. 20-30 price points."
100629.0,S01379219,Kolkata,S01379219,D Mohanti Pan,Retail,22.539908,88.361675,West Bengal,Kolkata,Kolkata,Kolkata,Urban,Karaya,Cig / Paan Kiosk,Binoy Trading Company,3.48,0.06,0.49,0.48,0.49,0.31,1.29,0.45,0.06,0.15,0.06,0.07,0.06,0.06,26,120,239,8.0,30.0,52.0,287.0,260.0,257.0,599.0,572.0,621.0,643.0,581.0,452.0,173.0,70.0,129.0,731.0,1073.0,2094.0,High (>100),0.0,0.0,0.0,0.0,259823.0,Yes,No,No,No,No,No,No,Rs. 5,Rs. 5,,,GT,Urban,1.5,No,45.0,<200 sqft,Micro Outlet,WEST BENGAL,Kolkata,yes,90.909,,,,199.9998,45.4545,270.478,,,,,,,,,,,109.0908,,,68.808,554.5449,,,,,,1339.285,121.753182,11.55,11,East India,Retail,268.0,585.5,632.0,516.5,124.0,0.06,0.06,0.31,0.06,34.0,0.98,D,150.0,0.0,1,0.0,1.0,2889.3,2767.55,95.8,True,D+,85.0,0.0,1.0,0.0,0.0,0.0,0.0,0.0,0.0,1,1.0,5.0,5.0,,1.0,1,4,Urban Transit Impulse GT,"This cluster consists of small urban GT outlets like paan kiosks, dairies, and tea shops, often near transit points. They cater to on-the-move shoppers seeking quick, affordable impulse purchases, with no premium category sales.","Prioritize counter-top displays and visible merchandising for single-serve, grab-and-go beverage and snack SKUs. Introduce combo offers (e.g., beverage + snack) at Rs. 20-30 price points."
116045.0,2329738,Thane,2329738,Trisha Icecream,Retail,19.224443,73.164137,Maharashtra,Thane,Ulhasnagar,Ulhasnagar,Urban,Ramayan Nagar IV,Ice Cream Parlour (Stand-alone),Usha Enterprises,7.02,0.08,0.39,5.1,0.21,21.48,0.73,0.09,0.04,0.04,0.04,0.04,0.04,0.04,29,99,190,10.0,17.0,26.0,204.0,297.0,305.0,548.0,682.0,1026.0,1286.0,1359.0,1280.0,145.0,102.0,367.0,1223.0,2029.0,3360.0,High (>100),258.0,144.0,162.0,21.0,369708.0,No,No,No,No,No,No,No,,,,,GT,,,Yes,110.0,<200 sqft,Micro Outlet,MAHARASHTRA,Pune,yes,,,672.7266,,2672.7246,90.909,750.0075,,,,,,,,,,,327.2724,,,800.008,9645.4449,,,,,,14959.093,1359.917545,9.45,11,MAHARASHTRA,Retail,268.6666666666667,615.0,1156.0,1319.5,204.66666666666663,0.04,0.08,0.73,0.04,39.0,33.76,C,150.0,1.0,1,0.0,0.0,2707.16,1347.24,49.8,True,C+,738.0,1.0,0.0,0.0,0.0,0.0,0.0,0.0,0.0,1,1.0,,,,1.0,2,4,Urban Transit Impulse GT,"This cluster consists of small urban GT outlets like paan kiosks, dairies, and tea shops, often near transit points. They cater to on-the-move shoppers seeking quick, affordable impulse purchases, with no premium category sales.","Prioritize counter-top displays and visible merchandising for single-serve, grab-and-go beverage and snack SKUs. Introduce combo offers (e.g., beverage + snack) at Rs. 20-30 price points."
106367.0,2736281,Rajkot,2736281,Govradhn Pan,Retail,22.2512233,70.790752,Gujarat,Rajkot,Rajkot,Rajkot,Urban,Jasraj Nagar,Cig / Paan Kiosk,Hetal Enterprise,7.12,0.22,1.28,1.0,1.2,4.33,3.39,0.81,0.29,0.72,0.29,0.29,0.29,0.29,15,61,150,1.0,6.0,8.0,73.0,64.0,77.0,139.0,176.0,279.0,286.0,537.0,508.0,168.0,155.0,60.0,465.0,771.0,1023.0,Low (<30),,,,,187621.0,Yes,No,No,No,No,No,No,Rs. 5,Rs. 5,,,GT,Urban,0.1,No,50.0,<200 sqft,Micro Outlet,GUJARAT,Rajkot,yes,,,,,6890.9022,,,,,,,,,,,,,,,,,,,,,,,6890.9022,765.6558,1.0,9,GUJARAT,Retail,71.33333333333333,157.5,282.5,522.5,127.66666666666669,0.29,0.22,3.39,0.29,16.0,15.64,D,15.0,0.0,1,0.0,1.0,0.0,-765.66,,False,D,1497.0,0.0,1.0,0.0,0.0,0.0,0.0,0.0,0.0,1,1.0,5.0,5.0,,1.0,1,4,Urban Transit Impulse GT,"This cluster consists of small urban GT outlets like paan kiosks, dairies, and tea shops, often near transit points. They cater to on-the-move shoppers seeking quick, affordable impulse purchases, with no premium category sales.","Prioritize counter-top displays and visible merchandising for single-serve, grab-and-go beverage and snack SKUs. Introduce combo offers (e.g., beverage + snack) at Rs. 20-30 price points."
121629.0,2424113,Meerut,2424113,Kitto Tea Stall,Retail,28.966527,77.735297,Uttar Pradesh,Meerut,Meerut,Meerut,Urban,New Prabhat Nagar,Tea Shop (Hot),Shyam Ji Brothers-Tt,5.24,0.22,0.24,9.34,0.32,0.58,6.03,0.67,0.65,0.67,0.67,0.67,0.67,0.65,9,53,127,3.0,12.0,29.0,262.0,182.0,230.0,360.0,330.0,507.0,396.0,324.0,307.0,63.0,60.0,21.0,362.0,730.0,1576.0,High (>100),22.0,34.0,20.0,4.0,127456.0,No,Yes,No,No,No,No,No,Rs. 5,,Rs. 5,,GT,Urban,0.8,No,90.0,<200 sqft,Micro Outlet,UTTAR PRADESH,Meerut,yes,127.2726,,,,15097.6163,272.727,321.4296,,,,,,,36.3636,,,18.1818,5436.3582,,,1571.4336,44263.2034,,,,,,67144.5861,5595.382175,9.92,12,UTTAR PRADESH,Retail,224.66666666666663,345.0,451.5,315.5,48.0,0.65,0.22,0.58,0.65,12.0,84.64,A,150.0,0.0,1,0.0,1.0,2668.92,-2926.46,-109.6,False,A,618.0,0.0,0.0,1.0,0.0,0.0,0.0,0.0,0.0,1,1.0,5.0,,5.0,1.0,4,4,Urban Transit Impulse GT,"This cluster consists of small urban GT outlets like paan kiosks, dairies, and tea shops, often near transit points. They cater to on-the-move shoppers seeking quick, affordable impulse purchases, with no premium category sales.","Prioritize counter-top displays and visible merchandising for single-serve, grab-and-go beverage and snack SKUs. Introduce combo offers (e.g., beverage + snack) at Rs. 20-30 price points."
117846.0,2596797,Indore,2596797,Ram Tea Stall,Retail,22.74722,75.846908,Madhya Pradesh,Indore,Indore,Indore,Urban,Maharana Pratap Nagar,Tea Shop (Hot),Krystal Impex,4.0,0.1,0.87,3.67,1.37,0.3,0.99,3.25,1.48,3.25,1.62,2.31,1.54,1.48,46,128,253,2.0,3.0,14.0,38.0,67.0,72.0,116.0,203.0,283.0,323.0,582.0,516.0,168.0,178.0,125.0,329.0,669.0,1420.0,Medium (30 to 100),122.0,0.0,0.0,0.0,159134.0,No,Yes,No,No,No,No,No,Rs. 5,,Rs. 5,,GT,Urban,0.6,No,95.0,<200 sqft,Micro Outlet,MADHYA PRADESH,Indore,yes,872.7264,,181.818,,654.5448,181.818,68.808,272.727,,,55.0464,,,,,,509.0904,218.1816,,,467.8944,945.4536,,,,,,4428.1086,2214.0543,11.75,2,MADHYA PRADESH,Retail,59.0,159.5,303.0,549.0,157.0,1.48,0.1,0.3,1.48,48.0,54.1,C,,0.0,1,0.0,1.0,2768.15,554.09,20.0,True,C+,1096.0,0.0,0.0,1.0,0.0,0.0,0.0,0.0,0.0,1,1.0,5.0,,5.0,1.0,2,4,Urban Transit Impulse GT,"This cluster consists of small urban GT outlets like paan kiosks, dairies, and tea shops, often near transit points. They cater to on-the-move shoppers seeking quick, affordable impulse purchases, with no premium category sales.","Prioritize counter-top displays and visible merchandising for single-serve, grab-and-go beverage and snack SKUs. Introduce combo offers (e.g., beverage + snack) at Rs. 20-30 price points."
116454.0,2389804,,2389804,Amar Hotel,Retail,18.501497,74.118695,Maharashtra,Pune,Haveli,Koregaon Mul,Rural,,S. Ind Restaurnt,Shree Gurudatta Enterprises,8.91,1.18,2.28,8.25,3.74,11.67,2.14,17.52,2.78,2.78,2.78,2.78,2.78,2.78,3,10,20,0.0,1.0,2.0,32.0,40.0,48.0,71.0,19.0,130.0,200.0,176.0,302.0,98.0,71.0,25.0,179.0,374.0,491.0,Low (<30),0.0,0.0,0.0,0.0,110139.0,No,No,No,No,No,No,No,,,,,Restaurants,,,Yes,180.0,<200 sqft,Micro Outlet,MAHARASHTRA,Balance,yes,,,,,5282.9998,309.0906,,,,,,,,,,,,90.909,,,,4897.23,,,,,,10580.2294,961.839036,7.0,11,MAHARASHTRA,Retail,40.0,45.0,165.0,239.0,64.66666666666667,2.78,1.18,2.14,2.78,3.0,21.54,D,15.0,1.0,1,0.0,0.0,2511.49,1549.65,61.7,True,D+,460.0,1.0,0.0,0.0,0.0,0.0,0.0,0.0,0.0,1,1.0,,,,0.0,1,4,Urban Transit Impulse GT,"This cluster consists of small urban GT outlets like paan kiosks, dairies, and tea shops, often near transit points. They cater to on-the-move shoppers seeking quick, affordable impulse purchases, with no premium category sales.","Prioritize counter-top displays and visible merchandising for single-serve, grab-and-go beverage and snack SKUs. Introduce combo offers (e.g., beverage + snack) at Rs. 20-30 price points."
121459.0,2815566,Mumbai,2815566,GUPTA SONS,Retail,19.04991333,72.926735,Maharashtra,Mumbai (Combined),Mumbai,Mumbai (Grtr),Urban,Anushakti Nagar (Chembur E.),,Excelencia,5.0,0.06,0.87,0.47,0.05,0.02,1.32,1.31,0.36,0.56,0.36,0.56,0.36,0.36,26,89,133,3.0,16.0,32.0,104.0,123.0,117.0,284.0,280.0,377.0,469.0,628.0,478.0,87.0,57.0,188.0,446.0,721.0,1592.0,High (>100),576.0,1473.0,423.0,118.0,225984.0,No,No,No,No,No,No,No,,,,,Others,Urban,1.7,No,120.0,<200 sqft,Micro Outlet,MAHARASHTRA,Mumbai,yes,,,,,,,913.6455,,,,,,,,,,,,,,1554.561,,,,,,,2468.2065,617.051625,5.25,4,MAHARASHTRA,Retail,114.66666666666669,282.0,423.0,553.0,110.66666666666669,0.36,0.06,0.02,0.36,29.0,11.1,D,150.0,0.0,1,0.0,1.0,1133.93,516.88,45.6,True,D+,1162.0,0.0,0.0,0.0,0.0,0.0,0.0,0.0,0.0,1,1.0,,,,1.0,1,4,Urban Transit Impulse GT,"This cluster consists of small urban GT outlets like paan kiosks, dairies, and tea shops, often near transit points. They cater to on-the-move shoppers seeking quick, affordable impulse purchases, with no premium category sales.","Prioritize counter-top displays and visible merchandising for single-serve, grab-and-go beverage and snack SKUs. Introduce combo offers (e.g., beverage + snack) at Rs. 20-30 price points."
121348.0,2337599,Chennai,2337599,Ap Shopping,Retail,12.99303,80.252152,Tamil Nadu,Chennai,Chennai,Chennai,Urban,Tharamani,,Eswari Enterprises-Tt,1.28,0.35,0.38,1.09,0.5,0.17,0.41,0.57,0.13,0.13,0.13,0.13,0.0,0.13,11,54,81,15.0,25.0,33.0,176.0,168.0,188.0,475.0,424.0,627.0,634.0,618.0,567.0,146.0,113.0,46.0,924.0,1473.0,1062.0,Medium (30 to 100),0.0,0.0,0.0,0.0,187201.0,No,No,No,No,No,No,No,,,,,Others,Urban,1.3,No,95.0,<200 sqft,Micro Outlet,TAMIL NADU,Chennai,yes,6709.0842,,1799.9982,,14672.7126,2090.907,8746.9995,836.3628,,,,163.6365,703.6362,,,,4018.1778,,,,9157.3455,16781.8014,,,,,,65680.6617,7297.8513,27.8,9,South India,Retail,177.33333333333334,449.5,630.5,592.5,101.66666666666669,0.0,0.35,0.17,0.13,26.0,89.48,A,,0.0,1,0.0,1.0,7720.77,422.92,5.5,True,A+,270.0,0.0,0.0,0.0,0.0,0.0,0.0,0.0,0.0,1,1.0,,,,1.0,4,4,Urban Transit Impulse GT,"This cluster consists of small urban GT outlets like paan kiosks, dairies, and tea shops, often near transit points. They cater to on-the-move shoppers seeking quick, affordable impulse purchases, with no premium category sales.","Prioritize counter-top displays and visible merchandising for single-serve, grab-and-go beverage and snack SKUs. Introduce combo offers (e.g., beverage + snack) at Rs. 20-30 price points."
121549.0,2403246,Jaipur,2403246,Kanha Restaurant,Retail,27.6040368,75.1831102,Rajasthan,Sikar,Sikar,Sikar,Urban,,QSRs (Ind) Stand-alone,Crazzy World Distributors,3.95,26.9,1.33,94.93,0.27,2.14,3.27,90.68,0.89,0.89,0.89,0.89,0.89,0.89,3,17,55,0.0,5.0,9.0,1672.0,2075.0,2282.0,3085.0,4879.0,5777.0,5342.0,7053.0,6311.0,1610.0,1717.0,3055.0,3491.0,7901.0,32017.0,Low (<30),0.0,0.0,0.0,0.0,142494.0,No,No,No,No,No,No,No,,,,,Restaurants,Periphery,0.6,Yes,285.0,200–300 sqft,Small Outlet,RAJASTHAN,Balance,yes,5363.631,,,,2145.4524,,,,,,,,,2090.907,,,4636.359,381.8178,,,68.808,1254.5442,,,,,,15941.5194,1449.229036,7.73,11,North India,Retail,2009.6666666666667,3982.0,5559.5,6682.0,2127.333333333333,0.89,1.33,2.14,0.89,3.0,36.28,C,15.0,1.0,1,0.0,0.0,2808.98,1359.75,48.4,True,C+,731.0,1.0,0.0,0.0,0.0,0.0,0.0,0.0,0.0,1,2.0,,,,1.0,2,4,Urban Transit Impulse GT,"This cluster consists of small urban GT outlets like paan kiosks, dairies, and tea shops, often near transit points. They cater to on-the-move shoppers seeking quick, affordable impulse purchases, with no premium category sales.","Prioritize counter-top displays and visible merchandising for single-serve, grab-and-go beverage and snack SKUs. Introduce combo offers (e.g., beverage + snack) at Rs. 20-30 price points."
121473.0,S00985371,Visakhapatnam,S00985371,Sri Durga Hotel,Retail,17.746389,83.318916,Andhra Pradesh,Visakhapatnam,Visakhapatnam (Urban),Visakhapatnam,Urban,Venkojipalem,S. Ind Restaurnt,Sri Vigneswara Agencies,2.29,0.13,0.65,2.19,1.03,0.0,4.06,0.55,0.17,0.17,0.17,0.17,0.17,0.17,23,74,164,5.0,116.0,209.0,251.0,206.0,251.0,454.0,402.0,613.0,525.0,451.0,367.0,120.0,70.0,118.0,791.0,1460.0,966.0,Medium (30 to 100),45.0,57.0,45.0,8.0,90769.0,No,No,No,No,No,No,No,,,,,Restaurants,Urban,2.4,Yes,100.0,<200 sqft,Micro Outlet,ANDHRA PRADESH,Balance,yes,763.6356,,,,4927.2678,1290.9078,6262.53,,,,,,,,,,1418.1804,,1963.6344,,5040.1245,8109.0828,,,,,,29775.3633,3308.3737,15.44,9,South India,Retail,236.0,428.0,569.0,409.0,102.66666666666669,0.17,0.13,0.0,0.17,28.0,69.18,B,,1.0,1,0.0,1.0,4403.39,1095.02,24.9,True,B+,497.0,1.0,0.0,0.0,0.0,0.0,0.0,0.0,0.0,1,1.0,,,,1.0,3,4,Urban Transit Impulse GT,"This cluster consists of small urban GT outlets like paan kiosks, dairies, and tea shops, often near transit points. They cater to on-the-move shoppers seeking quick, affordable impulse purchases, with no premium category sales.","Prioritize counter-top displays and visible merchandising for single-serve, grab-and-go beverage and snack SKUs. Introduce combo offers (e.g., beverage + snack) at Rs. 20-30 price points."
114123.0,1405146,,1405146,Vijay Pan Shop,Retail,31.233745,75.772558,Punjab,Kapurthala,Phagwara,Phagwara,Urban,Chahal Nagar,Cig / Paan Kiosk,Goutam Enterprises-Tt,3.17,0.12,0.1,19.38,1.23,38.13,1.95,1.94,0.71,1.94,1.94,1.94,0.71,0.71,5,22,38,3.0,6.0,7.0,43.0,33.0,41.0,52.0,57.0,92.0,96.0,93.0,96.0,8.0,9.0,2.0,82.0,173.0,321.0,Medium (30 to 100),0.0,0.0,0.0,0.0,262577.0,Yes,No,No,No,No,No,No,Rs. 5,Rs. 5,,,GT,,,No,45.0,<200 sqft,Micro Outlet,PUNJAB,Balance,yes,2036.3616,,,,936.3627,90.909,830.2832,181.818,0.0,,165.1392,,,854.5446,,1227.2715,963.6354,436.3632,1067.194,,481.656,1627.2711,,,,,,10898.8095,1089.88095,8.1,10,North India,Retail,39.0,54.5,94.0,94.5,6.333333333333333,0.71,0.1,1.95,0.71,8.0,25.38,D,,0.0,1,0.0,0.0,2034.41,944.53,46.4,True,D+,895.0,0.0,1.0,0.0,0.0,0.0,0.0,0.0,0.0,1,1.0,5.0,5.0,,1.0,1,4,Urban Transit Impulse GT,"This cluster consists of small urban GT outlets like paan kiosks, dairies, and tea shops, often near transit points. They cater to on-the-move shoppers seeking quick, affordable impulse purchases, with no premium category sales.","Prioritize counter-top displays and visible merchandising for single-serve, grab-and-go beverage and snack SKUs. Introduce combo offers (e.g., beverage + snack) at Rs. 20-30 price points."
103595.0,2449657,,2449657,Punam Pan,Retail,23.251418,69.67319,Gujarat,Kachchh,Bhuj,Bhuj,Urban,Lal Tekri,Cig / Paan Kiosk,R K Enterprise,50.01,0.22,0.47,51.94,96.46,122.25,1.68,106.39,0.72,0.72,0.72,0.72,0.72,0.72,21,42,63,4.0,14.0,20.0,182.0,205.0,247.0,315.0,375.0,535.0,481.0,530.0,544.0,145.0,105.0,152.0,802.0,1157.0,1939.0,Low (<30),,,,,274082.0,Yes,No,No,No,No,No,No,Rs. 5,Rs. 5,,,GT,,,No,60.0,<200 sqft,Micro Outlet,GUJARAT,Balance,yes,545.454,,,,11037.1456,,,,,,,,,,,,,218.1816,,,,3862.8447,,,,,,15663.6259,1305.302158,6.0,12,GUJARAT,Retail,211.3333333333333,345.0,508.0,537.0,134.0,0.72,0.22,1.68,0.72,25.0,32.3,C,15.0,0.0,1,0.0,0.0,1392.6,87.3,6.3,True,C+,1251.0,0.0,1.0,0.0,0.0,0.0,0.0,0.0,0.0,1,1.0,5.0,5.0,,1.0,2,4,Urban Transit Impulse GT,"This cluster consists of small urban GT outlets like paan kiosks, dairies, and tea shops, often near transit points. They cater to on-the-move shoppers seeking quick, affordable impulse purchases, with no premium category sales.","Prioritize counter-top displays and visible merchandising for single-serve, grab-and-go beverage and snack SKUs. Introduce combo offers (e.g., beverage + snack) at Rs. 20-30 price points."
121224.0,1467555,Cuttack,1467555,Litu Bt Shop,Retail,20.458,85.884034,Orissa,Cuttack,Cuttack,Cuttack,Urban,Chhatra Bazar,Cig / Paan Kiosk,S. S. Associates,7.26,0.25,0.51,1.96,0.08,0.0,1.5,0.3,0.11,0.11,0.11,0.11,0.11,0.11,18,75,156,6.0,21.0,39.0,135.0,137.0,163.0,282.0,271.0,431.0,437.0,466.0,439.0,100.0,100.0,30.0,576.0,857.0,1154.0,Medium (30 to 100),78.0,65.0,14.0,1.0,224498.0,Yes,No,No,No,No,No,No,Rs. 5,Rs. 5,,,GT,Urban,2.4,No,55.0,<200 sqft,Micro Outlet,ORISSA,Balance,yes,743.0823,,,,2845.0565,,7782.1997,,,,,,,381.0273,,,562.0548,145.4544,,,7894.7605,3198.8112,,,,,,23552.4467,1962.703892,10.0,12,East India,Retail,145.0,276.5,434.0,452.5,76.66666666666667,0.11,0.25,0.0,0.11,24.0,49.02,C,,0.0,1,0.0,1.0,2543.71,581.01,22.8,True,C+,1083.0,0.0,1.0,0.0,0.0,0.0,0.0,0.0,0.0,1,1.0,5.0,5.0,,1.0,2,4,Urban Transit Impulse GT,"This cluster consists of small urban GT outlets like paan kiosks, dairies, and tea shops, often near transit points. They cater to on-the-move shoppers seeking quick, affordable impulse purchases, with no premium category sales.","Prioritize counter-top displays and visible merchandising for single-serve, grab-and-go beverage and snack SKUs. Introduce combo offers (e.g., beverage + snack) at Rs. 20-30 price points."
118091.0,2689498,,2689498,Amul Dairy,Retail,28.72293667,77.84456,Uttar Pradesh,Ghaziabad,Hapur,Simrauli,Rural,,Dairy str,Agarwal Traders-Tt,4.79,0.25,0.43,14.07,5.17,6.74,2.97,27.81,7.27,27.81,27.81,27.81,27.81,27.81,5,8,30,1.0,1.0,2.0,8.0,9.0,10.0,25.0,3.0,84.0,135.0,122.0,211.0,68.0,46.0,16.0,54.0,127.0,508.0,Low (<30),0.0,0.0,0.0,0.0,61211.0,No,No,No,No,No,No,No,,,,,GT,,,Yes,95.0,<200 sqft,Micro Outlet,UTTAR PRADESH,Balance,yes,5964.4327,,,,2113.6056,363.636,107.1432,,,,,,,,,,713.2326,90.909,,,482.1444,3545.451,,,,,,13380.5545,1672.569313,3.38,8,UTTAR PRADESH,Retail,9.0,14.0,109.5,166.5,43.333333333333336,27.81,0.25,2.97,7.27,6.0,42.08,C,15.0,1.0,1,0.0,0.0,1246.3,-426.27,-34.2,False,C,1392.0,1.0,0.0,0.0,0.0,0.0,0.0,0.0,0.0,1,1.0,,,,0.0,2,4,Urban Transit Impulse GT,"This cluster consists of small urban GT outlets like paan kiosks, dairies, and tea shops, often near transit points. They cater to on-the-move shoppers seeking quick, affordable impulse purchases, with no premium category sales.","Prioritize counter-top displays and visible merchandising for single-serve, grab-and-go beverage and snack SKUs. Introduce combo offers (e.g., beverage + snack) at Rs. 20-30 price points."
115470.0,2326765,Ahmadabad,2326765,Hemat Pan,Retail,23.00496,72.595008,Gujarat,Ahmedabad,Ahmedabad City,Ahmedabad,Urban,Kankaria,Cig / Paan Kiosk,Netlink Systems-Ahmedabad,6.97,0.08,0.46,4.29,2.06,0.26,1.31,0.97,0.12,0.12,0.12,0.12,0.12,0.12,32,128,235,5.0,14.0,41.0,20.0,49.0,267.0,198.0,905.0,1500.0,997.0,1287.0,1214.0,488.0,516.0,258.0,1141.0,1983.0,3600.0,High (>100),,,,,147058.0,Yes,No,No,No,No,No,No,Rs. 5,Rs. 5,,,GT,Urban,1.8,No,45.0,<200 sqft,Micro Outlet,GUJARAT,Ahmadabad,yes,,,,,8717.7792,,,,,,,,,,,,,,,,2136.1857,6681.4176,,,,,,17535.3825,1753.53825,4.2,10,GUJARAT,Retail,112.0,551.5,1248.5,1250.5,420.6666666666667,0.12,0.08,0.26,0.12,37.0,44.08,C,150.0,0.0,1,0.0,1.0,727.32,-1026.22,-141.1,False,C,1466.0,0.0,1.0,0.0,0.0,0.0,0.0,0.0,0.0,1,1.0,5.0,5.0,,1.0,2,4,Urban Transit Impulse GT,"This cluster consists of small urban GT outlets like paan kiosks, dairies, and tea shops, often near transit points. They cater to on-the-move shoppers seeking quick, affordable impulse purchases, with no premium category sales.","Prioritize counter-top displays and visible merchandising for single-serve, grab-and-go beverage and snack SKUs. Introduce combo offers (e.g., beverage + snack) at Rs. 20-30 price points."
119460.0,2331586,,2331586,Dnyaneshwar Pan,Retail,18.627205,74.03397,Maharashtra,Pune,Haveli,Loni-Kand,Rural,,Cig / Paan Kiosk,Sadguru Enterprises,10.05,0.2,3.72,11.74,2.42,4.8,14.36,12.93,6.46,6.46,6.46,6.46,6.46,6.46,3,7,12,0.0,0.0,0.0,37.0,47.0,58.0,74.0,12.0,209.0,332.0,329.0,532.0,189.0,144.0,52.0,331.0,572.0,812.0,Low (<30),84.0,31.0,25.0,3.0,93817.0,Yes,No,No,No,No,No,No,Rs. 5,Rs. 5,,,GT,,,No,45.0,<200 sqft,Micro Outlet,MAHARASHTRA,Balance,yes,90.909,,,,1818.18,527.2722,204.5475,,,,,,,,,,1272.726,,,,681.825,4299.9957,,,,,,8895.4554,1482.5759,8.83,6,MAHARASHTRA,Retail,47.333333333333336,43.0,270.5,430.5,128.33333333333334,6.46,0.2,4.8,6.46,3.0,37.16,C,15.0,0.0,1,0.0,0.0,2370.14,887.57,37.4,True,C+,958.0,0.0,1.0,0.0,0.0,0.0,0.0,0.0,0.0,1,1.0,5.0,5.0,,0.0,2,4,Urban Transit Impulse GT,"This cluster consists of small urban GT outlets like paan kiosks, dairies, and tea shops, often near transit points. They cater to on-the-move shoppers seeking quick, affordable impulse purchases, with no premium category sales.","Prioritize counter-top displays and visible merchandising for single-serve, grab-and-go beverage and snack SKUs. Introduce combo offers (e.g., beverage + snack) at Rs. 20-30 price points."
119670.0,S00758106,Pune,S00758106,Manjusha Food Products -R,Retail,18.474114,73.821123,Maharashtra,Pune,Pune City,Pune,Urban,Vitthalwadi,QSRs (Ind) Stand-alone,Agneev Foods,6.08,0.3,1.39,1.81,0.28,0.1,7.25,1.32,0.04,0.04,0.04,0.04,0.04,0.04,7,41,83,0.0,34.0,56.0,186.0,190.0,239.0,468.0,469.0,800.0,768.0,553.0,556.0,165.0,89.0,30.0,1254.0,1358.0,1242.0,High (>100),59.0,62.0,59.0,33.0,322260.0,No,No,No,No,No,No,No,,,,,Restaurants,Urban,0.7,Yes,140.0,<200 sqft,Micro Outlet,MAHARASHTRA,Pune,yes,24529.62,,,,,,,5067.189,,,,2836.366,4143.6354,2232.4089,,,29869.536,,,,,,,,,,,68678.7553,5723.229608,19.42,12,MAHARASHTRA,Retail,205.0,468.5,784.0,554.5,94.66666666666669,0.04,0.3,0.1,0.04,7.0,85.08,A,150.0,1.0,1,0.0,1.0,5800.24,77.01,1.3,True,A+,308.0,1.0,0.0,0.0,0.0,0.0,0.0,0.0,0.0,1,1.0,,,,1.0,4,4,Urban Transit Impulse GT,"This cluster consists of small urban GT outlets like paan kiosks, dairies, and tea shops, often near transit points. They cater to on-the-move shoppers seeking quick, affordable impulse purchases, with no premium category sales.","Prioritize counter-top displays and visible merchandising for single-serve, grab-and-go beverage and snack SKUs. Introduce combo offers (e.g., beverage + snack) at Rs. 20-30 price points."
116910.0,1942741,,1942741,Shiv Pan Parlour,Retail,23.246054,72.658689,Gujarat,Gandhinagar,Gandhinagar,Gandhinagar (Guj),Urban,Gandhinagar (Guj),Cig / Paan Kiosk,Dhanlaxmi Traders,4.05,0.08,3.59,17.48,16.33,16.83,3.16,7.79,1.9,7.61,7.61,7.61,7.61,7.61,20,56,74,0.0,0.0,0.0,1318.0,2263.0,3768.0,4094.0,5633.0,7687.0,4217.0,5444.0,5310.0,2115.0,2195.0,1097.0,7351.0,14651.0,21952.0,High (>100),,,,,162796.0,Yes,No,No,No,No,No,No,Rs. 5,Rs. 5,,,GT,,,No,50.0,<200 sqft,Micro Outlet,GUJARAT,Balance,yes,181.818,,,,7871.1412,199.9998,,,,,,,,,,,545.454,,,,,3772.3296,,,,,,12570.7426,1047.561883,5.92,12,GUJARAT,Retail,2449.6666666666665,4863.5,5952.0,5377.0,1802.3333333333333,7.61,0.08,3.16,1.9,20.0,24.34,D,150.0,0.0,1,0.0,0.0,1365.5,317.94,23.3,True,D+,1256.0,0.0,1.0,0.0,0.0,0.0,0.0,0.0,0.0,1,1.0,5.0,5.0,,1.0,1,4,Urban Transit Impulse GT,"This cluster consists of small urban GT outlets like paan kiosks, dairies, and tea shops, often near transit points. They cater to on-the-move shoppers seeking quick, affordable impulse purchases, with no premium category sales.","Prioritize counter-top displays and visible merchandising for single-serve, grab-and-go beverage and snack SKUs. Introduce combo offers (e.g., beverage + snack) at Rs. 20-30 price points."
119710.0,S01444325,Mysore,S01444325,Kneelaj Communication,Retail,12.324538,76.674037,Karnataka,Mysore,Mysore,Mysore,Urban,KEB Colony,Mob Accessories Str (Stand-alone),Sai Distributors,5.94,0.1,0.11,10.2,0.14,0.14,3.24,2.19,0.07,0.07,0.07,0.07,0.07,0.07,32,106,168,10.0,29.0,57.0,43.0,74.0,76.0,195.0,321.0,480.0,585.0,795.0,680.0,100.0,101.0,232.0,473.0,993.0,1888.0,Medium (30 to 100),144.0,39.0,6.0,1.0,81200.0,No,No,No,No,No,No,No,,,,,Others,Urban,1.7136,No,80.0,<200 sqft,Micro Outlet,KARNATAKA,Mysuru,yes,,,90.909,,1782.6094,,9263.655,,,,,,,,,,,,,,6366.447,6249.7994,,,,,,23753.4198,2159.4018,12.0,11,West India,Retail,64.33333333333333,258.0,532.5,737.5,144.33333333333334,0.07,0.1,0.14,0.07,42.0,52.84,C,,0.0,1,0.0,1.0,3057.53,898.13,29.4,True,C+,950.0,0.0,0.0,0.0,0.0,0.0,0.0,0.0,0.0,1,1.0,,,,1.0,2,4,Urban Transit Impulse GT,"This cluster consists of small urban GT outlets like paan kiosks, dairies, and tea shops, often near transit points. They cater to on-the-move shoppers seeking quick, affordable impulse purchases, with no premium category sales.","Prioritize counter-top displays and visible merchandising for single-serve, grab-and-go beverage and snack SKUs. Introduce combo offers (e.g., beverage + snack) at Rs. 20-30 price points."
115890.0,1801547,,1801547,Ranibala Food Conner,Retail,22.435007,88.539508,West Bengal,S. 24 Parganas,Bhangar - I,Sundia,Rural,,QSRs (Ind) Stand-alone,Saraswati Enterprise - Rd,2.34,0.01,2.76,16.82,5.72,14.23,5.67,14.64,6.73,10.73,10.73,10.73,10.73,10.73,4,15,35,0.0,0.0,2.0,1.0,2.0,2.0,17.0,8.0,20.0,29.0,36.0,49.0,33.0,36.0,14.0,55.0,75.0,99.0,Low (<30),0.0,0.0,0.0,0.0,126397.0,No,No,No,No,No,No,No,,,,,Restaurants,,,Yes,280.0,200–300 sqft,Small Outlet,WEST BENGAL,Kolkata,yes,6151.773,,,,24570.7332,2737.5478,40237.5884,,483.7944,,5713.3164,,,,,,1155.7302,7145.4474,2694.0704,,31904.6931,47612.2257,,,,,,170406.92,14200.576667,25.67,12,East India,Retail,1.6666666666666667,12.5,24.5,42.5,27.666666666666668,10.73,0.01,5.67,6.73,4.0,97.18,A,15.0,1.0,1,0.0,0.0,8127.05,-6073.53,-74.7,False,A,798.0,1.0,0.0,0.0,0.0,0.0,0.0,0.0,0.0,1,2.0,,,,0.0,4,4,Urban Transit Impulse GT,"This cluster consists of small urban GT outlets like paan kiosks, dairies, and tea shops, often near transit points. They cater to on-the-move shoppers seeking quick, affordable impulse purchases, with no premium category sales.","Prioritize counter-top displays and visible merchandising for single-serve, grab-and-go beverage and snack SKUs. Introduce combo offers (e.g., beverage + snack) at Rs. 20-30 price points."
116149.0,1749416,Kolkata,1749416,Bijay Pan,Retail,22.574998,88.332462,West Bengal,Haora,Haora unassignd,Haora,Urban,Choura Bustee,Cig / Paan Kiosk,Indrani Enterprise - Tt,1.36,0.1,1.05,1.17,1.48,1.19,1.31,0.42,0.19,0.19,0.19,0.19,0.19,0.19,37,111,217,0.0,5.0,23.0,356.0,391.0,392.0,821.0,770.0,955.0,1092.0,1290.0,968.0,344.0,222.0,523.0,1013.0,1578.0,4535.0,High (>100),0.0,0.0,0.0,0.0,124013.0,Yes,No,No,No,No,No,No,Rs. 5,Rs. 5,,,GT,Periphery,1.1,No,35.0,<200 sqft,Micro Outlet,WEST BENGAL,Kolkata,yes,,,,,6377.0694,,6602.8532,,,,673.3176,,,,,,,45.4545,,,6770.3013,6317.7816,,,,,,26786.7776,2232.231467,13.17,12,East India,Retail,379.6666666666667,795.5,1023.5,1129.0,363.0,0.19,0.1,1.19,0.19,37.0,54.4,C,150.0,0.0,1,0.0,0.0,3272.6,1040.37,31.8,True,C+,882.0,0.0,1.0,0.0,0.0,0.0,0.0,0.0,0.0,1,1.0,5.0,5.0,,1.0,2,4,Urban Transit Impulse GT,"This cluster consists of small urban GT outlets like paan kiosks, dairies, and tea shops, often near transit points. They cater to on-the-move shoppers seeking quick, affordable impulse purchases, with no premium category sales.","Prioritize counter-top displays and visible merchandising for single-serve, grab-and-go beverage and snack SKUs. Introduce combo offers (e.g., beverage + snack) at Rs. 20-30 price points."
116923.0,2391606,Delhi,2391606,Madan Pan,Retail,28.652782,77.194293,Delhi,Delhi,Delhi,Delhi,Urban,Karol Bagh,Cig / Paan Kiosk,Super Agencies,2.87,0.21,0.12,0.41,0.17,0.09,1.09,0.47,0.24,0.35,0.24,0.27,0.24,0.24,30,119,218,7.0,18.0,26.0,1308.0,695.0,866.0,1490.0,1076.0,1792.0,1910.0,1752.0,1667.0,481.0,196.0,184.0,2054.0,3568.0,5980.0,High (>100),9.0,136.0,1010.0,316.0,387718.0,Yes,No,No,No,No,No,No,Rs. 5,Rs. 5,,,GT,Urban,11.03499,Yes,55.0,<200 sqft,Micro Outlet,NEW DELHI,Delhi,yes,36.3636,,,,7167.9777,18.1818,,,,,,,,18.1818,,,36.3636,3895.2537,,,,11649.7914,,,,,,22822.1136,1901.8428,7.25,12,North India,Retail,956.3333333333334,1283.0,1851.0,1709.5,287.0,0.24,0.12,0.09,0.24,37.0,47.7,C,150.0,1.0,1,0.0,1.0,1964.12,62.27,3.2,True,C+,1262.0,1.0,1.0,0.0,0.0,0.0,0.0,0.0,0.0,1,1.0,5.0,5.0,,1.0,2,4,Urban Transit Impulse GT,"This cluster consists of small urban GT outlets like paan kiosks, dairies, and tea shops, often near transit points. They cater to on-the-move shoppers seeking quick, affordable impulse purchases, with no premium category sales.","Prioritize counter-top displays and visible merchandising for single-serve, grab-and-go beverage and snack SKUs. Introduce combo offers (e.g., beverage + snack) at Rs. 20-30 price points."
114398.0,1730838,,1730838,Kmc Agencies,Retail,10.85556,78.667373,Tamil Nadu,Tiruchirappalli,Srirangam,Kambarasampettai,Rural,,,Sri Vekkaliamman Agencies,1.95,0.2,0.97,10.63,2.36,2.75,2.37,2.44,2.26,2.41,2.26,2.41,0.0,2.26,1,5,31,2.0,2.0,6.0,32.0,24.0,17.0,63.0,10.0,176.0,279.0,208.0,415.0,113.0,86.0,31.0,301.0,402.0,488.0,Low (<30),96.0,68.0,17.0,1.0,151442.0,No,No,No,No,No,No,No,,,,,Others,,,No,100.0,<200 sqft,Micro Outlet,TAMIL NADU,Tiruchirappalli,yes,,,490.9086,,4231.2231,,5935.8015,,,,,1145.4555,,,,,,,,,4071.0105,9526.0815,,,,,,25400.4807,2822.275633,17.33,9,South India,Retail,24.33333333333333,36.5,227.5,311.5,76.66666666666667,0.0,0.2,2.37,2.26,3.0,63.52,B,15.0,0.0,1,0.0,0.0,4964.08,2141.81,43.1,True,B+,257.0,0.0,0.0,0.0,0.0,0.0,0.0,0.0,0.0,1,1.0,,,,0.0,3,4,Urban Transit Impulse GT,"This cluster consists of small urban GT outlets like paan kiosks, dairies, and tea shops, often near transit points. They cater to on-the-move shoppers seeking quick, affordable impulse purchases, with no premium category sales.","Prioritize counter-top displays and visible merchandising for single-serve, grab-and-go beverage and snack SKUs. Introduce combo offers (e.g., beverage + snack) at Rs. 20-30 price points."
117291.0,2479987,Ahmadabad,2479987,Patel Parlor,Retail,23.238068,72.480317,Gujarat,Gandhinagar,Kalol,Kalol (Gandhinagar distt),Urban,N'brhd No. 6,Dairy str,Khodiyar Sales Agency,9.52,0.7,16.51,7.5,1.7,15.26,2.44,17.48,2.64,13.63,13.63,13.63,13.63,13.63,8,38,61,0.0,0.0,0.0,23.0,21.0,26.0,42.0,47.0,81.0,89.0,104.0,102.0,20.0,21.0,35.0,103.0,160.0,283.0,Low (<30),,,,,212134.0,No,No,No,No,No,No,No,,,,,GT,Periphery,12.0,Yes,105.0,<200 sqft,Micro Outlet,GUJARAT,Ahmadabad,yes,,,,,12633.1946,442.689,,,,,,,,,,,,,,,754.553,1109.0898,,,,,,14939.5264,1244.960533,4.25,12,GUJARAT,Retail,23.33333333333333,44.5,85.0,103.0,25.33333333333333,13.63,0.7,2.44,2.64,8.0,30.4,C,15.0,1.0,1,0.0,0.0,1394.13,149.17,10.7,True,C+,1230.0,1.0,0.0,0.0,0.0,0.0,0.0,0.0,0.0,1,1.0,,,,1.0,2,4,Urban Transit Impulse GT,"This cluster consists of small urban GT outlets like paan kiosks, dairies, and tea shops, often near transit points. They cater to on-the-move shoppers seeking quick, affordable impulse purchases, with no premium category sales.","Prioritize counter-top displays and visible merchandising for single-serve, grab-and-go beverage and snack SKUs. Introduce combo offers (e.g., beverage + snack) at Rs. 20-30 price points."
121018.0,1375982,,1375982,Sandeep Dairy,Retail,30.279192,78.072768,Uttaranchal,Dehradun,Dehradun,Mohkam Pur Kala,Rural,,Dairy str,Kalahanu Bothra Exim P.Ltd-Sdp,6.48,0.85,2.77,4.76,1.35,0.0,3.09,5.44,2.1,2.68,2.68,2.68,2.1,2.1,7,28,88,0.0,0.0,0.0,9.0,6.0,3.0,11.0,3.0,18.0,27.0,16.0,38.0,8.0,5.0,2.0,19.0,40.0,78.0,Low (<30),0.0,0.0,0.0,0.0,186501.0,No,No,No,No,No,No,No,,,,,GT,,,Yes,100.0,<200 sqft,Micro Outlet,UTTARANCHAL,Dehradun,yes,26685.4467,,,,14226.8802,,1376.16,1898.0226,,,,,,14137.5384,,,17676.2936,2345.4522,,,,18592.4817,,,,,,96938.2754,8812.570491,16.36,11,North India,Retail,6.0,7.0,22.5,27.0,5.0,2.1,0.85,0.0,2.1,7.0,92.54,A,15.0,1.0,1,0.0,0.0,4970.08,-3842.49,-77.3,False,A,682.0,1.0,0.0,0.0,0.0,0.0,0.0,0.0,0.0,1,1.0,,,,0.0,4,4,Urban Transit Impulse GT,"This cluster consists of small urban GT outlets like paan kiosks, dairies, and tea shops, often near transit points. They cater to on-the-move shoppers seeking quick, affordable impulse purchases, with no premium category sales.","Prioritize counter-top displays and visible merchandising for single-serve, grab-and-go beverage and snack SKUs. Introduce combo offers (e.g., beverage + snack) at Rs. 20-30 price points."
117070.0,2486429,,2486429,Anish Pan,Retail,20.896963,70.404815,Gujarat,Junagadh,Patan-Veraval,Veraval,Urban,Veraval,Cig / Paan Kiosk,Saurabh Sales Agency,11.53,2.06,7.17,5.66,21.12,93.5,0.33,93.04,0.88,0.88,0.88,0.88,0.88,0.88,20,27,42,0.0,0.0,0.0,110.0,272.0,1254.0,986.0,3764.0,6073.0,4318.0,5433.0,4231.0,1775.0,1990.0,995.0,3693.0,7313.0,21902.0,High (>100),,,,,142213.0,Yes,No,No,No,No,No,No,Rs. 5,Rs. 5,,,GT,,,Yes,60.0,<200 sqft,Micro Outlet,GUJARAT,Balance,yes,,,,,3511.4612,,477.2775,,,,,,,,,,,618.1812,,,7318.255,1454.544,,,,,,13379.7189,1114.976575,6.0,12,GUJARAT,Retail,545.3333333333334,2375.0,5195.5,4832.0,1586.6666666666667,0.88,2.06,0.33,0.88,20.0,26.26,D,150.0,1.0,1,0.0,0.0,1690.81,575.83,34.1,True,D+,1136.0,1.0,1.0,0.0,0.0,0.0,0.0,0.0,0.0,1,1.0,5.0,5.0,,1.0,1,4,Urban Transit Impulse GT,"This cluster consists of small urban GT outlets like paan kiosks, dairies, and tea shops, often near transit points. They cater to on-the-move shoppers seeking quick, affordable impulse purchases, with no premium category sales.","Prioritize counter-top displays and visible merchandising for single-serve, grab-and-go beverage and snack SKUs. Introduce combo offers (e.g., beverage + snack) at Rs. 20-30 price points."
118101.0,2408579,,2408579,Annad Hotel,Retail,21.750934,72.080768,Gujarat,Bhavnagar,Bhavnagar,Vartej,Urban,Vartej,S. Ind Restaurnt,Moralidhar Sales,7.5,0.8,2.35,94.18,7.92,91.1,0.84,2.74,0.97,0.97,0.97,0.97,0.97,0.97,4,11,23,0.0,0.0,1.0,2.0,7.0,55.0,41.0,259.0,447.0,283.0,354.0,267.0,118.0,161.0,80.0,203.0,430.0,1597.0,High (>100),,,,,220776.0,No,No,No,No,No,No,No,,,,,Restaurants,,,Yes,155.0,<200 sqft,Micro Outlet,GUJARAT,Balance,yes,,,,,6309.0846,90.909,,,,,,,,,,,,,,,181.82,1599.9984,,,,,,8181.812,743.801091,3.73,11,GUJARAT,Retail,21.33333333333333,150.0,365.0,310.5,119.66666666666669,0.97,0.8,0.84,0.97,4.0,14.94,D,150.0,1.0,1,0.0,0.0,1355.23,611.43,45.1,True,D+,1113.0,1.0,0.0,0.0,0.0,0.0,0.0,0.0,0.0,1,1.0,,,,1.0,1,4,Urban Transit Impulse GT,"This cluster consists of small urban GT outlets like paan kiosks, dairies, and tea shops, often near transit points. They cater to on-the-move shoppers seeking quick, affordable impulse purchases, with no premium category sales.","Prioritize counter-top displays and visible merchandising for single-serve, grab-and-go beverage and snack SKUs. Introduce combo offers (e.g., beverage + snack) at Rs. 20-30 price points."
121920.0,S01098735,,S01098735,Lokhnath Tea House,Retail,22.517957,88.272557,West Bengal,S. 24 Parganas,Maheshtala unassignd,Maheshtala,Urban,Thandarpara,Tea Shop (Hot),Maa Tara Agency,3.3,0.21,1.0,2.41,0.56,1.91,0.72,1.02,0.07,0.07,0.07,0.07,0.07,0.07,11,48,115,0.0,2.0,3.0,59.0,99.0,76.0,126.0,272.0,206.0,279.0,453.0,334.0,135.0,120.0,403.0,648.0,618.0,931.0,Medium (30 to 100),0.0,0.0,0.0,0.0,97886.0,No,Yes,No,No,No,No,No,Rs. 5,,Rs. 5,,GT,,,No,85.0,<200 sqft,Micro Outlet,WEST BENGAL,Balance,yes,454.545,,,,1581.8166,90.909,1456.2839,,,,,,,,,,272.727,109.0908,,,772.7348,2109.0888,,,,,,6847.1959,684.71959,8.7,10,East India,Retail,78.0,199.0,242.5,393.5,219.3333333333333,0.07,0.21,0.72,0.07,11.0,13.18,D,,0.0,1,0.0,0.0,2252.64,1567.92,69.6,True,D+,447.0,0.0,0.0,1.0,0.0,0.0,0.0,0.0,0.0,1,1.0,5.0,,5.0,1.0,1,4,Urban Transit Impulse GT,"This cluster consists of small urban GT outlets like paan kiosks, dairies, and tea shops, often near transit points. They cater to on-the-move shoppers seeking quick, affordable impulse purchases, with no premium category sales.","Prioritize counter-top displays and visible merchandising for single-serve, grab-and-go beverage and snack SKUs. Introduce combo offers (e.g., beverage + snack) at Rs. 20-30 price points."
121733.0,1121688,Chandigarh,1121688,Verka Booth Twoseven Six,Retail,30.720677,76.798372,Chandigarh,Chandigarh,Chandigarh,Chandigarh,Urban,"Sec 27, 28 & 30",Dairy str,,,0.17,0.64,0.87,0.19,0.22,3.0,1.08,0.2,0.2,0.2,0.2,0.2,0.2,10,40,60,3.0,24.0,44.0,145.0,114.0,143.0,247.0,226.0,359.0,309.0,223.0,211.0,39.0,35.0,2.0,298.0,573.0,853.0,Low (<30),60.0,100.0,31.0,0.0,396779.0,No,No,No,No,No,No,No,,,,,GT,Urban,0.6,Yes,120.0,<200 sqft,Micro Outlet,PUNJAB,Balance,yes,14063.2275,,218.1816,,10663.2318,999.999,,1218.1806,,,,,,4188.1383,,,8202.3636,3558.8904,272.727,,,12531.6087,,,,,,55916.5485,4659.712375,22.42,12,North India,Retail,134.0,236.5,334.0,217.0,25.33333333333333,0.2,0.17,0.22,0.2,13.0,80.6,A,15.0,1.0,1,0.0,1.0,6592.38,1932.67,29.3,True,A+,99.0,1.0,0.0,0.0,0.0,0.0,0.0,0.0,0.0,1,1.0,,,,1.0,4,4,Urban Transit Impulse GT,"This cluster consists of small urban GT outlets like paan kiosks, dairies, and tea shops, often near transit points. They cater to on-the-move shoppers seeking quick, affordable impulse purchases, with no premium category sales.","Prioritize counter-top displays and visible merchandising for single-serve, grab-and-go beverage and snack SKUs. Introduce combo offers (e.g., beverage + snack) at Rs. 20-30 price points."
116375.0,1843733,Barddhaman,1843733,Maatara Tiffin Stall,Retail,23.225468,87.879807,West Bengal,Barddhaman,Barddhaman unassignd,Barddhaman,Urban,Ichlabad (E),S. Ind Restaurnt,Ma Sarbamangala Agency,4.42,0.49,0.95,70.21,0.05,31.58,2.93,26.3,2.2,26.3,26.3,26.3,26.3,26.3,13,58,105,0.0,5.0,15.0,66.0,122.0,130.0,222.0,333.0,417.0,353.0,406.0,381.0,101.0,126.0,59.0,797.0,774.0,809.0,High (>100),474.0,339.0,75.0,15.0,211662.0,No,No,No,No,No,No,No,,,,,Restaurants,Urban,0.5,Yes,250.0,200–300 sqft,Small Outlet,WEST BENGAL,Barddhaman,yes,109.0908,,,,99.6047,,503.7726,,,,54.546,,,,,,54.5454,135.9683,,,408.0596,453.7546,,,,,,1819.342,181.9342,6.9,10,East India,Retail,106.0,277.5,385.0,393.5,95.33333333333331,26.3,0.49,2.93,2.2,13.0,1.74,D,150.0,1.0,1,0.0,1.0,2412.43,2230.49,92.5,True,D+,183.0,1.0,0.0,0.0,0.0,0.0,0.0,0.0,0.0,1,2.0,,,,1.0,1,4,Urban Transit Impulse GT,"This cluster consists of small urban GT outlets like paan kiosks, dairies, and tea shops, often near transit points. They cater to on-the-move shoppers seeking quick, affordable impulse purchases, with no premium category sales.","Prioritize counter-top displays and visible merchandising for single-serve, grab-and-go beverage and snack SKUs. Introduce combo offers (e.g., beverage + snack) at Rs. 20-30 price points."
121733.0,1367583,Chandigarh,1367583,Govt Central Craft Institut,AFH - Others,30.756144,76.784205,Chandigarh,Chandigarh,Chandigarh,Chandigarh,Urban,Sec 1 To 11,,,,0.47,0.11,2.17,0.4,0.21,6.95,1.37,0.3,0.3,0.3,0.3,0.3,0.3,4,11,36,13.0,28.0,45.0,43.0,29.0,36.0,68.0,54.0,86.0,81.0,58.0,54.0,11.0,9.0,1.0,86.0,159.0,172.0,Medium (30 to 100),45.0,68.0,18.0,2.0,414636.0,No,No,No,No,No,No,No,,,,,Others,Urban,1.5,No,145.0,<200 sqft,Micro Outlet,PUNJAB,Balance,yes,9595.245,,,,,,,,,,,,,,,,10832.06,,,,,,,,,,,20427.305,2553.413125,3.0,8,North India,OPSC21-AFH - Others,36.0,61.0,83.5,56.0,7.0,0.3,0.11,0.21,0.3,17.0,59.46,C,,0.0,1,0.0,1.0,774.92,-1778.5,-229.5,False,C,1496.0,0.0,0.0,0.0,0.0,0.0,0.0,0.0,0.0,1,1.0,,,,1.0,2,4,Urban Transit Impulse GT,"This cluster consists of small urban GT outlets like paan kiosks, dairies, and tea shops, often near transit points. They cater to on-the-move shoppers seeking quick, affordable impulse purchases, with no premium category sales.","Prioritize counter-top displays and visible merchandising for single-serve, grab-and-go beverage and snack SKUs. Introduce combo offers (e.g., beverage + snack) at Rs. 20-30 price points."
120635.0,1530558,Jamshedpur,1530558,Pradeep Pan Shop,Retail,22.794182,86.223282,Jharkhand,Purbi Singhbhum,Golmuri-Cum-Jugsalai,Jamshedpur,Urban,Jamshedpur,Cig / Paan Kiosk,Shree Maharaj Enterprises - Tt,1.14,0.27,2.7,112.63,1.41,0.0,3.69,4.57,2.55,4.57,4.57,4.57,4.57,4.57,23,57,115,0.0,0.0,1.0,3196.0,6011.0,10854.0,11761.0,17552.0,24270.0,14167.0,18137.0,16517.0,6654.0,6940.0,3470.0,25200.0,41073.0,78709.0,High (>100),107.0,61.0,44.0,12.0,126369.0,Yes,No,No,No,No,No,No,Rs. 5,Rs. 5,,,GT,,,No,75.0,<200 sqft,Micro Outlet,JHARKHAND,Jamshedpur,yes,109.0908,,,,3418.1784,,3485.9388,,,,54.546,,,,,,54.5454,636.363,,,1830.2098,6945.4476,,,,,,16534.3198,1837.146644,11.0,9,East India,Retail,6687.0,14656.5,19218.5,17327.0,5688.0,4.57,0.27,0.0,2.55,23.0,46.06,C,150.0,0.0,1,0.0,0.0,2805.64,968.5,34.5,True,C+,918.0,0.0,1.0,0.0,0.0,0.0,0.0,0.0,0.0,1,1.0,5.0,5.0,,1.0,2,4,Urban Transit Impulse GT,"This cluster consists of small urban GT outlets like paan kiosks, dairies, and tea shops, often near transit points. They cater to on-the-move shoppers seeking quick, affordable impulse purchases, with no premium category sales.","Prioritize counter-top displays and visible merchandising for single-serve, grab-and-go beverage and snack SKUs. Introduce combo offers (e.g., beverage + snack) at Rs. 20-30 price points."
119671.0,2332140,Mumbai,2332140,Samyakth Leasing Service Llp,Retail,19.057984,72.833261,Maharashtra,Mumbai (Combined),Mumbai,Mumbai (Grtr),Urban,Bandra E.,,Viren Marketing,2.52,0.06,0.22,1.18,0.21,0.21,0.85,0.28,0.22,0.28,0.28,0.28,0.28,0.28,28,70,129,24.0,45.0,58.0,545.0,410.0,432.0,986.0,649.0,960.0,1103.0,1131.0,939.0,245.0,89.0,122.0,1228.0,1747.0,2849.0,High (>100),124.0,363.0,285.0,223.0,373426.0,No,No,No,No,No,No,No,,,,,Others,Urban,0.9,No,75.0,<200 sqft,Micro Outlet,MAHARASHTRA,Mumbai,yes,,,,,,,,,,,,,,,,,,,,,,51272.676,,,,,,51272.676,6409.0845,2.0,8,MAHARASHTRA,Retail,462.3333333333333,817.5,1031.5,1035.0,152.0,0.28,0.06,0.21,0.22,52.0,87.38,A,150.0,0.0,1,0.0,1.0,159.16,-6249.92,-3926.8,False,A,804.0,0.0,0.0,0.0,0.0,0.0,0.0,0.0,0.0,1,1.0,,,,1.0,4,4,Urban Transit Impulse GT,"This cluster consists of small urban GT outlets like paan kiosks, dairies, and tea shops, often near transit points. They cater to on-the-move shoppers seeking quick, affordable impulse purchases, with no premium category sales.","Prioritize counter-top displays and visible merchandising for single-serve, grab-and-go beverage and snack SKUs. Introduce combo offers (e.g., beverage + snack) at Rs. 20-30 price points."
121527.0,S01221530,Patna,S01221530,Computer Care,Retail,25.62593,85.100507,Bihar,Patna,Patna Rural,Patna,Urban,Patel Nagar,,Kamla Trading - Tt,0.74,0.19,0.24,3.97,1.15,0.0,3.25,1.08,0.47,0.47,0.47,0.47,0.47,0.47,15,61,125,8.0,19.0,33.0,222.0,181.0,223.0,492.0,454.0,739.0,567.0,434.0,423.0,148.0,120.0,13.0,419.0,1046.0,2191.0,Low (<30),36.0,57.0,15.0,0.0,249364.0,No,No,No,No,No,No,No,,,,,Others,Urban,0.3,No,85.0,<200 sqft,Micro Outlet,BIHAR,Patna,yes,,,,,2040.3149,36.3636,3183.1905,,,,,,,,,45.4545,,427.2723,,,1168.8332,1890.1168,,,,,,8791.5458,732.628817,9.5,12,East India,Retail,208.66666666666663,473.0,653.0,428.5,93.66666666666669,0.47,0.19,0.0,0.47,23.0,14.64,D,15.0,0.0,1,0.0,1.0,2494.04,1761.41,70.6,True,D+,333.0,0.0,0.0,0.0,0.0,0.0,0.0,0.0,0.0,1,1.0,,,,1.0,1,4,Urban Transit Impulse GT,"This cluster consists of small urban GT outlets like paan kiosks, dairies, and tea shops, often near transit points. They cater to on-the-move shoppers seeking quick, affordable impulse purchases, with no premium category sales.","Prioritize counter-top displays and visible merchandising for single-serve, grab-and-go beverage and snack SKUs. Introduce combo offers (e.g., beverage + snack) at Rs. 20-30 price points."
106367.0,2654910,Rajkot,2654910,Shiv Shakti Dairy Farm,Retail,22.297444,70.819647,Gujarat,Rajkot,Rajkot,Rajkot,Urban,Randhir Nagar,Dairy str,Hetal Enterprise,3.41,0.12,0.31,1.88,1.23,9.54,2.51,0.39,0.39,0.39,0.39,0.39,0.39,0.39,44,121,189,5.0,20.0,68.0,151.0,120.0,141.0,177.0,254.0,409.0,495.0,929.0,890.0,332.0,301.0,121.0,510.0,1165.0,2241.0,Medium (30 to 100),,,,,166645.0,No,No,No,No,No,No,No,,,,,GT,Urban,1.0,Yes,90.0,<200 sqft,Micro Outlet,GUJARAT,Rajkot,yes,,,,,12366.7908,,,,,,,,,,,,,,,,6770.2185,2608.6944,,,,,,21745.7037,1812.141975,7.5,12,GUJARAT,Retail,137.33333333333334,215.5,452.0,909.5,251.3333333333333,0.39,0.12,2.51,0.39,49.0,45.36,C,,1.0,1,0.0,1.0,2020.46,208.32,10.3,True,C+,1212.0,1.0,0.0,0.0,0.0,0.0,0.0,0.0,0.0,1,1.0,,,,1.0,2,4,Urban Transit Impulse GT,"This cluster consists of small urban GT outlets like paan kiosks, dairies, and tea shops, often near transit points. They cater to on-the-move shoppers seeking quick, affordable impulse purchases, with no premium category sales.","Prioritize counter-top displays and visible merchandising for single-serve, grab-and-go beverage and snack SKUs. Introduce combo offers (e.g., beverage + snack) at Rs. 20-30 price points."
116045.0,1436772,Thane,1436772,Sony Ice Cream,Retail,19.229615,73.158357,Maharashtra,Thane,Ulhasnagar,Ulhasnagar,Urban,Ulhasnagar Municipal Corporation,Ice Cream Parlour (Stand-alone),Usha Enterprises,6.96,0.25,0.31,4.28,0.09,21.08,0.98,0.4,0.04,0.04,0.04,0.04,0.04,0.04,32,105,203,7.0,20.0,32.0,174.0,255.0,261.0,469.0,585.0,879.0,1103.0,1165.0,1097.0,125.0,88.0,313.0,1049.0,1740.0,2881.0,High (>100),135.0,141.0,150.0,81.0,369585.0,No,No,No,No,No,No,No,,,,,GT,,,Yes,140.0,<200 sqft,Micro Outlet,MAHARASHTRA,Pune,yes,3072.7242,,1111.4636,,12975.4872,1075.1,,2281.4208,,,,,,,,,1808.694,1299.6048,,,381.822,35143.8594,,,,,,59150.176,4929.181333,14.67,12,MAHARASHTRA,Retail,230.0,527.0,991.0,1131.0,175.33333333333334,0.04,0.25,0.98,0.04,39.0,82.0,A,150.0,1.0,1,0.0,0.0,4267.42,-661.77,-15.5,False,A,405.0,1.0,0.0,0.0,0.0,0.0,0.0,0.0,0.0,1,1.0,,,,1.0,4,4,Urban Transit Impulse GT,"This cluster consists of small urban GT outlets like paan kiosks, dairies, and tea shops, often near transit points. They cater to on-the-move shoppers seeking quick, affordable impulse purchases, with no premium category sales.","Prioritize counter-top displays and visible merchandising for single-serve, grab-and-go beverage and snack SKUs. Introduce combo offers (e.g., beverage + snack) at Rs. 20-30 price points."
120807.0,2630309,,2630309,Baghel Thaba Tea,Retail,26.930572,77.933093,Uttar Pradesh,Agra,Kheragarh,Saiyan,Rural,,Tea Shop (Hot),M/S Garima Agencies-Tt,3.24,1.09,8.81,30.54,9.78,7.72,0.57,26.42,23.13,23.13,23.13,23.13,23.13,23.13,3,16,32,0.0,0.0,0.0,11.0,16.0,20.0,71.0,13.0,181.0,286.0,312.0,474.0,214.0,226.0,89.0,109.0,192.0,1496.0,Low (<30),0.0,0.0,0.0,0.0,43221.0,No,Yes,No,No,No,No,No,Rs. 5,,Rs. 5,,GT,,,No,75.0,<200 sqft,Micro Outlet,UTTAR PRADESH,Balance,yes,2375.7619,,,,907.2372,381.8178,4718.3835,,,,548.7273,,,127.2726,,,904.8319,454.545,,,1735.9623,2562.8434,,,,,,14717.3829,1337.9439,10.27,11,UTTAR PRADESH,Retail,15.666666666666666,42.0,233.5,393.0,176.33333333333334,23.13,1.09,0.57,23.13,3.0,33.18,C,15.0,0.0,1,0.0,0.0,3080.26,1742.32,56.6,True,C+,524.0,0.0,0.0,1.0,0.0,0.0,0.0,0.0,0.0,1,1.0,5.0,,5.0,0.0,2,4,Urban Transit Impulse GT,"This cluster consists of small urban GT outlets like paan kiosks, dairies, and tea shops, often near transit points. They cater to on-the-move shoppers seeking quick, affordable impulse purchases, with no premium category sales.","Prioritize counter-top displays and visible merchandising for single-serve, grab-and-go beverage and snack SKUs. Introduce combo offers (e.g., beverage + snack) at Rs. 20-30 price points."
120955.0,1422139,Amritsar,1422139,Sartaj Dairy,Retail,31.673035,74.863927,Punjab,Amritsar,Amritsar - II,Amritsar,Urban,,Dairy Str (Stand-alone),K.R.V. Distribution Pvt.Ltd,5.44,0.04,2.04,9.57,1.72,3.75,4.44,0.74,0.24,0.74,0.74,0.74,0.24,0.24,8,29,71,0.0,0.0,4.0,49.0,29.0,38.0,60.0,53.0,84.0,71.0,57.0,55.0,9.0,9.0,2.0,74.0,144.0,245.0,Medium (30 to 100),75.0,95.0,10.0,0.0,17335.0,No,No,No,No,No,No,No,Rs. 5,,,,GT,Urban,0.33858,Yes,115.0,<200 sqft,Micro Outlet,PUNJAB,Amritsar,yes,2436.3612,,,,13945.4406,927.2718,,,,,,,,509.0904,,,199.9998,6581.8116,,,54.546,22436.3412,,,,,,47090.8626,3924.23855,16.17,12,North India,Retail,38.66666666666666,56.5,77.5,56.0,6.666666666666667,0.24,0.04,3.75,0.24,8.0,75.04,B,,1.0,1,0.0,1.0,4807.32,883.08,18.4,True,B+,536.0,1.0,0.0,0.0,0.0,0.0,0.0,0.0,0.0,1,1.0,5.0,,,1.0,3,4,Urban Transit Impulse GT,"This cluster consists of small urban GT outlets like paan kiosks, dairies, and tea shops, often near transit points. They cater to on-the-move shoppers seeking quick, affordable impulse purchases, with no premium category sales.","Prioritize counter-top displays and visible merchandising for single-serve, grab-and-go beverage and snack SKUs. Introduce combo offers (e.g., beverage + snack) at Rs. 20-30 price points."
118551.0,2681315,,2681315,Gaurav Book Depot,Retail,32.041212,75.666732,Punjab,Hoshiarpur,Mukerian,Badial,Rural,,Book Str,M/S Mahadev Trading Co-Tt,12.57,9.94,8.42,20.92,4.11,10.99,5.67,16.2,4.62,16.2,16.2,16.2,4.62,4.62,3,7,19,0.0,0.0,0.0,1.0,1.0,2.0,2.0,0.0,9.0,15.0,12.0,23.0,6.0,5.0,2.0,7.0,17.0,51.0,Low (<30),0.0,0.0,0.0,0.0,88312.0,No,No,No,No,No,No,No,,,,,Institutional ,,,No,95.0,<200 sqft,Micro Outlet,PUNJAB,Balance,yes,10603.1517,,181.818,,10090.899,1727.271,432.104,5446.635,,,,,,2163.6342,,,9351.7695,3144.661,391.3047,,319.019,16573.1072,,,,,,60425.3743,5493.215845,23.64,11,North India,Retail,1.3333333333333333,1.0,12.0,17.5,4.333333333333333,4.62,8.42,5.67,4.62,3.0,84.22,A,15.0,0.0,1,0.0,0.0,6799.52,1306.31,19.2,True,A+,160.0,0.0,0.0,0.0,0.0,0.0,0.0,0.0,0.0,1,1.0,,,,0.0,4,4,Urban Transit Impulse GT,"This cluster consists of small urban GT outlets like paan kiosks, dairies, and tea shops, often near transit points. They cater to on-the-move shoppers seeking quick, affordable impulse purchases, with no premium category sales.","Prioritize counter-top displays and visible merchandising for single-serve, grab-and-go beverage and snack SKUs. Introduce combo offers (e.g., beverage + snack) at Rs. 20-30 price points."
116255.0,2712862,,2712862,Patel Froot,Retail,21.101028,79.730813,Maharashtra,Bhandara,Bhandara,Koknagad,Rural,,Fruit / Veg Str,Nirmal Agency,10.07,1.19,5.66,68.11,4.12,513.8,17.63,65.85,10.89,59.02,58.94,58.94,58.94,58.94,2,3,16,0.0,0.0,0.0,0.0,0.0,0.0,0.0,0.0,11.0,18.0,15.0,28.0,29.0,20.0,9.0,15.0,40.0,61.0,Low (<30),0.0,0.0,0.0,0.0,47466.0,No,No,No,No,No,No,No,,,,,GT,,,No,360.0,300–600 sqft,Core Outlet,CHHATTISGARH,Balance,yes,2933.5941,,,,4745.4498,,2517.372,,,,,,,,,,705.1377,,,,2999.028,3745.4508,,,,,,17646.0324,1764.60324,9.2,10,East India,Retail,0.0,0.0,14.5,21.5,19.33333333333333,58.94,1.19,17.63,10.89,2.0,44.44,C,15.0,0.0,1,0.0,0.0,3311.99,1547.39,46.7,True,C+,618.0,0.0,0.0,0.0,0.0,0.0,0.0,0.0,0.0,1,,,,,0.0,2,4,Urban Transit Impulse GT,"This cluster consists of small urban GT outlets like paan kiosks, dairies, and tea shops, often near transit points. They cater to on-the-move shoppers seeking quick, affordable impulse purchases, with no premium category sales.","Prioritize counter-top displays and visible merchandising for single-serve, grab-and-go beverage and snack SKUs. Introduce combo offers (e.g., beverage + snack) at Rs. 20-30 price points."
112112.0,S01457860,Katihar,S01457860,Adarsh Hotel,Retail,25.556718,87.556726,Bihar,Katihar,Katihar,Katihar,Urban,MES Field,S. Ind Restaurnt,Shankar Traders,4.96,0.22,3.12,226.04,3.17,0.0,1.29,223.24,1.91,223.24,223.24,223.24,223.24,223.24,15,58,93,0.0,0.0,1.0,10.0,22.0,94.0,73.0,268.0,432.0,296.0,380.0,351.0,153.0,243.0,122.0,11075.0,18575.0,48661.0,High (>100),191.0,83.0,10.0,2.0,65463.0,No,No,No,No,No,No,No,,,,,Restaurants,Urban,1.5,Yes,200.0,200–300 sqft,Small Outlet,BIHAR,Katihar,yes,1472.7258,,,,9727.263,636.363,13261.68,,,,,,,418.1814,,,654.5448,1854.5436,,,14014.1895,11909.079,,,,,,53948.5701,4495.714175,16.92,12,East India,Retail,42.0,170.5,364.0,365.5,172.66666666666666,223.24,0.22,0.0,1.91,15.0,79.56,B,150.0,1.0,1,0.0,1.0,5183.95,688.23,13.3,True,B+,573.0,1.0,0.0,0.0,0.0,0.0,0.0,0.0,0.0,1,2.0,,,,1.0,3,4,Urban Transit Impulse GT,"This cluster consists of small urban GT outlets like paan kiosks, dairies, and tea shops, often near transit points. They cater to on-the-move shoppers seeking quick, affordable impulse purchases, with no premium category sales.","Prioritize counter-top displays and visible merchandising for single-serve, grab-and-go beverage and snack SKUs. Introduce combo offers (e.g., beverage + snack) at Rs. 20-30 price points."
114905.0,1563636,,1563636,Uday Tea Stall,AFH - Others,27.140297,78.095678,Uttar Pradesh,Agra,Agra,Mahua Khera,Rural,,Tea Shop (Hot),M/S Radha Krishan Agency-Tt,7.23,0.9,1.43,8.26,3.91,0.49,8.05,4.32,4.3,4.32,4.32,4.32,4.32,4.32,2,15,30,0.0,1.0,3.0,1.0,2.0,3.0,8.0,0.0,83.0,136.0,151.0,233.0,88.0,58.0,20.0,38.0,70.0,636.0,Low (<30),0.0,0.0,0.0,0.0,43366.0,No,Yes,No,No,No,No,No,Rs. 5,,Rs. 5,,GT,,,No,65.0,<200 sqft,Micro Outlet,UTTAR PRADESH,Agra,yes,15052.4755,,,,3399.0474,90.909,1080.3606,,,,383.9298,,,2981.8152,,,3245.3117,563.6358,,,504.4659,6648.2676,,,,,,33950.2185,3395.02185,11.9,10,UTTAR PRADESH,OPSC21-AFH - Others,2.0,4.0,109.5,192.0,55.333333333333336,4.32,0.9,0.49,4.3,2.0,70.1,B,15.0,0.0,1,0.0,0.0,3358.16,-36.87,-1.1,False,B,736.0,0.0,0.0,1.0,0.0,0.0,0.0,0.0,0.0,1,1.0,5.0,,5.0,0.0,3,4,Urban Transit Impulse GT,"This cluster consists of small urban GT outlets like paan kiosks, dairies, and tea shops, often near transit points. They cater to on-the-move shoppers seeking quick, affordable impulse purchases, with no premium category sales.","Prioritize counter-top displays and visible merchandising for single-serve, grab-and-go beverage and snack SKUs. Introduce combo offers (e.g., beverage + snack) at Rs. 20-30 price points."
120041.0,2498612,,2498612,Nrayan Pan,Retail,23.288779,82.351951,Chattisgarh,Koriya,Manendragarh,Sendha,Rural,,Cig / Paan Kiosk,Khan Agency - Rd,18.69,6.3,85.55,140.3,10.68,0.0,1.16,106.66,17.35,106.66,106.66,106.66,106.66,106.66,5,9,22,0.0,0.0,0.0,0.0,0.0,0.0,8.0,5.0,8.0,11.0,13.0,18.0,60.0,24.0,10.0,24.0,27.0,66.0,Low (<30),0.0,0.0,0.0,0.0,72497.0,Yes,No,No,No,No,No,No,Rs. 5,Rs. 5,,,GT,,,No,45.0,<200 sqft,Micro Outlet,CHHATTISGARH,Balance,yes,2490.9066,,,,3909.087,,405.3835,54.5454,,,,,,272.727,,,1109.0898,927.2718,327.2724,,245.874,2981.8152,,,,,,12723.9727,1156.724791,7.45,11,East India,Retail,0.0,6.5,9.5,15.5,31.33333333333333,106.66,6.3,0.0,17.35,5.0,27.48,D,15.0,0.0,1,0.0,0.0,2143.24,986.51,46.0,True,D+,865.0,0.0,1.0,0.0,0.0,0.0,0.0,0.0,0.0,1,1.0,5.0,5.0,,0.0,1,4,Urban Transit Impulse GT,"This cluster consists of small urban GT outlets like paan kiosks, dairies, and tea shops, often near transit points. They cater to on-the-move shoppers seeking quick, affordable impulse purchases, with no premium category sales.","Prioritize counter-top displays and visible merchandising for single-serve, grab-and-go beverage and snack SKUs. Introduce combo offers (e.g., beverage + snack) at Rs. 20-30 price points."
115803.0,2247914,,2247914,Ayushi Tea Stall,Retail,22.827645,88.380437,West Bengal,N. 24 Parganas,Bhatpara unassignd,Bhatpara,Urban,Shyamnagar Railway Station,Tea Shop (Hot),Souparna Enterprise-Tt,3.39,0.44,3.54,16.01,1.15,16.02,0.07,1.79,1.79,1.79,1.79,1.79,1.79,1.79,16,71,122,0.0,0.0,0.0,55.0,92.0,77.0,143.0,229.0,230.0,302.0,482.0,381.0,126.0,140.0,122.0,596.0,515.0,789.0,High (>100),0.0,0.0,0.0,0.0,168260.0,No,Yes,No,No,No,No,No,Rs. 5,,Rs. 5,,GT,,,No,100.0,<200 sqft,Micro Outlet,WEST BENGAL,Balance,yes,,,,,1552.9631,,1750.6424,,,,,,,,,,,299.2093,,,1278.5924,1543.8722,,,,,,6425.2794,584.116309,8.36,11,East India,Retail,74.66666666666667,186.0,266.0,431.5,129.33333333333334,1.79,0.44,0.07,1.79,16.0,10.26,D,150.0,0.0,1,0.0,0.0,2187.68,1603.56,73.3,True,D+,427.0,0.0,0.0,1.0,0.0,0.0,0.0,0.0,0.0,1,1.0,5.0,,5.0,1.0,1,4,Urban Transit Impulse GT,"This cluster consists of small urban GT outlets like paan kiosks, dairies, and tea shops, often near transit points. They cater to on-the-move shoppers seeking quick, affordable impulse purchases, with no premium category sales.","Prioritize counter-top displays and visible merchandising for single-serve, grab-and-go beverage and snack SKUs. Introduce combo offers (e.g., beverage + snack) at Rs. 20-30 price points."
120603.0,2302467,,2302467,Dosti CafÃ©,Retail,16.994903,73.312336,Maharashtra,Ratnagiri,Ratnagiri,Zadgaon,Rural,,Tea Shop (Hot),Sanchar Systems,2.82,0.12,0.4,97.53,0.59,106.55,4.96,102.33,2.16,99.49,99.49,99.49,99.49,99.49,8,29,47,3.0,9.0,12.0,100.0,83.0,67.0,140.0,43.0,227.0,344.0,257.0,495.0,139.0,104.0,37.0,448.0,590.0,626.0,Low (<30),0.0,0.0,0.0,0.0,136788.0,No,Yes,No,No,No,No,No,Rs. 5,,Rs. 5,,GT,,,No,80.0,<200 sqft,Micro Outlet,MAHARASHTRA,Balance,yes,,,454.545,,3181.815,909.09,,90.909,,,,,,,,,,,,,163.638,3563.6328,,,,,,8363.6298,1194.804257,9.29,7,MAHARASHTRA,Retail,83.33333333333333,91.5,285.5,376.0,93.33333333333331,99.49,0.12,4.96,2.16,11.0,28.66,D,15.0,0.0,1,0.0,0.0,2529.24,1334.44,52.8,True,D+,622.0,0.0,0.0,1.0,0.0,0.0,0.0,0.0,0.0,1,1.0,5.0,,5.0,0.0,1,4,Urban Transit Impulse GT,"This cluster consists of small urban GT outlets like paan kiosks, dairies, and tea shops, often near transit points. They cater to on-the-move shoppers seeking quick, affordable impulse purchases, with no premium category sales.","Prioritize counter-top displays and visible merchandising for single-serve, grab-and-go beverage and snack SKUs. Introduce combo offers (e.g., beverage + snack) at Rs. 20-30 price points."
120514.0,2700920,,2700920,Rambabu Tea Stall,Retail,30.587699,76.859002,Punjab,Patiala,Dera Bassi,Dera Bassi,Urban,Dera Bassi,Tea Shop (Hot),Shri Shyam Ji Sales-Tt,3.82,0.53,1.15,1.78,2.33,68.84,9.22,1.21,0.49,1.21,1.21,1.21,0.49,0.49,6,17,27,0.0,5.0,7.0,137.0,227.0,477.0,437.0,759.0,1077.0,652.0,829.0,716.0,265.0,196.0,98.0,1026.0,2085.0,2806.0,High (>100),62.0,45.0,24.0,8.0,134987.0,No,Yes,No,No,No,No,No,Rs. 5,,Rs. 5,,GT,,,No,70.0,<200 sqft,Micro Outlet,PUNJAB,Balance,yes,1709.0892,,90.909,,3836.3598,816.6028,1873.83,,,,,,,545.454,,,963.6354,763.6356,,,1053.6384,5563.6308,,,,,,17216.785,2152.098125,13.25,8,North India,Retail,280.3333333333333,598.0,864.5,772.5,186.3333333333333,0.49,0.53,9.22,0.49,6.0,52.68,C,150.0,0.0,1,0.0,0.0,3518.84,1366.75,38.8,True,C+,726.0,0.0,0.0,1.0,0.0,0.0,0.0,0.0,0.0,1,1.0,5.0,,5.0,1.0,2,4,Urban Transit Impulse GT,"This cluster consists of small urban GT outlets like paan kiosks, dairies, and tea shops, often near transit points. They cater to on-the-move shoppers seeking quick, affordable impulse purchases, with no premium category sales.","Prioritize counter-top displays and visible merchandising for single-serve, grab-and-go beverage and snack SKUs. Introduce combo offers (e.g., beverage + snack) at Rs. 20-30 price points."
116960.0,2781095,,2781095,Chandra Prakash,Retail,25.933388,83.566999,Uttar Pradesh,Mau,Maunath Bhanjan,Maunath Bhanjan,Urban,N'brhd No. 26,,Aditya Logistics Inc-Tt,1.99,0.13,0.45,87.64,1.11,0.35,0.7,88.17,0.78,81.65,81.65,81.65,81.65,81.65,8,42,74,2.0,8.0,11.0,34.0,43.0,44.0,81.0,145.0,155.0,136.0,189.0,155.0,45.0,55.0,77.0,74.0,175.0,835.0,High (>100),0.0,0.0,0.0,0.0,68383.0,No,No,No,No,No,No,No,,,,,Others,,,No,95.0,<200 sqft,Micro Outlet,UTTAR PRADESH,Balance,yes,1207.9041,,,,2446.639,490.9086,2530.341,90.909,,,535.716,,,,,,581.8176,109.0908,,,3034.4643,1709.0892,,,,,,12736.8796,1819.554229,12.71,7,UTTAR PRADESH,Retail,40.333333333333336,113.0,145.5,172.0,59.0,81.65,0.13,0.35,0.78,10.0,45.64,C,150.0,0.0,1,0.0,0.0,3393.82,1574.27,46.4,True,C+,604.0,0.0,0.0,0.0,0.0,0.0,0.0,0.0,0.0,1,1.0,,,,1.0,2,4,Urban Transit Impulse GT,"This cluster consists of small urban GT outlets like paan kiosks, dairies, and tea shops, often near transit points. They cater to on-the-move shoppers seeking quick, affordable impulse purchases, with no premium category sales.","Prioritize counter-top displays and visible merchandising for single-serve, grab-and-go beverage and snack SKUs. Introduce combo offers (e.g., beverage + snack) at Rs. 20-30 price points."
121255.0,2566459,,2566459,Abdul Gaffar Hotel,Retail,17.919242,77.522557,Karnataka,Bidar,Bidar,Bidar,Urban,Multani Colony (E),S. Ind Restaurnt,Ganesh Enterprises,1.47,0.12,0.29,0.3,0.44,0.25,1.12,68.17,0.03,0.15,0.03,0.03,0.03,0.03,47,125,193,27.0,52.0,84.0,77.0,110.0,104.0,190.0,279.0,312.0,361.0,519.0,498.0,91.0,126.0,198.0,278.0,512.0,1892.0,Low (<30),0.0,0.0,0.0,0.0,107501.0,No,No,No,No,No,No,No,,,,,Restaurants,,,Yes,120.0,<200 sqft,Micro Outlet,KARNATAKA,Balance,yes,4909.086,,,,9336.3543,,10939.1795,,,,,,312.7272,,,,,,,,9905.0579,11781.8064,,,,,,47184.2113,5242.690144,8.0,9,West India,Retail,97.0,234.5,336.5,508.5,138.33333333333334,0.03,0.12,0.25,0.03,74.0,83.12,A,15.0,1.0,1,0.0,0.0,2153.82,-3088.87,-143.4,False,A,628.0,1.0,0.0,0.0,0.0,0.0,0.0,0.0,0.0,1,1.0,,,,1.0,4,4,Urban Transit Impulse GT,"This cluster consists of small urban GT outlets like paan kiosks, dairies, and tea shops, often near transit points. They cater to on-the-move shoppers seeking quick, affordable impulse purchases, with no premium category sales.","Prioritize counter-top displays and visible merchandising for single-serve, grab-and-go beverage and snack SKUs. Introduce combo offers (e.g., beverage + snack) at Rs. 20-30 price points."
119671.0,2242449,Mumbai,2242449,Sugandha Pan Bidi,Retail,19.067437,72.848007,Maharashtra,Mumbai (Combined),Mumbai,Mumbai (Grtr),Urban,Bandra E.,Cig / Paan Kiosk,Karimah Enterprises,1.51,0.06,0.18,0.91,0.14,0.14,0.86,0.84,0.06,0.21,0.06,0.21,0.06,0.06,22,76,161,12.0,40.0,73.0,711.0,559.0,580.0,1301.0,899.0,1283.0,1472.0,1513.0,1228.0,361.0,119.0,178.0,1632.0,2409.0,4147.0,High (>100),990.0,356.0,100.0,57.0,373426.0,Yes,No,No,No,No,No,No,Rs. 5,Rs. 5,,,GT,Urban,2.3,No,50.0,<200 sqft,Micro Outlet,MAHARASHTRA,Mumbai,yes,,,1254.5442,,18160.4592,3559.6808,,,,,,,,,,,,722.5296,,,,29760.8493,,,,,,53458.0631,4454.838592,13.67,12,MAHARASHTRA,Retail,616.6666666666666,1100.0,1377.5,1370.5,219.3333333333333,0.06,0.06,0.14,0.06,34.0,79.26,B,150.0,0.0,1,0.0,1.0,3553.6,-901.24,-25.4,False,B,863.0,0.0,1.0,0.0,0.0,0.0,0.0,0.0,0.0,1,1.0,5.0,5.0,,1.0,3,4,Urban Transit Impulse GT,"This cluster consists of small urban GT outlets like paan kiosks, dairies, and tea shops, often near transit points. They cater to on-the-move shoppers seeking quick, affordable impulse purchases, with no premium category sales.","Prioritize counter-top displays and visible merchandising for single-serve, grab-and-go beverage and snack SKUs. Introduce combo offers (e.g., beverage + snack) at Rs. 20-30 price points."
116372.0,2594909,Mumbai,2594909,New Siddhivnayak Dairy,Retail,19.194913,72.847163,Maharashtra,Mumbai (Combined),Mumbai,Mumbai (Grtr),Urban,Malad W.,Dairy str,Manjushri Enterprise,2.69,0.23,0.23,0.95,0.38,0.26,0.88,0.55,0.13,0.39,0.39,0.39,0.39,0.2,25,94,208,19.0,32.0,60.0,588.0,523.0,539.0,1193.0,858.0,1194.0,1355.0,1314.0,1122.0,261.0,112.0,139.0,1744.0,2504.0,3326.0,High (>100),216.0,212.0,122.0,118.0,354960.0,No,No,No,No,No,No,No,,,,,GT,Urban,4.5,Yes,90.0,<200 sqft,Micro Outlet,MAHARASHTRA,Mumbai,yes,818.181,,181.818,,5870.3528,545.454,,,,,,,,,,,363.636,,,,,5434.7826,,,,,,13214.2244,1468.247156,8.44,9,MAHARASHTRA,Retail,550.0,1025.5,1274.5,1218.0,170.66666666666666,0.2,0.23,0.26,0.13,44.0,36.72,C,150.0,1.0,1,0.0,1.0,2363.85,895.6,37.9,True,C+,953.0,1.0,0.0,0.0,0.0,0.0,0.0,0.0,0.0,1,1.0,,,,1.0,2,4,Urban Transit Impulse GT,"This cluster consists of small urban GT outlets like paan kiosks, dairies, and tea shops, often near transit points. They cater to on-the-move shoppers seeking quick, affordable impulse purchases, with no premium category sales.","Prioritize counter-top displays and visible merchandising for single-serve, grab-and-go beverage and snack SKUs. Introduce combo offers (e.g., beverage + snack) at Rs. 20-30 price points."
116378.0,2760035,,2760035,Shiv Kumar Pan,Retail,24.022844,85.619765,Jharkhand,Hazaribagh,Bishungarh,Jharia,Rural,,Cig / Paan Kiosk,Runubunty & Co - Rd,15.83,20.58,26.12,74.69,7.2,0.0,25.04,66.28,26.81,66.28,66.28,66.28,66.28,66.28,7.0,10.0,17.0,0.0,0.0,0.0,4.0,13.0,21.0,19.0,7.0,27.0,41.0,64.0,83.0,47.0,46.0,18.0,35.0,84.0,235.0,Low (<30),0.0,0.0,0.0,0.0,97867.0,Yes,No,No,No,No,No,No,Rs. 5,Rs. 5,,,GT,,,No,45.0,<200 sqft,Micro Outlet,JHARKHAND,Balance,yes,,,,,590.9085,,2066.9725,,,,,,,,,,,,,,833.6194,299.9997,,,,,,3791.5001,473.937513,4.13,8,East India,Retail,12.666666666666666,13.0,34.0,73.5,37.0,66.28,20.58,0.0,26.81,7.0,7.46,D,15.0,0.0,1,0.0,0.0,1201.36,727.42,60.5,True,D+,1043.0,0.0,1.0,0.0,0.0,0.0,0.0,0.0,0.0,1,1.0,5.0,5.0,,0.0,1,4,Urban Transit Impulse GT,"This cluster consists of small urban GT outlets like paan kiosks, dairies, and tea shops, often near transit points. They cater to on-the-move shoppers seeking quick, affordable impulse purchases, with no premium category sales.","Prioritize counter-top displays and visible merchandising for single-serve, grab-and-go beverage and snack SKUs. Introduce combo offers (e.g., beverage + snack) at Rs. 20-30 price points."
100619.0,S00957391,Durgapur,S00957391,Chandi Pan,Retail,23.228978,87.072837,West Bengal,Bankura,Bankura unassignd,Bankura,Urban,Bankura,Cig / Paan Kiosk,Subham Stores -Rd,19.87,0.19,1.76,64.2,0.18,59.3,0.56,38.42,17.04,17.04,17.04,17.04,17.04,17.04,12,31,44,0.0,3.0,4.0,150.0,360.0,1240.0,1085.0,3089.0,4762.0,3328.0,4379.0,4666.0,2014.0,3156.0,1578.0,6414.0,9239.0,13759.0,High (>100),0.0,0.0,0.0,0.0,85842.0,Yes,No,No,No,No,No,No,Rs. 5,Rs. 5,,,GT,,,No,50.0,<200 sqft,Micro Outlet,WEST BENGAL,Balance,yes,163.6362,,,,990.9081,,3948.0782,,,,110.0928,,,,,,,1709.0892,,,4665.0423,2509.0884,,,,,,14095.9352,1174.661267,9.67,12,East India,Retail,583.3333333333334,2087.0,4045.0,4522.5,2249.333333333333,17.04,0.19,0.56,17.04,12.0,27.92,D,150.0,0.0,1,0.0,0.0,2616.3,1441.64,55.1,True,D+,553.0,0.0,1.0,0.0,0.0,0.0,0.0,0.0,0.0,1,1.0,5.0,5.0,,1.0,1,4,Urban Transit Impulse GT,"This cluster consists of small urban GT outlets like paan kiosks, dairies, and tea shops, often near transit points. They cater to on-the-move shoppers seeking quick, affordable impulse purchases, with no premium category sales.","Prioritize counter-top displays and visible merchandising for single-serve, grab-and-go beverage and snack SKUs. Introduce combo offers (e.g., beverage + snack) at Rs. 20-30 price points."
121090.0,1465705,,1465705,Mohan Pan,Retail,25.7044868,85.155876,Bihar,Saran,Sonepur,Sonepur,Urban,Sonepur,Cig / Paan Kiosk,S.P. Enterprises,2.31,1.14,9.04,10.31,3.58,0.0,1.51,9.27,5.7,9.14,9.14,9.14,9.14,9.14,8,32,64,0.0,0.0,0.0,16.0,60.0,210.0,231.0,667.0,1032.0,723.0,961.0,1101.0,456.0,617.0,308.0,583.0,1235.0,5255.0,Medium (30 to 100),0.0,0.0,0.0,0.0,54364.0,Yes,No,No,No,No,No,No,Rs. 5,Rs. 5,,,GT,,,No,45.0,<200 sqft,Micro Outlet,BIHAR,Balance,yes,90.909,,,,81.8181,-454.545,9922.0719,,,,,,,-181.818,,,-818.181,,,,6261.528,1281.8169,,,,,,16183.5999,1798.177767,6.22,9,East India,Retail,95.33333333333331,449.0,877.5,1031.0,460.3333333333333,9.14,1.14,0.0,5.7,8.0,45.1,C,,0.0,1,0.0,0.0,1498.9,-299.28,-20.0,False,C,1364.0,0.0,1.0,0.0,0.0,0.0,0.0,0.0,0.0,1,1.0,5.0,5.0,,1.0,2,4,Urban Transit Impulse GT,"This cluster consists of small urban GT outlets like paan kiosks, dairies, and tea shops, often near transit points. They cater to on-the-move shoppers seeking quick, affordable impulse purchases, with no premium category sales.","Prioritize counter-top displays and visible merchandising for single-serve, grab-and-go beverage and snack SKUs. Introduce combo offers (e.g., beverage + snack) at Rs. 20-30 price points."
113893.0,2586201,,2586201,Modi Tea Stall,Retail,32.806128,75.314435,Jammu & Kashmir,Udhampur,Ramnagar,Ramnagar (J&K),Urban,Ramnagar (J&K),Tea Shop (Hot),Jai Beverages Pvt.Ltd-Sdp,29.06,0.05,20.38,41.37,37.14,0.0,15.87,40.83,40.83,0.0,0.0,0.0,0.0,0.0,15,28,49,0.0,0.0,0.0,14.0,33.0,76.0,80.0,151.0,216.0,186.0,240.0,210.0,70.0,36.0,18.0,303.0,638.0,1244.0,Medium (30 to 100),0.0,0.0,0.0,0.0,117587.0,No,Yes,No,No,No,No,No,Rs. 5,,Rs. 5,,GT,,,No,85.0,<200 sqft,Micro Outlet,JAMMU & KASHMIR,Balance,yes,3272.724,,399.9996,,9272.718,563.6358,1714.5705,181.818,,,,,,799.9992,,,1490.9076,2745.4518,,,657.5544,32454.513,,,,,,53553.8919,4462.824325,18.33,12,North India,Retail,41.0,115.5,201.0,225.0,41.333333333333336,0.0,0.05,0.0,40.83,15.0,79.32,B,,0.0,1,0.0,0.0,5349.04,886.22,16.6,True,B+,534.0,0.0,0.0,1.0,0.0,0.0,0.0,0.0,0.0,1,1.0,5.0,,5.0,1.0,3,4,Urban Transit Impulse GT,"This cluster consists of small urban GT outlets like paan kiosks, dairies, and tea shops, often near transit points. They cater to on-the-move shoppers seeking quick, affordable impulse purchases, with no premium category sales.","Prioritize counter-top displays and visible merchandising for single-serve, grab-and-go beverage and snack SKUs. Introduce combo offers (e.g., beverage + snack) at Rs. 20-30 price points."
102930.0,2366362,Bengaluru,2366362,Bharath Tea Stall,Retail,12.906772,77.634237,Karnataka,Bengaluru Urban,Bengaluru,Bengaluru,Urban,HSR Layout,Tea Shop (Hot),Sri Nimishamba Traders,1.69,0.13,0.28,1.06,0.09,0.11,6.07,0.44,0.19,0.28,0.19,0.19,0.19,0.19,17,79,138,12.0,29.0,55.0,162.0,138.0,154.0,372.0,354.0,503.0,531.0,556.0,495.0,101.0,63.0,61.0,837.0,1031.0,886.0,Low (<30),0.0,0.0,0.0,0.0,554072.0,No,Yes,No,No,No,No,No,Rs. 5,,Rs. 5,,GT,Urban,2.7,No,85.0,<200 sqft,Micro Outlet,KARNATAKA,Bengaluru,yes,,,,,2155.7302,,1411.44,,,,,,703.6362,,1145.4546,,,,,,1068.0255,10989.7164,,,,,,17474.0029,1747.40029,6.3,10,West India,Retail,151.33333333333334,363.0,517.0,525.5,75.0,0.19,0.13,0.11,0.19,29.0,43.9,C,15.0,0.0,1,0.0,1.0,1525.51,-221.89,-14.5,False,C,1345.0,0.0,0.0,1.0,0.0,0.0,0.0,0.0,0.0,1,1.0,5.0,,5.0,1.0,2,4,Urban Transit Impulse GT,"This cluster consists of small urban GT outlets like paan kiosks, dairies, and tea shops, often near transit points. They cater to on-the-move shoppers seeking quick, affordable impulse purchases, with no premium category sales.","Prioritize counter-top displays and visible merchandising for single-serve, grab-and-go beverage and snack SKUs. Introduce combo offers (e.g., beverage + snack) at Rs. 20-30 price points."
121345.0,1786767,Mumbai,1786767,Ambika Stationary,Retail,19.197942,72.842221,Maharashtra,Mumbai (Combined),Mumbai,Mumbai (Grtr),Urban,Malad W.,Cosmetc / Fancy Str (Stand-alone),Manjushri Enterprise,2.07,0.15,0.46,0.71,0.52,0.52,1.26,0.64,0.09,0.2,0.2,0.2,0.2,0.09,31,94,211,18.0,29.0,54.0,504.0,444.0,458.0,1028.0,741.0,1036.0,1179.0,1160.0,985.0,212.0,97.0,137.0,1519.0,2153.0,2880.0,High (>100),157.0,181.0,167.0,163.0,354960.0,No,No,No,No,No,No,No,Rs. 5,,,,GT,Urban,3.9,Yes,85.0,<200 sqft,Micro Outlet,MAHARASHTRA,Mumbai,yes,,,5212.6464,,33501.169,5537.545,,,,,,,,,,,,2071.9374,,,,40862.4294,,,,,,87185.7272,7265.477267,14.25,12,MAHARASHTRA,Retail,468.6666666666667,884.5,1107.5,1072.5,148.66666666666666,0.09,0.15,0.52,0.09,49.0,89.36,A,150.0,1.0,1,0.0,1.0,4027.61,-3237.87,-80.4,False,A,641.0,1.0,0.0,0.0,0.0,0.0,0.0,0.0,0.0,1,1.0,5.0,,,1.0,4,4,Urban Transit Impulse GT,"This cluster consists of small urban GT outlets like paan kiosks, dairies, and tea shops, often near transit points. They cater to on-the-move shoppers seeking quick, affordable impulse purchases, with no premium category sales.","Prioritize counter-top displays and visible merchandising for single-serve, grab-and-go beverage and snack SKUs. Introduce combo offers (e.g., beverage + snack) at Rs. 20-30 price points."
118872.0,2609073,Delhi,2609073,Gaurav Dairy,Retail,28.717702,77.223237,Delhi,Delhi,Delhi,Delhi,Urban,Mukherjee Nagar,Dairy Str (Stand-alone),Rudhra Food Products Pvt Ltd,3.24,0.62,1.06,3.8,0.94,0.74,2.69,1.02,0.38,0.66,0.38,0.38,0.38,0.38,12,31,85,0.0,2.0,8.0,1571.0,868.0,1002.0,1698.0,1567.0,2130.0,2132.0,1931.0,1758.0,351.0,251.0,293.0,2064.0,3656.0,7275.0,High (>100),13.0,145.0,425.0,135.0,346101.0,No,No,No,No,No,No,No,Rs. 5,,,,GT,Urban,4.0051,Yes,105.0,<200 sqft,Micro Outlet,NEW DELHI,Delhi,yes,,,,,3145.4514,,991.0746,,,,53.5716,,,,,,,99.9999,,,2075.8995,445.4541,,,,,,6811.4511,681.14511,5.36,10,North India,Retail,1147.0,1632.5,2131.0,1844.5,298.3333333333333,0.38,0.62,0.74,0.38,12.0,12.96,D,150.0,1.0,1,0.0,1.0,1628.61,947.46,58.2,True,D+,892.0,1.0,0.0,0.0,0.0,0.0,0.0,0.0,0.0,1,1.0,5.0,,,1.0,1,4,Urban Transit Impulse GT,"This cluster consists of small urban GT outlets like paan kiosks, dairies, and tea shops, often near transit points. They cater to on-the-move shoppers seeking quick, affordable impulse purchases, with no premium category sales.","Prioritize counter-top displays and visible merchandising for single-serve, grab-and-go beverage and snack SKUs. Introduce combo offers (e.g., beverage + snack) at Rs. 20-30 price points."
121466.0,2306562,,2306562,Nirmal Dariy,Retail,19.089203,74.719978,Maharashtra,Ahmadnagar,Nagar,Ahmadnagar Cantt.,Urban,Ahmadnagar Cantt.,Dairy str,Gitashri Enterprises Pvt.Ltd.,6.83,0.32,1.31,1.91,1.41,57.17,1.65,101.49,1.75,34.84,34.84,34.84,34.84,34.84,4,30,59,0.0,9.0,28.0,34.0,80.0,277.0,237.0,680.0,1054.0,666.0,862.0,834.0,336.0,365.0,183.0,976.0,1649.0,2536.0,High (>100),0.0,0.0,0.0,0.0,204543.0,No,No,No,No,No,No,No,,,,,GT,,,Yes,110.0,<200 sqft,Micro Outlet,MAHARASHTRA,Balance,yes,37960.4376,,763.6356,,28405.9191,9118.577,,11095.6428,109.0908,,,,,2524.8987,381.8182,,51651.3351,199.9998,2047.4292,,,30732.0,,,,,,174990.7839,14582.565325,25.83,12,MAHARASHTRA,Retail,130.33333333333334,458.5,860.0,848.0,294.6666666666667,34.84,0.32,1.65,1.75,4.0,97.34,A,150.0,1.0,1,0.0,0.0,7597.59,-6984.97,-91.9,False,A,833.0,1.0,0.0,0.0,0.0,0.0,0.0,0.0,0.0,1,1.0,,,,1.0,4,4,Urban Transit Impulse GT,"This cluster consists of small urban GT outlets like paan kiosks, dairies, and tea shops, often near transit points. They cater to on-the-move shoppers seeking quick, affordable impulse purchases, with no premium category sales.","Prioritize counter-top displays and visible merchandising for single-serve, grab-and-go beverage and snack SKUs. Introduce combo offers (e.g., beverage + snack) at Rs. 20-30 price points."
100018.0,2487827,,2487827,Chilli  The Cafe,Retail,24.773452,78.833163,Madhya Pradesh,Tikamgarh,Tikamgarh,Takha,Rural,,Tea Shop (Hot),City Veriety Shop-Tikamgarh,4.72,1.66,106.43,106.46,0.79,370.6,1.02,172.01,76.15,169.81,169.81,169.81,169.81,169.81,3,12,18,0.0,0.0,0.0,3.0,4.0,5.0,13.0,2.0,46.0,74.0,92.0,132.0,87.0,93.0,38.0,74.0,124.0,317.0,Low (<30),0.0,0.0,0.0,0.0,56744.0,No,Yes,No,No,No,No,No,Rs. 5,,Rs. 5,,GT,,,No,75.0,<200 sqft,Micro Outlet,MADHYA PRADESH,Balance,yes,,,,,6109.0848,1545.453,137.616,109.0908,,,165.1392,,,,,,218.1816,1399.9986,,,713.7267,8054.5374,,,,,,18452.8281,1845.28281,8.4,10,MADHYA PRADESH,Retail,4.0,7.5,60.0,112.0,72.66666666666667,169.81,1.66,1.02,76.15,3.0,46.28,C,15.0,0.0,1,0.0,0.0,2951.49,1106.21,37.5,True,C+,851.0,0.0,0.0,1.0,0.0,0.0,0.0,0.0,0.0,1,1.0,5.0,,5.0,0.0,2,4,Urban Transit Impulse GT,"This cluster consists of small urban GT outlets like paan kiosks, dairies, and tea shops, often near transit points. They cater to on-the-move shoppers seeking quick, affordable impulse purchases, with no premium category sales.","Prioritize counter-top displays and visible merchandising for single-serve, grab-and-go beverage and snack SKUs. Introduce combo offers (e.g., beverage + snack) at Rs. 20-30 price points."
112392.0,2660899,,2660899,Bihari Paan,Retail,23.20403976,81.97739013,Madhya Pradesh,Shahdol,Kotma,Kotma,Urban,Kotma,Cig / Paan Kiosk,M.Belal & Company,10.42,0.15,60.49,335.24,0.91,621.04,0.2,208.31,29.72,201.34,201.22,201.34,200.97,200.97,17,28,39,0.0,0.0,0.0,29.0,71.0,278.0,233.0,751.0,1186.0,717.0,915.0,814.0,361.0,566.0,283.0,880.0,1356.0,3815.0,High (>100),0.0,0.0,0.0,0.0,119995.0,Yes,No,No,No,No,No,No,Rs. 5,Rs. 5,,,GT,,,No,55.0,<200 sqft,Micro Outlet,MADHYA PRADESH,Balance,yes,545.454,,,,3719.365,,687.246,,,,,,,,,,545.454,181.818,409.0905,,1214.357,7715.409,,,,,,15018.1935,1251.516125,8.83,12,MADHYA PRADESH,Retail,126.0,492.0,951.5,864.5,403.3333333333333,200.97,0.15,0.2,29.72,17.0,30.64,C,150.0,0.0,1,0.0,0.0,2443.72,1192.21,48.8,True,C+,809.0,0.0,1.0,0.0,0.0,0.0,0.0,0.0,0.0,1,1.0,5.0,5.0,,1.0,2,4,Urban Transit Impulse GT,"This cluster consists of small urban GT outlets like paan kiosks, dairies, and tea shops, often near transit points. They cater to on-the-move shoppers seeking quick, affordable impulse purchases, with no premium category sales.","Prioritize counter-top displays and visible merchandising for single-serve, grab-and-go beverage and snack SKUs. Introduce combo offers (e.g., beverage + snack) at Rs. 20-30 price points."
117291.0,2480040,Ahmadabad,2480040,Shiv Shakti Parlor,Retail,23.249019,72.488803,Gujarat,Gandhinagar,Kalol,Kalol (Gandhinagar distt),Urban,N'brhd No. 5,Dairy str,Khodiyar Sales Agency,10.99,0.29,15.87,7.47,0.71,16.22,1.58,17.2,2.54,14.41,14.41,14.41,14.41,14.41,20,47,61,0.0,0.0,0.0,105.0,95.0,114.0,155.0,201.0,365.0,431.0,511.0,518.0,92.0,93.0,145.0,441.0,768.0,1293.0,Medium (30 to 100),,,,,212134.0,No,No,No,No,No,No,No,,,,,GT,Periphery,12.9,Yes,95.0,<200 sqft,Micro Outlet,GUJARAT,Ahmadabad,yes,,,,,5068.7702,90.909,,,,,,,,,,,,,,,1913.6555,727.272,,,,,,7800.6067,650.050558,3.5,12,GUJARAT,Retail,104.66666666666669,178.0,398.0,514.5,110.0,14.41,0.29,1.58,2.54,20.0,12.18,D,,1.0,1,0.0,0.0,1072.19,422.14,39.4,True,D+,1214.0,1.0,0.0,0.0,0.0,0.0,0.0,0.0,0.0,1,1.0,,,,1.0,1,4,Urban Transit Impulse GT,"This cluster consists of small urban GT outlets like paan kiosks, dairies, and tea shops, often near transit points. They cater to on-the-move shoppers seeking quick, affordable impulse purchases, with no premium category sales.","Prioritize counter-top displays and visible merchandising for single-serve, grab-and-go beverage and snack SKUs. Introduce combo offers (e.g., beverage + snack) at Rs. 20-30 price points."
116454.0,2604911,,2604911,Jay Mahrastr Dairy,Retail,18.4818919,74.021017,Maharashtra,Pune,Haveli,Loni-Kalbhor,Rural,,Dairy str,Shree Gurudatta Enterprises,4.2,0.71,0.9,8.39,0.85,6.02,0.98,7.57,7.47,7.47,7.47,7.47,7.47,7.47,6,17,20,2.0,10.0,11.0,107.0,121.0,135.0,254.0,50.0,595.0,933.0,752.0,1399.0,417.0,339.0,124.0,682.0,1462.0,2435.0,Low (<30),110.0,57.0,34.0,7.0,90045.0,No,No,No,No,No,No,No,,,,,GT,,,Yes,105.0,<200 sqft,Micro Outlet,MAHARASHTRA,Balance,yes,4055.4453,,,,8715.408,650.5928,,545.454,,,,,,,,,6787.265,,,,450.0045,11658.4884,,,,,,32862.658,2738.554833,16.75,12,MAHARASHTRA,Retail,121.0,152.0,764.0,1075.5,293.3333333333333,7.47,0.71,0.98,7.47,8.0,62.36,B,15.0,1.0,1,0.0,0.0,5162.4,2423.85,47.0,True,B+,212.0,1.0,0.0,0.0,0.0,0.0,0.0,0.0,0.0,1,1.0,,,,0.0,3,4,Urban Transit Impulse GT,"This cluster consists of small urban GT outlets like paan kiosks, dairies, and tea shops, often near transit points. They cater to on-the-move shoppers seeking quick, affordable impulse purchases, with no premium category sales.","Prioritize counter-top displays and visible merchandising for single-serve, grab-and-go beverage and snack SKUs. Introduce combo offers (e.g., beverage + snack) at Rs. 20-30 price points."
102874.0,2468478,Warangal,2468478,Sree Shanmukha Milk Point,Retail,17.97767,79.601841,Telangana,Warangal,Warangal,Warangal,Urban,Girmajipet South,Dairy str,Venkatasai Enterprises,1.89,0.14,0.61,120.23,0.31,119.48,0.62,0.43,0.07,0.07,0.07,0.07,0.0,0.07,43,125,186,0.0,9.0,0.0,63.0,115.0,111.0,302.0,504.0,564.0,597.0,608.0,526.0,222.0,265.0,662.0,751.0,1607.0,1486.0,Low (<30),107.0,48.0,19.0,2.0,127581.0,No,No,No,No,No,No,No,,,,,GT,Urban,1.1,Yes,105.0,<200 sqft,Micro Outlet,TELANGANA,Warangal,yes,,,,,,,1906.7325,,,,,,,,,,,,,,1508.772,327.2724,,,,,,3742.7769,534.682414,6.43,7,South India,Retail,96.33333333333331,403.0,580.5,567.0,383.0,0.0,0.14,0.62,0.07,43.0,8.9,D,15.0,1.0,1,0.0,1.0,1658.36,1123.68,67.8,True,D+,777.0,1.0,0.0,0.0,0.0,0.0,0.0,0.0,0.0,1,1.0,,,,1.0,1,4,Urban Transit Impulse GT,"This cluster consists of small urban GT outlets like paan kiosks, dairies, and tea shops, often near transit points. They cater to on-the-move shoppers seeking quick, affordable impulse purchases, with no premium category sales.","Prioritize counter-top displays and visible merchandising for single-serve, grab-and-go beverage and snack SKUs. Introduce combo offers (e.g., beverage + snack) at Rs. 20-30 price points."
110124.0,2162987,,2162987,Rasheed Achu Milk Seller,Retail,30.52651,75.873188,Punjab,Sangrur,Malerkotla,Malerkotla,Urban,Agar Nagar (N),Dairy str,Jay Ess Traders,2.9,0.12,0.21,18.9,0.22,6.82,1.21,1.02,0.45,1.02,1.02,1.02,0.45,0.45,21,47,55,2.0,7.0,7.0,148.0,125.0,142.0,161.0,182.0,353.0,465.0,701.0,688.0,72.0,94.0,68.0,318.0,640.0,1983.0,Medium (30 to 100),0.0,0.0,0.0,0.0,190507.0,No,No,No,No,No,No,No,,,,,GT,,,Yes,90.0,<200 sqft,Micro Outlet,PUNJAB,Balance,yes,818.181,,,,7007.9022,181.818,1477.965,,,,,,,181.818,,,363.636,2504.346,,,1326.5874,12175.488,,,,,,26037.7416,2169.8118,12.0,12,North India,Retail,138.33333333333334,171.5,409.0,694.5,78.0,0.45,0.12,1.21,0.45,23.0,53.12,C,,1.0,1,0.0,0.0,3467.96,1298.15,37.4,True,C+,760.0,1.0,0.0,0.0,0.0,0.0,0.0,0.0,0.0,1,1.0,,,,1.0,2,4,Urban Transit Impulse GT,"This cluster consists of small urban GT outlets like paan kiosks, dairies, and tea shops, often near transit points. They cater to on-the-move shoppers seeking quick, affordable impulse purchases, with no premium category sales.","Prioritize counter-top displays and visible merchandising for single-serve, grab-and-go beverage and snack SKUs. Introduce combo offers (e.g., beverage + snack) at Rs. 20-30 price points."
113504.0,2219176,,2219176,Up32 Dhabha,AFH - Others,26.779697,81.058183,Uttar Pradesh,Lucknow,Mohanlalganj,Bakkas,Rural,,N. Ind Restaurnt,Ms Exim Company-Tt,7.95,0.58,1.9,10.83,11.18,5.67,0.78,5.55,5.55,5.55,5.55,5.55,5.55,5.55,1,4,7,0.0,3.0,3.0,18.0,19.0,21.0,132.0,60.0,154.0,222.0,265.0,364.0,168.0,156.0,59.0,116.0,225.0,1095.0,Low (<30),38.0,5.0,3.0,3.0,65333.0,No,No,No,No,No,No,No,,,,,Restaurants,,,Yes,185.0,<200 sqft,Micro Outlet,UTTAR PRADESH,Lucknow,yes,46591.7145,,,,,,,,,,,,,,,,15610.6082,,,3083.069,,,23705.825,,,,,88991.2167,7415.934725,4.42,12,UTTAR PRADESH,OPSC21-AFH - Others,19.33333333333333,96.0,188.0,314.5,127.66666666666669,5.55,0.58,0.78,5.55,1.0,89.88,A,15.0,1.0,1,0.0,0.0,1840.34,-5575.6,-303.0,False,A,779.0,1.0,0.0,0.0,0.0,0.0,0.0,0.0,0.0,1,1.0,,,,0.0,4,4,Urban Transit Impulse GT,"This cluster consists of small urban GT outlets like paan kiosks, dairies, and tea shops, often near transit points. They cater to on-the-move shoppers seeking quick, affordable impulse purchases, with no premium category sales.","Prioritize counter-top displays and visible merchandising for single-serve, grab-and-go beverage and snack SKUs. Introduce combo offers (e.g., beverage + snack) at Rs. 20-30 price points."
117890.0,1922109,Madurai,1922109,Velan Coffee Bar,Retail,9.9241486,78.0890619,Tamil Nadu,Madurai,Madurai South,Madurai,Urban,Ponmeni,Tea Shop (Hot),A.H Traders,4.61,0.13,1.22,9.56,0.59,1.06,2.37,2.25,0.25,0.62,0.25,0.39,0.0,0.25,14,50,115,1.0,3.0,9.0,121.0,134.0,152.0,318.0,313.0,469.0,468.0,498.0,445.0,132.0,112.0,59.0,743.0,1190.0,733.0,Medium (30 to 100),58.0,160.0,27.0,1.0,190949.0,No,Yes,No,No,No,No,No,Rs. 5,,Rs. 5,,GT,Urban,1.3,No,85.0,<200 sqft,Micro Outlet,TAMIL NADU,Madurai,yes,,,490.9086,,545.454,,5569.695,,,,,,,,,,,,,,3369.09,445.4541,,,,,,10420.6017,1157.844633,10.0,9,South India,Retail,135.66666666666666,315.5,468.5,471.5,101.0,0.0,0.13,1.06,0.25,15.0,27.52,D,,0.0,1,0.0,1.0,2586.56,1428.72,55.2,True,D+,559.0,0.0,0.0,1.0,0.0,0.0,0.0,0.0,0.0,1,1.0,5.0,,5.0,1.0,1,4,Urban Transit Impulse GT,"This cluster consists of small urban GT outlets like paan kiosks, dairies, and tea shops, often near transit points. They cater to on-the-move shoppers seeking quick, affordable impulse purchases, with no premium category sales.","Prioritize counter-top displays and visible merchandising for single-serve, grab-and-go beverage and snack SKUs. Introduce combo offers (e.g., beverage + snack) at Rs. 20-30 price points."
121220.0,2606372,Ranchi,2606372,Amresh Betal Shop,Retail,23.439362,85.425291,Jharkhand,Ranchi,Kanke,Neuri,Rural,,Cig / Paan Kiosk,R.N. Enterprises- Tt,1.66,0.69,6.13,12.46,0.05,0.0,7.77,6.51,4.46,4.46,4.46,4.46,4.46,4.46,8,22,37,0.0,0.0,0.0,22.0,21.0,20.0,43.0,6.0,136.0,217.0,247.0,369.0,151.0,130.0,48.0,141.0,250.0,883.0,Medium (30 to 100),380.0,42.0,8.0,0.0,89313.0,Yes,No,No,No,No,No,No,Rs. 5,Rs. 5,,,GT,Periphery,3.48084,No,50.0,<200 sqft,Micro Outlet,JHARKHAND,Ranchi,yes,2618.1792,,,,10745.4438,272.727,12277.1672,,,,272.73,,,109.0908,,,2727.27,490.9086,,,15961.1777,12218.1696,,,,,,57692.8639,5244.805809,9.09,11,East India,Retail,21.0,24.5,176.5,308.0,109.66666666666669,4.46,0.69,0.0,4.46,8.0,83.16,A,,0.0,1,0.0,0.0,2497.83,-2746.98,-110.0,False,A,599.0,0.0,1.0,0.0,0.0,0.0,0.0,0.0,0.0,1,1.0,5.0,5.0,,0.0,4,4,Urban Transit Impulse GT,"This cluster consists of small urban GT outlets like paan kiosks, dairies, and tea shops, often near transit points. They cater to on-the-move shoppers seeking quick, affordable impulse purchases, with no premium category sales.","Prioritize counter-top displays and visible merchandising for single-serve, grab-and-go beverage and snack SKUs. Introduce combo offers (e.g., beverage + snack) at Rs. 20-30 price points."
121922.0,S00885913,,S00885913,Ramesh Pan,Retail,13.623993,74.69137,Karnataka,Udupi,Kundapura,Kundapura,Urban,Nagabana,Cig / Paan Kiosk,Aithal Traders,10.95,0.02,0.28,76.93,0.28,0.08,4.21,43.75,0.01,0.15,0.01,0.01,0.01,0.01,8,19,28,1.0,2.0,3.0,51.0,38.0,42.0,43.0,56.0,75.0,92.0,100.0,97.0,16.0,13.0,6.0,115.0,184.0,226.0,Medium (30 to 100),0.0,0.0,0.0,0.0,352381.0,Yes,No,No,No,No,No,No,Rs. 5,Rs. 5,,,GT,,,No,55.0,<200 sqft,Micro Outlet,KARNATAKA,Balance,yes,,,,,109.0908,,681.9916,,,,,,,,,,,,,,493.5411,2318.1795,,,,,,3602.803,327.527545,3.45,11,West India,Retail,43.66666666666666,49.5,83.5,98.5,11.666666666666666,0.01,0.02,0.08,0.01,9.0,4.16,D,,0.0,1,0.0,0.0,720.44,392.91,54.5,True,D+,1225.0,0.0,1.0,0.0,0.0,0.0,0.0,0.0,0.0,1,1.0,5.0,5.0,,1.0,1,4,Urban Transit Impulse GT,"This cluster consists of small urban GT outlets like paan kiosks, dairies, and tea shops, often near transit points. They cater to on-the-move shoppers seeking quick, affordable impulse purchases, with no premium category sales.","Prioritize counter-top displays and visible merchandising for single-serve, grab-and-go beverage and snack SKUs. Introduce combo offers (e.g., beverage + snack) at Rs. 20-30 price points."
118725.0,2152035,,2152035,Sonu Fast Food,Retail,29.87017833,76.46672667,Haryana,Kaithal,Kaithal,Keorak,Rural,,Fast Food,Gujral Trading Company-Tt,10.48,6.9,54.05,10.07,11.74,0.0,5.32,37.34,9.15,37.34,37.34,37.34,37.34,37.34,5,8,13,0.0,0.0,0.0,29.0,34.0,39.0,74.0,8.0,313.0,506.0,495.0,815.0,290.0,252.0,94.0,285.0,630.0,1774.0,Low (<30),0.0,0.0,0.0,0.0,128660.0,No,No,No,No,No,No,No,,,,,Restaurants,,,No,125.0,<200 sqft,Micro Outlet,HARYANA,Balance,yes,11799.0712,,,,8420.5472,,4707.6597,109.0908,,,53.5716,,,927.2718,,,5078.6262,1563.6348,,,5696.4468,15076.8542,,,,,,53432.7743,4452.731192,15.75,12,North India,Retail,34.0,41.0,409.5,655.0,212.0,37.34,6.9,0.0,9.15,5.0,79.22,B,15.0,0.0,1,0.0,0.0,4654.25,201.52,4.3,True,B+,680.0,0.0,0.0,0.0,0.0,0.0,0.0,0.0,0.0,1,1.0,,,,0.0,3,4,Urban Transit Impulse GT,"This cluster consists of small urban GT outlets like paan kiosks, dairies, and tea shops, often near transit points. They cater to on-the-move shoppers seeking quick, affordable impulse purchases, with no premium category sales.","Prioritize counter-top displays and visible merchandising for single-serve, grab-and-go beverage and snack SKUs. Introduce combo offers (e.g., beverage + snack) at Rs. 20-30 price points."
113504.0,2136141,,2136141,Prince Electronics,AFH - Others,26.77104,81.10702,Uttar Pradesh,Lucknow,Mohanlalganj,Koriyani,Rural,,,Ms Exim Company-Tt,11.21,0.38,0.37,14.85,11.16,10.3,2.43,10.25,10.25,10.25,10.25,10.25,10.25,10.25,4,7,9,1.0,2.0,4.0,1.0,1.0,0.0,3.0,0.0,18.0,29.0,30.0,49.0,32.0,32.0,13.0,25.0,32.0,118.0,Medium (30 to 100),128.0,16.0,3.0,0.0,50316.0,No,No,No,No,No,No,No,,,,,Others,,,No,265.0,200–300 sqft,Small Outlet,UTTAR PRADESH,Lucknow,yes,9834.5712,,,,5072.3708,509.0904,3258.0219,1436.3622,,,2495.0841,,,2704.3452,,,4785.1656,2858.8911,,,1899.5022,8577.8168,213.3336,,,,,43644.5551,3637.046258,29.58,12,UTTAR PRADESH,OPSC21-AFH - Others,0.6666666666666666,1.5,23.5,39.5,25.666666666666668,10.25,0.37,2.43,10.25,5.0,72.38,B,,0.0,1,0.0,0.0,8950.13,5313.09,59.4,True,B+,9.0,0.0,0.0,0.0,0.0,0.0,0.0,0.0,0.0,1,2.0,,,,0.0,3,4,Urban Transit Impulse GT,"This cluster consists of small urban GT outlets like paan kiosks, dairies, and tea shops, often near transit points. They cater to on-the-move shoppers seeking quick, affordable impulse purchases, with no premium category sales.","Prioritize counter-top displays and visible merchandising for single-serve, grab-and-go beverage and snack SKUs. Introduce combo offers (e.g., beverage + snack) at Rs. 20-30 price points."
117034.0,1917311,Delhi,1917311,Rahul Tea Stall,Retail,28.676812,77.280374,Delhi,Delhi,Delhi,Delhi,Urban,Ram Nagar,Tea Shop (Hot),Rudhra Food Products Pvt Ltd,0.64,0.13,1.02,2.31,0.6,0.47,0.62,0.81,0.09,0.2,0.2,0.2,0.2,0.09,37,194,358,0.0,6.0,17.0,1573.0,773.0,936.0,1387.0,1343.0,1936.0,2048.0,1873.0,1834.0,220.0,181.0,124.0,1557.0,3381.0,8132.0,High (>100),0.0,0.0,0.0,0.0,309739.0,No,Yes,No,No,No,No,No,Rs. 5,,Rs. 5,,GT,Urban,3.64161,Yes,90.0,<200 sqft,Micro Outlet,NEW DELHI,Delhi,yes,11727.261,,109.0908,,5472.7218,818.181,,818.181,,,,,,1745.4528,,,3327.2694,2509.0884,772.7265,,,13854.5316,185.185,,,,,41339.6893,3758.153573,19.0,11,North India,Retail,1094.0,1365.0,1992.0,1853.5,175.0,0.09,0.13,0.47,0.09,37.0,73.5,B,150.0,1.0,1,0.0,1.0,5337.55,1579.39,29.6,True,B+,370.0,1.0,0.0,1.0,0.0,0.0,0.0,0.0,0.0,1,1.0,5.0,,5.0,1.0,3,4,Urban Transit Impulse GT,"This cluster consists of small urban GT outlets like paan kiosks, dairies, and tea shops, often near transit points. They cater to on-the-move shoppers seeking quick, affordable impulse purchases, with no premium category sales.","Prioritize counter-top displays and visible merchandising for single-serve, grab-and-go beverage and snack SKUs. Introduce combo offers (e.g., beverage + snack) at Rs. 20-30 price points."
119691.0,1863390,,1863390,N Arumugamteastall,Retail,9.963804,78.805478,Tamil Nadu,Sivaganga,Devakottai,Thenniervayal,Rural,,Tea Shop (Hot),Mercy Traders,7.18,0.2,0.91,69.39,0.67,0.02,9.52,71.97,30.72,71.85,70.75,71.85,0.0,70.75,4,15,33,3.0,4.0,4.0,3.0,3.0,3.0,8.0,1.0,39.0,63.0,55.0,98.0,30.0,20.0,7.0,69.0,90.0,117.0,Low (<30),0.0,0.0,0.0,0.0,72678.0,No,Yes,No,No,No,No,No,Rs. 5,,Rs. 5,,GT,,,No,75.0,<200 sqft,Micro Outlet,TAMIL NADU,Balance,yes,,,,,,,2360.7402,,,,,,,,,,,,,,983.746,472.7268,,,,,,3817.213,347.019364,8.09,11,South India,Retail,3.0,4.5,51.0,76.5,19.0,0.0,0.2,0.02,30.72,7.0,4.7,D,15.0,0.0,1,0.0,0.0,2511.92,2164.91,86.2,True,D+,197.0,0.0,0.0,1.0,0.0,0.0,0.0,0.0,0.0,1,1.0,5.0,,5.0,0.0,1,4,Urban Transit Impulse GT,"This cluster consists of small urban GT outlets like paan kiosks, dairies, and tea shops, often near transit points. They cater to on-the-move shoppers seeking quick, affordable impulse purchases, with no premium category sales.","Prioritize counter-top displays and visible merchandising for single-serve, grab-and-go beverage and snack SKUs. Introduce combo offers (e.g., beverage + snack) at Rs. 20-30 price points."
115470.0,2120913,Ahmadabad,2120913,Iskcon Pan,Retail,23.044851,72.551254,Gujarat,Ahmedabad,Ahmedabad City,Ahmedabad,Urban,Gandhigram,Cig / Paan Kiosk,Krish Enterprise,7.85,0.39,0.65,1.54,3.37,0.06,2.7,0.05,0.05,0.05,0.05,0.05,0.05,0.05,11,60,154,2.0,9.0,21.0,12.0,31.0,121.0,103.0,337.0,533.0,364.0,475.0,479.0,189.0,193.0,97.0,375.0,723.0,1692.0,High (>100),,,,,143260.0,Yes,No,No,No,No,No,No,Rs. 5,Rs. 5,,,GT,Urban,4.1,No,40.0,<200 sqft,Micro Outlet,GUJARAT,Ahmadabad,yes,,,872.7264,,23750.1784,927.2718,,,,,,,,,,,,90.909,,,,7785.765,,,,,,33426.8506,2785.570883,9.83,12,GUJARAT,Retail,54.66666666666666,220.0,448.5,477.0,159.66666666666666,0.05,0.39,0.06,0.05,13.0,62.98,B,150.0,0.0,1,0.0,1.0,2508.48,-277.09,-11.0,False,B,784.0,0.0,1.0,0.0,0.0,0.0,0.0,0.0,0.0,1,1.0,5.0,5.0,,1.0,3,4,Urban Transit Impulse GT,"This cluster consists of small urban GT outlets like paan kiosks, dairies, and tea shops, often near transit points. They cater to on-the-move shoppers seeking quick, affordable impulse purchases, with no premium category sales.","Prioritize counter-top displays and visible merchandising for single-serve, grab-and-go beverage and snack SKUs. Introduce combo offers (e.g., beverage + snack) at Rs. 20-30 price points."
109704.0,2319132,,2319132,Ashim Tea Stall,Retail,25.001398,88.135667,West Bengal,Maldah,English Bazar unassignd,English Bazar,Urban,Uma Roy Sarani North,Tea Shop (Hot),Soma Enterprise,11.22,0.13,0.11,102.3,0.58,139.49,1.73,11.24,1.07,4.63,4.63,4.63,4.63,4.63,29,85,136,0.0,5.0,7.0,130.0,231.0,229.0,466.0,691.0,777.0,673.0,646.0,594.0,100.0,135.0,146.0,1180.0,1363.0,1638.0,High (>100),0.0,0.0,0.0,0.0,108484.0,No,Yes,No,No,No,No,No,Rs. 5,,Rs. 5,,GT,,,No,85.0,<200 sqft,Micro Outlet,WEST BENGAL,Balance,yes,72.7272,,,,2796.0452,,4198.6132,,,,2138.9784,,,54.5454,,,,2386.1643,,,3250.7774,5676.6762,,,,,,20574.5273,1714.543942,9.67,12,East India,Retail,196.66666666666663,578.5,725.0,620.0,127.0,4.63,0.11,1.73,1.07,29.0,43.1,C,150.0,0.0,1,0.0,0.0,2447.11,732.57,29.9,True,C+,1022.0,0.0,0.0,1.0,0.0,0.0,0.0,0.0,0.0,1,1.0,5.0,,5.0,1.0,2,4,Urban Transit Impulse GT,"This cluster consists of small urban GT outlets like paan kiosks, dairies, and tea shops, often near transit points. They cater to on-the-move shoppers seeking quick, affordable impulse purchases, with no premium category sales.","Prioritize counter-top displays and visible merchandising for single-serve, grab-and-go beverage and snack SKUs. Introduce combo offers (e.g., beverage + snack) at Rs. 20-30 price points."
117030.0,2567817,,2567817,Blue Star Pan,Retail,21.501616,70.429001,Gujarat,Junagadh,Junagadh,Junagadh,Urban,Junagadh,Cig / Paan Kiosk,Everest Agency,2.41,0.21,0.11,65.16,2.46,26.29,4.3,25.8,0.23,0.23,0.23,0.23,0.23,0.23,10,16,37,3.0,3.0,11.0,562.0,1164.0,4032.0,3221.0,9217.0,14278.0,8714.0,10842.0,8049.0,3277.0,3169.0,1585.0,13829.0,23948.0,36175.0,High (>100),,,,,209919.0,Yes,No,No,No,No,No,No,Rs. 5,Rs. 5,,,GT,,,No,60.0,<200 sqft,Micro Outlet,GUJARAT,Balance,yes,,,,,6264.817,2650.5908,,,,,,,,,,,,,,,,1740.7104,,,,,,10656.1182,888.00985,4.33,12,GUJARAT,Retail,1919.3333333333333,6219.0,11496.0,9445.5,2677.0,0.23,0.11,4.3,0.23,13.0,19.08,D,150.0,0.0,1,0.0,0.0,989.57,101.56,10.3,True,D+,1367.0,0.0,1.0,0.0,0.0,0.0,0.0,0.0,0.0,1,1.0,5.0,5.0,,1.0,1,4,Urban Transit Impulse GT,"This cluster consists of small urban GT outlets like paan kiosks, dairies, and tea shops, often near transit points. They cater to on-the-move shoppers seeking quick, affordable impulse purchases, with no premium category sales.","Prioritize counter-top displays and visible merchandising for single-serve, grab-and-go beverage and snack SKUs. Introduce combo offers (e.g., beverage + snack) at Rs. 20-30 price points."
117091.0,1948283,Bhilai,1948283,Sinha Tea,Retail,21.206944,81.358719,Chattisgarh,Durg,Durg,Bhilai Nagar,Urban,Shastri Nagar,Tea Shop (Hot),Prakash Agency,3.19,0.22,0.23,8.95,0.94,0.0,1.74,0.03,0.03,0.03,0.03,0.03,0.03,0.03,18,76,119,1.0,6.0,21.0,47.0,64.0,74.0,130.0,218.0,415.0,516.0,623.0,557.0,89.0,103.0,58.0,347.0,740.0,1478.0,Medium (30 to 100),398.0,70.0,28.0,6.0,245327.0,No,Yes,No,No,No,No,No,Rs. 5,,Rs. 5,,GT,Urban,2.0,No,90.0,<200 sqft,Micro Outlet,CHHATTISGARH,Bhilai,yes,,,,,2558.4975,181.818,1029.618,,,,110.0928,,,,,,,431.6208,,,864.729,4303.1625,,,,,,9479.5386,1184.942325,11.13,8,East India,Retail,61.66666666666666,174.0,465.5,590.0,83.33333333333333,0.03,0.22,0.0,0.03,19.0,28.34,D,,0.0,1,0.0,1.0,2873.24,1688.3,58.8,True,D+,377.0,0.0,0.0,1.0,0.0,0.0,0.0,0.0,0.0,1,1.0,5.0,,5.0,1.0,1,4,Urban Transit Impulse GT,"This cluster consists of small urban GT outlets like paan kiosks, dairies, and tea shops, often near transit points. They cater to on-the-move shoppers seeking quick, affordable impulse purchases, with no premium category sales.","Prioritize counter-top displays and visible merchandising for single-serve, grab-and-go beverage and snack SKUs. Introduce combo offers (e.g., beverage + snack) at Rs. 20-30 price points."
118173.0,2187408,,2187408,T 20 Pan Palace,Retail,25.870372,85.0948,Bihar,Saran,Parsa,Parsauna,Rural,,Cig / Paan Kiosk,Bajrang Enterprises - Rd,5.25,0.76,24.92,29.11,6.71,0.0,11.99,26.29,22.8,26.29,26.29,26.29,26.29,26.29,6,11,18,0.0,0.0,0.0,4.0,4.0,3.0,52.0,20.0,70.0,104.0,213.0,287.0,225.0,245.0,98.0,91.0,127.0,1041.0,Low (<30),0.0,0.0,0.0,0.0,27885.0,Yes,No,No,No,No,No,No,Rs. 5,Rs. 5,,,GT,,,No,45.0,<200 sqft,Micro Outlet,BIHAR,Balance,yes,3654.5418,,,,1254.5442,,3784.4415,,,,,,,,,,3327.2694,,,,2886.183,4272.723,,,,,,19179.7029,1743.609355,8.27,11,East India,Retail,3.6666666666666665,36.0,87.0,250.0,189.3333333333333,26.29,0.76,0.0,22.8,6.0,43.76,C,15.0,0.0,1,0.0,0.0,2415.31,671.7,27.8,True,C+,1049.0,0.0,1.0,0.0,0.0,0.0,0.0,0.0,0.0,1,1.0,5.0,5.0,,0.0,2,4,Urban Transit Impulse GT,"This cluster consists of small urban GT outlets like paan kiosks, dairies, and tea shops, often near transit points. They cater to on-the-move shoppers seeking quick, affordable impulse purchases, with no premium category sales.","Prioritize counter-top displays and visible merchandising for single-serve, grab-and-go beverage and snack SKUs. Introduce combo offers (e.g., beverage + snack) at Rs. 20-30 price points."
117446.0,2339848,,2339848,Heera Namkeen,Retail,24.042027,81.378694,Madhya Pradesh,Shahdol,Beohari,Sukha,Rural,,Chats & Snacks (Stand-alone),Vinayak Traders,1.04,0.03,55.03,267.46,1.38,574.0,4.63,176.02,54.45,167.97,167.74,167.97,167.74,167.74,2,17,35,0.0,0.0,0.0,0.0,3.0,6.0,4.0,0.0,16.0,25.0,30.0,44.0,130.0,57.0,24.0,44.0,80.0,132.0,Low (<30),0.0,0.0,0.0,0.0,52372.0,No,No,No,No,No,No,No,,,,,GT,,,No,320.0,300–600 sqft,Core Outlet,MADHYA PRADESH,Balance,yes,2909.088,,,,4090.905,,,,327.2724,,,,,54.5454,,,1872.7254,181.818,599.9994,,,9109.0818,,,,,,19145.4354,1595.45295,8.75,12,MADHYA PRADESH,Retail,3.0,2.0,20.5,37.0,70.33333333333333,167.74,0.03,4.63,54.45,2.0,40.08,C,15.0,0.0,1,0.0,0.0,3481.86,1886.41,54.2,True,C+,457.0,0.0,0.0,0.0,0.0,0.0,0.0,0.0,0.0,1,,,,,0.0,2,4,Urban Transit Impulse GT,"This cluster consists of small urban GT outlets like paan kiosks, dairies, and tea shops, often near transit points. They cater to on-the-move shoppers seeking quick, affordable impulse purchases, with no premium category sales.","Prioritize counter-top displays and visible merchandising for single-serve, grab-and-go beverage and snack SKUs. Introduce combo offers (e.g., beverage + snack) at Rs. 20-30 price points."
119370.0,2461046,,2461046,Ambika Tea Sall,Retail,25.3912739,85.3469374,Bihar,Nalanda,Nagar Nausa,Nagar Nahusa,Rural,,Tea Shop (Hot),Shubh Enterprises - Rd,0.81,2.67,23.03,27.65,0.49,0.0,6.42,29.57,22.74,22.74,22.74,22.74,22.74,22.74,12,24,43,0.0,0.0,0.0,4.0,13.0,22.0,122.0,69.0,119.0,165.0,306.0,390.0,499.0,465.0,193.0,281.0,380.0,1418.0,Low (<30),0.0,0.0,0.0,0.0,62928.0,No,Yes,No,No,No,No,No,Rs. 5,,Rs. 5,,GT,,,No,80.0,<200 sqft,Micro Outlet,BIHAR,Balance,yes,1178.655,,,,1816.9944,27.2727,1413.3989,,,,,,,236.3634,,,1016.5998,,,,1737.4148,1689.7218,,,,,,9116.4208,759.701733,10.67,12,East India,Retail,13.0,95.5,142.0,348.0,385.6666666666667,22.74,2.67,0.0,22.74,12.0,15.34,D,15.0,0.0,1,0.0,0.0,3159.24,2399.54,76.0,True,D+,138.0,0.0,0.0,1.0,0.0,0.0,0.0,0.0,0.0,1,1.0,5.0,,5.0,0.0,1,4,Urban Transit Impulse GT,"This cluster consists of small urban GT outlets like paan kiosks, dairies, and tea shops, often near transit points. They cater to on-the-move shoppers seeking quick, affordable impulse purchases, with no premium category sales.","Prioritize counter-top displays and visible merchandising for single-serve, grab-and-go beverage and snack SKUs. Introduce combo offers (e.g., beverage + snack) at Rs. 20-30 price points."
121549.0,2659556,,2659556,The Green Mountain Hotel,Retail,27.47864833,75.08827833,Rajasthan,Sikar,Sikar,Mundwara,Rural,,S. Ind Restaurnt,Crazzy World Distributors,15.75,43.17,11.91,90.56,12.1,13.29,16.63,87.29,12.72,12.72,12.72,12.72,12.72,12.72,3,5,10,0.0,0.0,0.0,6.0,15.0,25.0,25.0,4.0,72.0,115.0,188.0,249.0,133.0,117.0,44.0,81.0,165.0,689.0,Low (<30),0.0,0.0,0.0,0.0,71810.0,No,No,No,No,No,No,No,,,,,Restaurants,,,Yes,215.0,200–300 sqft,Small Outlet,RAJASTHAN,Balance,yes,12220.5414,,,,6372.7209,272.727,,454.545,,,,,,3883.0002,,,7384.1826,4094.4657,,,,12954.5325,,,,,,47636.7153,3969.726275,12.08,12,North India,Retail,15.333333333333334,14.5,93.5,218.5,98.0,12.72,11.91,13.29,12.72,3.0,75.32,B,15.0,1.0,1,0.0,0.0,4145.24,175.52,4.2,True,B+,693.0,1.0,0.0,0.0,0.0,0.0,0.0,0.0,0.0,1,2.0,,,,0.0,3,4,Urban Transit Impulse GT,"This cluster consists of small urban GT outlets like paan kiosks, dairies, and tea shops, often near transit points. They cater to on-the-move shoppers seeking quick, affordable impulse purchases, with no premium category sales.","Prioritize counter-top displays and visible merchandising for single-serve, grab-and-go beverage and snack SKUs. Introduce combo offers (e.g., beverage + snack) at Rs. 20-30 price points."
106367.0,S01240506,Rajkot,S01240506,Khodiyar Hotel,AFH - Others,22.283893,70.768285,Gujarat,Rajkot,Rajkot,Rajkot,Urban,Ghanshyam Nagar,S. Ind Restaurnt,Hetal Enterprise,4.3,0.08,0.27,1.58,1.09,8.52,2.55,0.46,0.15,0.15,0.15,0.15,0.15,0.15,27,79,176,19.0,36.0,52.0,220.0,176.0,227.0,290.0,327.0,518.0,503.0,436.0,429.0,147.0,100.0,13.0,694.0,1080.0,1224.0,Medium (30 to 100),,,,,248936.0,No,No,No,No,No,No,No,,,,,Restaurants,Urban,1.8,Yes,100.0,<200 sqft,Micro Outlet,GUJARAT,Rajkot,yes,,,,,10682.9944,,,,,,,,,,,,,,,,,218.1816,,,,,,10901.176,908.431333,1.25,12,GUJARAT,OPSC21-AFH - Others,207.66666666666663,308.5,510.5,432.5,86.66666666666667,0.15,0.08,2.55,0.15,46.0,19.86,D,,1.0,1,0.0,1.0,372.25,-536.18,-144.0,False,D,1483.0,1.0,0.0,0.0,0.0,0.0,0.0,0.0,0.0,1,1.0,,,,1.0,1,4,Urban Transit Impulse GT,"This cluster consists of small urban GT outlets like paan kiosks, dairies, and tea shops, often near transit points. They cater to on-the-move shoppers seeking quick, affordable impulse purchases, with no premium category sales.","Prioritize counter-top displays and visible merchandising for single-serve, grab-and-go beverage and snack SKUs. Introduce combo offers (e.g., beverage + snack) at Rs. 20-30 price points."
116910.0,2516125,,2516125,Jay Ambe Parlor,Retail,23.290232,72.639979,Gujarat,Gandhinagar,Gandhinagar,Randheja,Rural,,Dairy str,Dhanlaxmi Traders,8.3,3.65,7.98,20.4,15.59,20.69,6.23,12.43,0.88,11.61,11.61,11.61,11.61,11.61,7,7,8,0.0,0.0,0.0,29.0,42.0,56.0,60.0,5.0,278.0,451.0,398.0,707.0,271.0,292.0,116.0,324.0,640.0,1376.0,Low (<30),,,,,222275.0,No,No,No,No,No,No,No,,,,,GT,,,Yes,95.0,<200 sqft,Micro Outlet,GUJARAT,Balance,yes,,,,,4236.3594,,,,,,,,,,,,,,,,1840.9275,872.7264,,,,,,6950.0133,631.819391,3.08,11,GUJARAT,Retail,42.333333333333336,32.5,364.5,552.5,226.3333333333333,11.61,3.65,6.23,0.88,7.0,11.5,D,15.0,1.0,1,0.0,0.0,1149.73,517.91,45.0,True,D+,1161.0,1.0,0.0,0.0,0.0,0.0,0.0,0.0,0.0,1,1.0,,,,0.0,1,4,Urban Transit Impulse GT,"This cluster consists of small urban GT outlets like paan kiosks, dairies, and tea shops, often near transit points. They cater to on-the-move shoppers seeking quick, affordable impulse purchases, with no premium category sales.","Prioritize counter-top displays and visible merchandising for single-serve, grab-and-go beverage and snack SKUs. Introduce combo offers (e.g., beverage + snack) at Rs. 20-30 price points."
119580.0,2269671,Sonipat,2269671,Cafeeria,Retail,29.003641,77.035757,Haryana,Sonipat,Sonipat,Sonipat,Urban,Devru,Tea Shop (Hot),U.S. Medicos,2.79,0.16,27.58,41.2,0.76,0.0,2.4,12.31,0.26,12.31,12.31,12.31,12.31,12.31,12,53,90,0.0,0.0,0.0,78.0,52.0,66.0,98.0,94.0,143.0,111.0,63.0,74.0,6.0,7.0,2.0,96.0,243.0,382.0,Medium (30 to 100),68.0,66.0,15.0,0.0,137204.0,No,Yes,No,No,No,No,No,Rs. 5,,Rs. 5,,GT,Urban,1.2,No,90.0,<200 sqft,Micro Outlet,HARYANA,Sonipat,yes,25899.579,,727.272,,14712.243,3336.7568,267.858,2145.4524,163.6362,,53.5716,,,3995.253,,163.6362,15635.5578,4694.859,163.6362,,187.5006,27243.4578,,,,,,99390.2696,8282.522467,32.42,12,North India,Retail,65.33333333333333,96.0,127.0,68.5,5.0,12.31,0.16,0.0,0.26,12.0,91.5,A,,0.0,1,0.0,1.0,9080.31,797.79,8.8,True,A+,218.0,0.0,0.0,1.0,0.0,0.0,0.0,0.0,0.0,1,1.0,5.0,,5.0,1.0,4,4,Urban Transit Impulse GT,"This cluster consists of small urban GT outlets like paan kiosks, dairies, and tea shops, often near transit points. They cater to on-the-move shoppers seeking quick, affordable impulse purchases, with no premium category sales.","Prioritize counter-top displays and visible merchandising for single-serve, grab-and-go beverage and snack SKUs. Introduce combo offers (e.g., beverage + snack) at Rs. 20-30 price points."
121735.0,2388013,,2388013,Navjivan Parlour,Retail,23.851256,72.138041,Gujarat,Patan,Patan,Hansapur,Rural,,Dairy str,Pooja Enterprise,5.72,0.09,14.98,37.38,1.25,29.61,0.69,90.52,0.18,29.14,29.14,29.14,29.14,29.14,13,44,64,0.0,0.0,0.0,23.0,21.0,19.0,35.0,4.0,131.0,210.0,169.0,319.0,93.0,75.0,27.0,114.0,278.0,642.0,Low (<30),,,,,156677.0,No,No,No,No,No,No,No,,,,,GT,,,Yes,95.0,<200 sqft,Micro Outlet,GUJARAT,Balance,yes,,,,,13999.986,1836.3618,,,,,,,,,,,,909.09,,,,6799.9932,,,,,,23545.431,2140.493727,9.36,11,GUJARAT,Retail,21.0,19.5,170.5,244.0,65.0,29.14,0.09,0.69,0.18,13.0,52.44,C,15.0,1.0,1,0.0,0.0,2898.31,757.82,26.1,True,C+,1013.0,1.0,0.0,0.0,0.0,0.0,0.0,0.0,0.0,1,1.0,,,,0.0,2,4,Urban Transit Impulse GT,"This cluster consists of small urban GT outlets like paan kiosks, dairies, and tea shops, often near transit points. They cater to on-the-move shoppers seeking quick, affordable impulse purchases, with no premium category sales.","Prioritize counter-top displays and visible merchandising for single-serve, grab-and-go beverage and snack SKUs. Introduce combo offers (e.g., beverage + snack) at Rs. 20-30 price points."
101679.0,S01218426,,S01218426,Trishala Collection  I,Retail,30.673521,76.288766,Punjab,Fatehgarh Sahib,Amloh,Nasrali,Rural,,,Shiv Confectionary House,3.52,0.31,1.3,4.12,1.48,18.67,7.38,1.61,0.29,1.61,1.61,1.61,0.29,0.29,8,36,46,0.0,3.0,3.0,0.0,0.0,0.0,0.0,0.0,0.0,0.0,0.0,0.0,0.0,0.0,0.0,0.0,0.0,0.0,Medium (30 to 100),0.0,0.0,0.0,0.0,0.0,No,No,No,No,No,No,No,,,,,Others,,,No,40.0,<200 sqft,Micro Outlet,PUNJAB,Balance,yes,11329.6338,,,,5882.9992,218.1816,5774.4617,818.181,,,,,,6685.3692,,,6197.6223,4204.7434,,,4393.089,14625.6799,,,,,,60129.9611,5010.830092,25.58,12,North India,Retail,0.0,0.0,0.0,0.0,0.0,0.29,0.31,7.38,0.29,8.0,82.3,A,,0.0,1,0.0,0.0,7175.17,2164.34,30.2,True,A+,84.0,0.0,0.0,0.0,0.0,0.0,0.0,0.0,0.0,1,1.0,,,,0.0,4,4,Urban Transit Impulse GT,"This cluster consists of small urban GT outlets like paan kiosks, dairies, and tea shops, often near transit points. They cater to on-the-move shoppers seeking quick, affordable impulse purchases, with no premium category sales.","Prioritize counter-top displays and visible merchandising for single-serve, grab-and-go beverage and snack SKUs. Introduce combo offers (e.g., beverage + snack) at Rs. 20-30 price points."
119125.0,1863582,Mumbai,1863582,Mangal Dairy,Retail,18.998715,72.816282,Maharashtra,Mumbai (Combined),Mumbai,Mumbai (Grtr),Urban,Worli Seaface,Dairy str,Vijhai Sales,1.94,0.05,0.21,0.14,0.11,0.3,1.46,0.87,0.11,0.23,0.11,0.11,0.11,0.11,13,29,77,2.0,15.0,54.0,343.0,365.0,354.0,765.0,735.0,917.0,1093.0,1210.0,966.0,344.0,98.0,210.0,1200.0,1811.0,3095.0,High (>100),220.0,225.0,196.0,115.0,328881.0,No,No,No,No,No,No,No,,,,,GT,Urban,0.6,Yes,100.0,<200 sqft,Micro Outlet,MAHARASHTRA,Mumbai,yes,,,,,21914.6044,1272.726,,,,,,,,,,,,1199.9988,,,327.276,54339.0822,,,,,,79053.6874,6587.807283,12.08,12,MAHARASHTRA,Retail,354.0,750.0,1005.0,1088.0,217.3333333333333,0.11,0.05,0.3,0.11,15.0,87.82,A,150.0,1.0,1,0.0,1.0,3567.0,-3020.81,-84.7,False,A,625.0,1.0,0.0,0.0,0.0,0.0,0.0,0.0,0.0,1,1.0,,,,1.0,4,4,Urban Transit Impulse GT,"This cluster consists of small urban GT outlets like paan kiosks, dairies, and tea shops, often near transit points. They cater to on-the-move shoppers seeking quick, affordable impulse purchases, with no premium category sales.","Prioritize counter-top displays and visible merchandising for single-serve, grab-and-go beverage and snack SKUs. Introduce combo offers (e.g., beverage + snack) at Rs. 20-30 price points."
118872.0,1663605,Delhi,1663605,Bhai Lalpan,Retail,28.706814,77.212768,Delhi,Delhi,Delhi,Delhi,Urban,Mukherjee Nagar,Cig / Paan Kiosk,Super Agencies,3.41,0.08,0.57,2.29,0.48,0.17,1.15,0.52,0.51,0.52,0.52,0.52,0.51,0.51,17,47,91,2.0,17.0,36.0,1426.0,797.0,934.0,1594.0,1418.0,2000.0,2013.0,1776.0,1634.0,309.0,212.0,243.0,1937.0,3474.0,6641.0,High (>100),0.0,0.0,0.0,0.0,361045.0,Yes,No,No,No,No,No,No,Rs. 5,Rs. 5,,,GT,Urban,5.54662,Yes,60.0,<200 sqft,Micro Outlet,NEW DELHI,Delhi,yes,39515.3766,,,,3585.7679,9.0909,,4426.8732,,,,,,10890.108,,,23466.3804,1104.3474,,,,4962.0532,,,,,,87959.9976,7329.9998,24.5,12,North India,Retail,1052.3333333333333,1506.0,2006.5,1705.0,254.66666666666663,0.51,0.08,0.17,0.51,19.0,89.54,A,150.0,1.0,1,0.0,1.0,7002.09,-327.91,-4.7,False,A,360.0,1.0,1.0,0.0,0.0,0.0,0.0,0.0,0.0,1,1.0,5.0,5.0,,1.0,4,4,Urban Transit Impulse GT,"This cluster consists of small urban GT outlets like paan kiosks, dairies, and tea shops, often near transit points. They cater to on-the-move shoppers seeking quick, affordable impulse purchases, with no premium category sales.","Prioritize counter-top displays and visible merchandising for single-serve, grab-and-go beverage and snack SKUs. Introduce combo offers (e.g., beverage + snack) at Rs. 20-30 price points."
116922.0,1873364,Delhi,1873364,Shiv Dairy,Retail,28.713657,77.078698,Delhi,Delhi,Delhi,Delhi,Urban,Pooth Kalan,Dairy Str (Stand-alone),Super Agencies,3.43,0.16,0.26,2.55,0.69,0.18,2.88,0.98,0.5,0.98,0.98,0.98,0.98,0.98,24,93,192,2.0,7.0,13.0,3045.0,1267.0,1490.0,2170.0,2457.0,3069.0,2969.0,3229.0,3034.0,608.0,558.0,228.0,2835.0,5879.0,13317.0,High (>100),0.0,0.0,0.0,0.0,300593.0,No,No,No,No,No,No,No,Rs. 5,,,,GT,Urban,11.06916,Yes,125.0,<200 sqft,Micro Outlet,NEW DELHI,Delhi,yes,45720.1152,,363.636,,34141.4736,6090.903,,4636.359,,,,,,9039.5172,,,29543.0544,9076.6728,,,0.0,49222.4889,,,,,,187834.2201,15652.851675,36.75,12,North India,Retail,1934.0,2313.5,3019.0,3131.5,464.6666666666667,0.98,0.16,0.18,0.5,26.0,97.7,A,150.0,1.0,1,0.0,1.0,10607.76,-5045.09,-47.6,False,A,757.0,1.0,0.0,0.0,0.0,0.0,0.0,0.0,0.0,1,1.0,5.0,,,1.0,4,4,Urban Transit Impulse GT,"This cluster consists of small urban GT outlets like paan kiosks, dairies, and tea shops, often near transit points. They cater to on-the-move shoppers seeking quick, affordable impulse purchases, with no premium category sales.","Prioritize counter-top displays and visible merchandising for single-serve, grab-and-go beverage and snack SKUs. Introduce combo offers (e.g., beverage + snack) at Rs. 20-30 price points."
120744.0,S00898730,Visakhapatnam,S00898730,Rtrcoffeeshop Geetham,AFH - Others,17.719339,83.205994,Andhra Pradesh,Visakhapatnam,Visakhapatnam (Urban),Visakhapatnam,Urban,Marripalem,Coffee Shop (Stand-alone),Ssrs Enterprises,2.48,0.18,0.87,1.46,2.8,0.0,3.28,2.3,0.29,0.29,0.29,0.29,0.29,0.29,5,21,41,10.0,16.0,42.0,42.0,51.0,58.0,126.0,144.0,207.0,184.0,183.0,146.0,29.0,30.0,37.0,253.0,495.0,301.0,Medium (30 to 100),27.0,12.0,9.0,5.0,112227.0,No,No,No,No,No,No,No,,,,,Coffee Shop,Urban,1.6,Yes,95.0,<200 sqft,Micro Outlet,ANDHRA PRADESH,Visakhapatnam,yes,39956.256,,,,,,,8181.81,,,,,,,,,24716.322,,,,,,,,,,,72854.388,10407.769714,8.5,7,South India,OPSC21-AFH - Others,50.333333333333336,135.0,195.5,164.5,32.0,0.29,0.18,0.0,0.29,15.0,94.44,A,,1.0,1,0.0,1.0,2495.84,-7911.93,-317.0,False,A,860.0,1.0,0.0,0.0,0.0,0.0,0.0,0.0,0.0,1,1.0,,,,1.0,4,4,Urban Transit Impulse GT,"This cluster consists of small urban GT outlets like paan kiosks, dairies, and tea shops, often near transit points. They cater to on-the-move shoppers seeking quick, affordable impulse purchases, with no premium category sales.","Prioritize counter-top displays and visible merchandising for single-serve, grab-and-go beverage and snack SKUs. Introduce combo offers (e.g., beverage + snack) at Rs. 20-30 price points."
112041.0,S01373397,Siliguri,S01373397,Tiffin Time,Retail,26.726632,88.377292,West Bengal,Darjiling,Matigara,Baniakhari,Rural,,S. Ind Restaurnt,J. B. Sales Agency,2.49,0.47,1.16,115.47,0.6,107.99,1.28,2.6,1.8,2.5,2.5,2.5,2.5,2.5,11,31,62,0.0,3.0,8.0,6.0,10.0,14.0,33.0,5.0,108.0,172.0,179.0,282.0,138.0,150.0,60.0,142.0,300.0,594.0,Low (<30),82.0,23.0,10.0,6.0,72526.0,No,No,No,No,No,No,No,,,,,Restaurants,Periphery,2.1,Yes,120.0,<200 sqft,Micro Outlet,WEST BENGAL,Siliguri,yes,1418.1804,,,,3690.9054,727.272,4.5872,236.3634,,,,,,327.2724,,,563.6358,1709.0892,,,91.744,6890.9022,,,,,,15659.952,1565.9952,15.64,10,East India,Retail,10.0,19.0,140.0,230.5,116.0,2.5,0.47,1.28,1.8,11.0,39.48,C,15.0,1.0,1,0.0,0.0,4759.28,3193.29,67.1,True,C+,87.0,1.0,0.0,0.0,0.0,0.0,0.0,0.0,0.0,1,1.0,,,,0.0,2,4,Urban Transit Impulse GT,"This cluster consists of small urban GT outlets like paan kiosks, dairies, and tea shops, often near transit points. They cater to on-the-move shoppers seeking quick, affordable impulse purchases, with no premium category sales.","Prioritize counter-top displays and visible merchandising for single-serve, grab-and-go beverage and snack SKUs. Introduce combo offers (e.g., beverage + snack) at Rs. 20-30 price points."
113119.0,2384004,,2384004,Laxmi Srinuvasa Pan Shop,Retail,17.240402,80.148201,Telangana,Khammam,Khammam (Rural),Khammam (Khamm Rrl sub-distt) Pt 2 of 2,Urban,Khammam +OG (Kham'm Rrl sub-distt) Pt 2 of 2,Cig / Paan Kiosk,Sunrays Distribution,9.76,0.14,0.49,156.54,0.02,163.18,1.33,99.81,0.61,97.0,97.0,97.0,0.0,97.0,29,101,153,0.0,62.0,0.0,2.0,7.0,68.0,48.0,383.0,674.0,491.0,601.0,388.0,172.0,218.0,109.0,755.0,1312.0,825.0,High (>100),0.0,0.0,0.0,0.0,51548.0,Yes,No,No,No,No,No,No,Rs. 5,Rs. 5,,,GT,,,No,50.0,<200 sqft,Micro Outlet,TELANGANA,Balance,yes,,,,,727.272,,7892.904,,,,,,,,,,,,,,6391.638,3745.4508,,,,,,18757.2648,1875.72648,8.7,10,South India,Retail,25.666666666666668,215.5,582.5,494.5,166.33333333333334,0.0,0.14,1.33,0.61,29.0,46.9,C,150.0,0.0,1,0.0,0.0,2047.17,171.44,8.4,True,C+,1223.0,0.0,1.0,0.0,0.0,0.0,0.0,0.0,0.0,1,1.0,5.0,5.0,,1.0,2,4,Urban Transit Impulse GT,"This cluster consists of small urban GT outlets like paan kiosks, dairies, and tea shops, often near transit points. They cater to on-the-move shoppers seeking quick, affordable impulse purchases, with no premium category sales.","Prioritize counter-top displays and visible merchandising for single-serve, grab-and-go beverage and snack SKUs. Introduce combo offers (e.g., beverage + snack) at Rs. 20-30 price points."
113155.0,S01105048,Delhi,S01105048,Sameer Dairy,Retail,28.628446,77.038114,Delhi,Delhi,Delhi,Delhi,Urban,Nawada,Dairy Str (Stand-alone),Nirman Retail Holdings,2.37,0.12,0.32,4.05,0.21,0.89,1.12,2.86,0.22,0.22,0.22,0.22,0.22,0.22,24,87,189,2.0,10.0,21.0,2896.0,1518.0,1691.0,2526.0,3183.0,3869.0,3839.0,3778.0,3528.0,751.0,681.0,195.0,3400.0,7368.0,15316.0,High (>100),44.0,1137.0,2637.0,88.0,279986.0,No,No,No,No,No,No,No,Rs. 5,,,,GT,Urban,9.21842,Yes,105.0,<200 sqft,Micro Outlet,NEW DELHI,Delhi,yes,4927.2678,,509.0904,,15454.5391,545.454,5220.369,472.7268,,,642.8592,,,745.4538,,,2236.3614,3486.1632,,,508.9302,28335.1614,,,,,,63084.3763,7009.375144,25.33,9,North India,Retail,2035.0,2854.5,3854.0,3653.0,542.3333333333334,0.22,0.12,0.89,0.22,26.0,88.78,A,150.0,1.0,1,0.0,1.0,7237.15,227.77,3.1,True,A+,289.0,1.0,0.0,0.0,0.0,0.0,0.0,0.0,0.0,1,1.0,5.0,,,1.0,4,4,Urban Transit Impulse GT,"This cluster consists of small urban GT outlets like paan kiosks, dairies, and tea shops, often near transit points. They cater to on-the-move shoppers seeking quick, affordable impulse purchases, with no premium category sales.","Prioritize counter-top displays and visible merchandising for single-serve, grab-and-go beverage and snack SKUs. Introduce combo offers (e.g., beverage + snack) at Rs. 20-30 price points."
108381.0,S00994899,Chandigarh,S00994899,Verka Booth 10,Retail,30.687087,76.738256,Punjab,Rupnagar,S.A.S.Nagar (Mohali),S.A.S. Nagar (Mohali),Urban,Chandi Path,Dairy str,Bhushan Enterprises-Sdp,3.37,0.3,2.18,17.55,1.71,54.86,2.35,1.24,0.68,1.24,1.24,1.24,0.73,0.73,14,37,73,0.0,2.0,7.0,117.0,192.0,116.0,272.0,136.0,157.0,88.0,113.0,109.0,39.0,28.0,14.0,10805.0,17609.0,19552.0,Low (<30),15.0,42.0,20.0,2.0,50116.0,No,No,No,No,No,No,No,,,,,GT,Periphery,0.6,Yes,120.0,<200 sqft,Micro Outlet,PUNJAB,Balance,yes,28890.8802,,,,3345.4512,,,2127.2706,,,,,,8109.0828,,,16399.9836,1154.5443,,,,4445.4501,,,,,,64472.6628,5372.7219,24.25,12,North India,Retail,141.66666666666666,204.0,122.5,111.0,27.0,0.73,0.3,2.35,0.68,14.0,83.76,A,15.0,1.0,1,0.0,0.0,7090.68,1717.96,24.2,True,A+,121.0,1.0,0.0,0.0,0.0,0.0,0.0,0.0,0.0,1,1.0,,,,1.0,4,4,Urban Transit Impulse GT,"This cluster consists of small urban GT outlets like paan kiosks, dairies, and tea shops, often near transit points. They cater to on-the-move shoppers seeking quick, affordable impulse purchases, with no premium category sales.","Prioritize counter-top displays and visible merchandising for single-serve, grab-and-go beverage and snack SKUs. Introduce combo offers (e.g., beverage + snack) at Rs. 20-30 price points."
111089.0,S00684649,Raipur,S00684649,Dewangan Pan Palace,Retail,21.254347,81.548708,Chattisgarh,Raipur,Raipur,Raipur (Chattis),Urban,Vir Sawarkar Nagar,Cig / Paan Kiosk,Krishna Agency,3.06,0.65,2.32,6.6,2.16,0.0,2.61,3.81,1.01,1.01,1.01,1.01,1.01,1.01,2,4,23,0.0,0.0,3.0,5.0,7.0,8.0,10.0,24.0,26.0,31.0,58.0,43.0,15.0,19.0,45.0,39.0,68.0,146.0,Low (<30),35.0,7.0,2.0,0.0,117438.0,Yes,No,No,No,No,No,No,Rs. 5,Rs. 5,,,GT,Urban,0.6,No,45.0,<200 sqft,Micro Outlet,CHHATTISGARH,Raipur,yes,,,,,2509.0884,,4607.322,,,,,,,,,,,327.2724,,,3784.44,5781.8124,,,,,,17009.9352,1417.4946,5.67,12,East India,Retail,6.666666666666667,17.0,28.5,50.5,26.33333333333333,1.01,0.65,0.0,1.01,2.0,35.3,C,15.0,0.0,1,0.0,1.0,1400.63,-16.87,-1.2,False,C,1303.0,0.0,1.0,0.0,0.0,0.0,0.0,0.0,0.0,1,1.0,5.0,5.0,,1.0,2,4,Urban Transit Impulse GT,"This cluster consists of small urban GT outlets like paan kiosks, dairies, and tea shops, often near transit points. They cater to on-the-move shoppers seeking quick, affordable impulse purchases, with no premium category sales.","Prioritize counter-top displays and visible merchandising for single-serve, grab-and-go beverage and snack SKUs. Introduce combo offers (e.g., beverage + snack) at Rs. 20-30 price points."
115581.0,1905596,,1905596,Pankaj Stationery,Retail,26.923454,70.909617,Rajasthan,Jaisalmer,Jaisalmer,Jaisalmer,Urban,Jaisalmer,Stationary Str,R.M.B.And Company,15.77,361.75,131.36,217.71,0.6,424.61,1.9,220.32,0.74,215.15,215.15,215.15,215.15,215.15,16.0,49.0,62.0,0.0,0.0,0.0,130.0,292.0,798.0,751.0,1696.0,2522.0,1577.0,1952.0,1391.0,603.0,732.0,366.0,1655.0,2930.0,8440.0,High (>100),0.0,0.0,0.0,0.0,233556.0,No,No,No,No,No,No,No,,,,,GT,,,No,100.0,<200 sqft,Micro Outlet,RAJASTHAN,Balance,yes,1454.544,,,,2399.9976,,,,,,,,,272.727,,,818.181,545.454,,,,1745.4528,,,,,,7236.3564,2412.1188,9.33,3,North India,Retail,406.6666666666667,1223.5,2049.5,1671.5,567.0,215.15,131.36,1.9,0.74,16.0,56.96,C,150.0,0.0,1,0.0,0.0,2299.01,-113.1,-4.9,False,C,1319.0,0.0,0.0,0.0,0.0,0.0,0.0,0.0,0.0,1,1.0,,,,1.0,2,4,Urban Transit Impulse GT,"This cluster consists of small urban GT outlets like paan kiosks, dairies, and tea shops, often near transit points. They cater to on-the-move shoppers seeking quick, affordable impulse purchases, with no premium category sales.","Prioritize counter-top displays and visible merchandising for single-serve, grab-and-go beverage and snack SKUs. Introduce combo offers (e.g., beverage + snack) at Rs. 20-30 price points."
101685.0,2206408,,2206408,Waheguru Dairy,Retail,30.68686,75.0909,Punjab,Moga,Bhagha Purana,Bhagha Purana,Urban,Bhagha Purana,Dairy str,Mujral Brother And Sons-Tt,15.0,0.12,6.36,48.79,8.81,8.79,15.22,0.31,0.29,0.31,0.31,0.31,0.29,0.29,7,11,12,0.0,0.0,0.0,77.0,151.0,331.0,324.0,588.0,840.0,536.0,683.0,591.0,248.0,297.0,149.0,615.0,1150.0,3210.0,High (>100),0.0,0.0,0.0,0.0,337594.0,No,No,No,No,No,No,No,,,,,GT,,,Yes,105.0,<200 sqft,Micro Outlet,PUNJAB,Balance,yes,19781.0079,,,,23383.386,309.0906,8123.5148,199.9998,,,,,,3218.1786,,,16144.6479,481.8177,,,9782.8306,32447.0133,,,,,,113871.4872,9489.2906,23.42,12,North India,Retail,186.3333333333333,456.0,688.0,637.0,231.3333333333333,0.29,0.12,8.79,0.29,7.0,93.64,A,150.0,1.0,1,0.0,0.0,6865.02,-2624.27,-38.2,False,A,586.0,1.0,0.0,0.0,0.0,0.0,0.0,0.0,0.0,1,1.0,,,,1.0,4,4,Urban Transit Impulse GT,"This cluster consists of small urban GT outlets like paan kiosks, dairies, and tea shops, often near transit points. They cater to on-the-move shoppers seeking quick, affordable impulse purchases, with no premium category sales.","Prioritize counter-top displays and visible merchandising for single-serve, grab-and-go beverage and snack SKUs. Introduce combo offers (e.g., beverage + snack) at Rs. 20-30 price points."
113249.0,2804582,Jaipur,2804582,NILU TEA STALL,Retail,26.94238106,75.77372298,Rajasthan,Jaipur,Jaipur,Jaipur,Urban,Ambabari,Tea Shop (Hot),Balaji Enterprises,4.62,4.35,0.34,1.94,0.51,92.11,0.81,0.3,0.22,0.22,0.22,0.22,0.22,0.22,13,74,207,2.0,10.0,27.0,129.0,129.0,165.0,247.0,257.0,413.0,362.0,275.0,256.0,84.0,62.0,27.0,287.0,647.0,1313.0,Medium (30 to 100),47.0,41.0,10.0,5.0,9932517.0,No,Yes,No,No,No,No,No,Rs. 5,,Rs. 5,,GT,Urban,0.9,No,80.0,<200 sqft,Micro Outlet,RAJASTHAN,Jaipur,yes,,,,,436.3632,,,,,,,,,,,,,218.1816,,,54.546,545.454,,,,,,1254.5448,418.1816,4.0,3,North India,Retail,141.0,252.0,387.5,265.5,57.66666666666666,0.22,0.34,0.81,0.22,15.0,6.16,D,,0.0,1,0.0,1.0,752.28,334.1,44.4,True,D+,1251.0,0.0,0.0,1.0,0.0,0.0,0.0,0.0,0.0,1,1.0,5.0,,5.0,1.0,1,4,Urban Transit Impulse GT,"This cluster consists of small urban GT outlets like paan kiosks, dairies, and tea shops, often near transit points. They cater to on-the-move shoppers seeking quick, affordable impulse purchases, with no premium category sales.","Prioritize counter-top displays and visible merchandising for single-serve, grab-and-go beverage and snack SKUs. Introduce combo offers (e.g., beverage + snack) at Rs. 20-30 price points."
121389.0,S01214080,Raipur,S01214080,Sahu Pan Pailesh,Retail,21.261687,81.673832,Chattisgarh,Raipur,Raipur,Raipur (Chattis),Urban,Dr. Bhimrao Ambedkar,Cig / Paan Kiosk,Abir Enterprises - Tt,3.64,0.49,1.24,7.33,0.84,0.0,2.92,1.43,0.62,0.65,0.62,0.65,0.62,0.62,8,33,77,0.0,5.0,14.0,41.0,35.0,43.0,92.0,88.0,155.0,165.0,165.0,141.0,22.0,25.0,20.0,151.0,269.0,444.0,Medium (30 to 100),79.0,53.0,33.0,25.0,161357.0,Yes,No,No,No,No,No,No,Rs. 5,Rs. 5,,,GT,Urban,1.5,Yes,70.0,<200 sqft,Micro Outlet,CHHATTISGARH,Raipur,yes,38921.2212,,,,24403.9302,6132.4055,9230.8646,3799.9962,,,,,,9853.7454,,,24035.5494,7967.9769,1009.0899,,6351.4791,40833.9594,,,,,,172540.2178,14378.351483,33.75,12,East India,Retail,39.66666666666666,90.0,160.0,153.0,22.33333333333333,0.62,0.49,0.0,0.62,8.0,97.26,A,,1.0,1,0.0,1.0,9734.39,-4643.96,-47.7,False,A,738.0,1.0,1.0,0.0,0.0,0.0,0.0,0.0,0.0,1,1.0,5.0,5.0,,1.0,4,4,Urban Transit Impulse GT,"This cluster consists of small urban GT outlets like paan kiosks, dairies, and tea shops, often near transit points. They cater to on-the-move shoppers seeking quick, affordable impulse purchases, with no premium category sales.","Prioritize counter-top displays and visible merchandising for single-serve, grab-and-go beverage and snack SKUs. Introduce combo offers (e.g., beverage + snack) at Rs. 20-30 price points."
117336.0,2547059,,2547059,Dhitisha Restaurant,Retail,26.26230667,91.69576833,Assam,Kamrup,North Guwahati,Dhobartari,Rural,,QSRs (Ind) Stand-alone,Bhranti Communication - Rd,8.67,6.66,9.57,11.75,1.88,4.68,0.19,9.67,4.53,4.53,4.53,4.53,4.53,4.53,5,13,23,0.0,0.0,0.0,11.0,23.0,34.0,25.0,2.0,108.0,175.0,152.0,273.0,90.0,85.0,32.0,164.0,269.0,522.0,Low (<30),0.0,0.0,0.0,0.0,18678.0,No,No,No,No,No,No,No,,,,,Restaurants,,,Yes,230.0,200–300 sqft,Small Outlet,ASSAM,Balance,yes,3890.9052,,,,7454.538,363.636,1915.6569,,,,1489.8813,,,4418.1774,,,3072.7242,7354.1442,,,1025.2395,10927.2618,,,,,,41912.1645,3492.680375,17.33,12,Northeast India,Retail,22.666666666666668,13.5,141.5,212.5,69.0,4.53,6.66,0.19,4.53,5.0,70.96,B,15.0,1.0,1,0.0,0.0,5601.05,2108.37,37.6,True,B+,271.0,1.0,0.0,0.0,0.0,0.0,0.0,0.0,0.0,1,2.0,,,,0.0,3,4,Urban Transit Impulse GT,"This cluster consists of small urban GT outlets like paan kiosks, dairies, and tea shops, often near transit points. They cater to on-the-move shoppers seeking quick, affordable impulse purchases, with no premium category sales.","Prioritize counter-top displays and visible merchandising for single-serve, grab-and-go beverage and snack SKUs. Introduce combo offers (e.g., beverage + snack) at Rs. 20-30 price points."
111529.0,S01096770,Ludhiana,S01096770,Rs Stationery,Retail,30.895052,75.90206,Punjab,Ludhiana,Ludhiana (East),Ludhiana,Urban,Dhandari Khurd,Cosmetc / Fancy Str (Stand-alone),V.M Enterprises-Tt,3.21,0.48,1.47,2.34,0.53,5.43,2.42,1.3,0.1,0.23,0.16,0.23,0.1,0.1,23,65,131,0.0,2.0,2.0,36.0,41.0,40.0,69.0,110.0,136.0,163.0,256.0,177.0,55.0,69.0,191.0,219.0,257.0,495.0,Medium (30 to 100),13.0,33.0,10.0,0.0,149373.0,No,No,No,No,No,No,No,Rs. 5,,,,GT,Urban,2.3,No,90.0,<200 sqft,Micro Outlet,PUNJAB,Ludhiana,yes,3499.6014,,,,12745.4444,,8340.8445,72.7272,,,2360.0772,,,1940.7096,,,1799.9982,4267.9806,,,7209.7905,17658.4824,,,,,,59895.656,4991.304667,21.75,12,North India,Retail,39.0,89.5,149.5,216.5,105.0,0.1,0.48,2.42,0.1,23.0,82.2,A,,0.0,1,0.0,1.0,5950.61,959.31,16.1,True,A+,197.0,0.0,0.0,0.0,0.0,0.0,0.0,0.0,0.0,1,1.0,5.0,,,1.0,4,4,Urban Transit Impulse GT,"This cluster consists of small urban GT outlets like paan kiosks, dairies, and tea shops, often near transit points. They cater to on-the-move shoppers seeking quick, affordable impulse purchases, with no premium category sales.","Prioritize counter-top displays and visible merchandising for single-serve, grab-and-go beverage and snack SKUs. Introduce combo offers (e.g., beverage + snack) at Rs. 20-30 price points."
122058.0,S01005237,,S01005237,Gadly Stationers,Retail,24.088653,88.244875,West Bengal,Murshidabad,Baharampur unassignd,Baharampur,Urban,Baharampur,Stationary Str,Das Enterprise,3.48,0.27,0.29,2.12,0.6,43.96,1.91,5.8,1.72,5.8,5.8,5.8,5.8,5.8,12,39,97,0.0,7.0,9.0,216.0,447.0,1770.0,1330.0,4354.0,6844.0,5327.0,6965.0,6946.0,2934.0,3961.0,1981.0,12171.0,12307.0,13031.0,High (>100),0.0,0.0,0.0,0.0,85986.0,No,No,No,No,No,No,No,,,,,GT,,,No,90.0,<200 sqft,Micro Outlet,WEST BENGAL,Balance,yes,163.6362,,,,1190.9079,,1665.2372,,,,219.1848,,,,,,54.5454,981.8172,,,745.5869,790.9083,,,,,,5811.8239,645.758211,5.8,9,East India,Retail,811.0,2842.0,6085.5,6955.5,2958.6666666666665,5.8,0.27,1.91,1.72,12.0,12.02,D,150.0,0.0,1,0.0,0.0,1421.81,776.05,54.6,True,D+,1007.0,0.0,0.0,0.0,0.0,0.0,0.0,0.0,0.0,1,1.0,,,,1.0,1,4,Urban Transit Impulse GT,"This cluster consists of small urban GT outlets like paan kiosks, dairies, and tea shops, often near transit points. They cater to on-the-move shoppers seeking quick, affordable impulse purchases, with no premium category sales.","Prioritize counter-top displays and visible merchandising for single-serve, grab-and-go beverage and snack SKUs. Introduce combo offers (e.g., beverage + snack) at Rs. 20-30 price points."
120745.0,2428300,,2428300,Mahavir Farsan,Retail,21.703551,72.996868,Gujarat,Bharuch,Bharuch,Bharuch,Urban,Old Town East,Chats & Snacks (Stand-alone),Arpan Agency,1.41,0.18,0.12,60.57,0.46,114.2,0.29,57.11,0.54,4.42,2.18,2.18,2.18,2.18,13,36,75,12.0,16.0,21.0,115.0,119.0,140.0,162.0,214.0,287.0,274.0,374.0,384.0,120.0,111.0,617.0,381.0,657.0,1421.0,Low (<30),,,,,201261.0,No,No,No,No,No,No,No,,,,,GT,,,Yes,280.0,200–300 sqft,Small Outlet,GUJARAT,Balance,yes,18.1818,,5879.0472,,112061.5704,7549.4029,,12126.4704,,,,,,,,,18991.2864,,,,,31983.7713,,,,,,188609.7304,15717.477533,19.83,12,GUJARAT,Retail,124.66666666666669,188.0,280.5,379.0,282.6666666666667,2.18,0.12,0.29,0.54,25.0,97.74,A,15.0,1.0,1,0.0,0.0,6201.86,-9515.62,-153.4,False,A,884.0,1.0,0.0,0.0,0.0,0.0,0.0,0.0,0.0,1,2.0,,,,1.0,4,4,Urban Transit Impulse GT,"This cluster consists of small urban GT outlets like paan kiosks, dairies, and tea shops, often near transit points. They cater to on-the-move shoppers seeking quick, affordable impulse purchases, with no premium category sales.","Prioritize counter-top displays and visible merchandising for single-serve, grab-and-go beverage and snack SKUs. Introduce combo offers (e.g., beverage + snack) at Rs. 20-30 price points."
118465.0,2404436,,2404436,Veera Venkat Sai Book Stall,Retail,14.472896,78.832459,Andhra Pradesh,Cuddapah,Cuddapah,Cuddapah,Urban,Cuddapah,Book Str,Sudha Enterprises,1.11,0.01,0.31,2.52,0.77,0.0,2.4,119.75,0.88,119.65,119.65,119.65,119.65,119.65,48,134,183,21.0,83.0,97.0,298.0,709.0,3147.0,2454.0,9004.0,14451.0,10062.0,12534.0,9146.0,3796.0,3923.0,1961.0,14623.0,27727.0,41117.0,High (>100),0.0,0.0,0.0,0.0,76076.0,No,No,No,No,No,No,No,,,,,Institutional ,,,No,85.0,<200 sqft,Micro Outlet,ANDHRA PRADESH,Balance,yes,236.3634,,,,7618.1742,4272.723,1580.6658,,,,,,,,,,72.7272,,,,8330.9398,6409.0845,,,,,,28520.6779,2376.723158,15.42,12,South India,Retail,1384.6666666666667,5729.0,12256.5,10840.0,3226.6666666666665,119.65,0.01,0.0,0.88,69.0,56.48,C,150.0,0.0,1,0.0,0.0,3961.25,1584.53,40.0,True,C+,597.0,0.0,0.0,0.0,0.0,0.0,0.0,0.0,0.0,1,1.0,,,,1.0,2,4,Urban Transit Impulse GT,"This cluster consists of small urban GT outlets like paan kiosks, dairies, and tea shops, often near transit points. They cater to on-the-move shoppers seeking quick, affordable impulse purchases, with no premium category sales.","Prioritize counter-top displays and visible merchandising for single-serve, grab-and-go beverage and snack SKUs. Introduce combo offers (e.g., beverage + snack) at Rs. 20-30 price points."
113185.0,S01194079,,S01194079,Dakhinakali Mobile,Retail,19.81838421,85.8406015,Orissa,Puri,Puri town,Puri,Urban,Sarbodaya Nagar,,Sahoo Enterprisers,1.12,0.3,4.07,48.27,0.74,0.0,1.23,47.59,45.85,45.85,45.85,45.85,45.85,45.85,21,55,86,0.0,0.0,0.0,149.0,173.0,207.0,281.0,312.0,446.0,404.0,509.0,496.0,77.0,99.0,43.0,652.0,894.0,1336.0,Low (<30),0.0,0.0,0.0,0.0,279091.0,No,No,No,No,No,No,No,,,,,Others,,,No,60.0,<200 sqft,Micro Outlet,ORISSA,Balance,yes,1396.0461,,,,1690.9074,272.727,2237.7196,272.727,,,,,,777.8649,,,701.1852,1718.1801,,,2054.2316,3999.996,,,,,,15121.5849,1374.689536,15.73,11,East India,Retail,176.33333333333334,296.5,425.0,502.5,73.0,45.85,0.3,0.0,45.85,21.0,34.3,C,15.0,0.0,1,0.0,0.0,4528.18,3153.49,69.6,True,C+,95.0,0.0,0.0,0.0,0.0,0.0,0.0,0.0,0.0,1,1.0,,,,1.0,2,4,Urban Transit Impulse GT,"This cluster consists of small urban GT outlets like paan kiosks, dairies, and tea shops, often near transit points. They cater to on-the-move shoppers seeking quick, affordable impulse purchases, with no premium category sales.","Prioritize counter-top displays and visible merchandising for single-serve, grab-and-go beverage and snack SKUs. Introduce combo offers (e.g., beverage + snack) at Rs. 20-30 price points."
117309.0,2445472,,2445472,Avinash Pan Bhandar,Retail,25.976735,86.213216,Bihar,Darbhanga,Biraul,Rohar,Rural,,Cig / Paan Kiosk,Khushi Enterprises - Rd,7.39,8.31,35.7,84.18,12.06,0.0,3.44,81.5,4.94,81.5,81.5,81.5,81.5,81.5,3,11,17,0.0,0.0,0.0,13.0,31.0,48.0,173.0,132.0,133.0,170.0,456.0,769.0,969.0,932.0,387.0,560.0,741.0,2311.0,Low (<30),0.0,0.0,0.0,0.0,16504.0,Yes,No,No,No,No,No,No,Rs. 5,Rs. 5,,,GT,,,No,45.0,<200 sqft,Micro Outlet,BIHAR,Balance,yes,,,,,450.593,,1582.584,,,,,,,,,,,,,,616.254,377.0754,,,,,,3026.5064,302.65064,3.2,10,East India,Retail,30.666666666666668,152.5,151.5,612.5,762.6666666666666,81.5,8.31,0.0,4.94,3.0,3.34,D,15.0,0.0,1,0.0,0.0,821.72,519.07,63.2,True,D+,1160.0,0.0,1.0,0.0,0.0,0.0,0.0,0.0,0.0,1,1.0,5.0,5.0,,0.0,1,4,Urban Transit Impulse GT,"This cluster consists of small urban GT outlets like paan kiosks, dairies, and tea shops, often near transit points. They cater to on-the-move shoppers seeking quick, affordable impulse purchases, with no premium category sales.","Prioritize counter-top displays and visible merchandising for single-serve, grab-and-go beverage and snack SKUs. Introduce combo offers (e.g., beverage + snack) at Rs. 20-30 price points."
116072.0,2744835,Ahmadabad,2744835,Shubham Pan Parlour,Retail,23.080855,72.532248,Gujarat,Ahmedabad,Ahmedabad City,Ahmedabad,Urban,Chandlodiya,Cig / Paan Kiosk,Krish Enterprise,3.45,0.3,1.07,2.12,1.27,0.32,1.36,0.21,0.21,0.21,0.21,0.21,0.21,0.21,16,70,121,0.0,1.0,1.0,16.0,43.0,94.0,112.0,202.0,289.0,177.0,227.0,213.0,78.0,59.0,29.0,338.0,459.0,803.0,Medium (30 to 100),,,,,158903.0,Yes,No,No,No,No,No,No,Rs. 5,Rs. 5,,,GT,Urban,0.4,No,50.0,<200 sqft,Micro Outlet,GUJARAT,Ahmadabad,yes,,,,,13194.4566,181.818,,,,,,,,,,,163.6362,109.0908,,,,4026.8748,,,,,,17675.8764,2209.48455,6.88,8,GUJARAT,Retail,51.0,157.0,233.0,220.0,55.333333333333336,0.21,0.3,0.32,0.21,16.0,54.04,C,,0.0,1,0.0,1.0,1580.3,-629.19,-39.8,False,C,1421.0,0.0,1.0,0.0,0.0,0.0,0.0,0.0,0.0,1,1.0,5.0,5.0,,1.0,2,4,Urban Transit Impulse GT,"This cluster consists of small urban GT outlets like paan kiosks, dairies, and tea shops, often near transit points. They cater to on-the-move shoppers seeking quick, affordable impulse purchases, with no premium category sales.","Prioritize counter-top displays and visible merchandising for single-serve, grab-and-go beverage and snack SKUs. Introduce combo offers (e.g., beverage + snack) at Rs. 20-30 price points."
113825.0,2793684,Jalandhar,2793684,SUNNY STATIONARY WORLD,Retail,31.2945271,75.5723713,Punjab,Jalandhar,Jalandhar - I,Jalandhar,Urban,Ujala Nagar,Stationary Str,Cm Associates (P) Ltd-Sdp,4.18,0.74,0.85,2.93,0.64,51.32,4.43,0.77,0.55,0.64,0.64,0.64,0.55,0.55,3,29,65,2.0,3.0,9.0,254.0,225.0,263.0,427.0,471.0,764.0,882.0,1310.0,1228.0,259.0,268.0,64.0,768.0,1721.0,3376.0,Medium (30 to 100),81.0,113.0,8.0,2.0,178486.0,No,No,No,No,No,No,No,,,,,GT,Urban,0.1,No,95.0,<200 sqft,Micro Outlet,PUNJAB,Jalandhar,yes,3145.4514,,,,1290.9078,272.727,109.092,709.0902,,,,,,290.9088,,,1254.5442,654.5448,,,163.638,2290.9068,,,,,,10181.811,2545.45275,17.8,4,North India,Retail,247.3333333333333,449.0,823.0,1269.0,197.0,0.55,0.74,4.43,0.55,5.0,59.32,C,,0.0,1,0.0,1.0,4825.76,2280.31,47.3,True,C+,305.0,0.0,0.0,0.0,0.0,0.0,0.0,0.0,0.0,1,1.0,,,,1.0,2,4,Urban Transit Impulse GT,"This cluster consists of small urban GT outlets like paan kiosks, dairies, and tea shops, often near transit points. They cater to on-the-move shoppers seeking quick, affordable impulse purchases, with no premium category sales.","Prioritize counter-top displays and visible merchandising for single-serve, grab-and-go beverage and snack SKUs. Introduce combo offers (e.g., beverage + snack) at Rs. 20-30 price points."
114341.0,2411123,,2411123,Uday Pan,Retail,25.385505,87.096658,Bihar,Bhagalpur,Naugachhia,Naugachhia,Urban,Naugachhia,Cig / Paan Kiosk,Maa Durga Enterprises,2.36,0.14,16.58,189.6,8.91,0.0,0.3,186.77,50.47,186.23,186.23,186.23,186.23,186.23,14,32,51,0.0,0.0,0.0,9.0,31.0,211.0,173.0,980.0,1673.0,1033.0,1286.0,957.0,470.0,1149.0,575.0,989.0,1677.0,6664.0,High (>100),0.0,0.0,0.0,0.0,89815.0,Yes,No,No,No,No,No,No,Rs. 5,Rs. 5,,,GT,,,No,55.0,<200 sqft,Micro Outlet,BIHAR,Balance,yes,1145.4534,,,,827.2719,,20363.73,,,,435.784,,,,,,,,,,17474.1045,418.1814,,,,,,40664.5252,3388.710433,7.75,12,East India,Retail,83.66666666666667,576.5,1353.0,1121.5,731.3333333333334,186.23,0.14,0.0,50.47,14.0,70.04,B,150.0,0.0,1,0.0,0.0,2339.06,-1049.65,-44.9,False,B,880.0,0.0,1.0,0.0,0.0,0.0,0.0,0.0,0.0,1,1.0,5.0,5.0,,1.0,3,4,Urban Transit Impulse GT,"This cluster consists of small urban GT outlets like paan kiosks, dairies, and tea shops, often near transit points. They cater to on-the-move shoppers seeking quick, affordable impulse purchases, with no premium category sales.","Prioritize counter-top displays and visible merchandising for single-serve, grab-and-go beverage and snack SKUs. Introduce combo offers (e.g., beverage + snack) at Rs. 20-30 price points."
112995.0,2133521,Bengaluru,2133521,Pooja Vegetables,Retail,12.822775,77.686102,Karnataka,Bengaluru Urban,Anekal,Bommasandra,Urban,Bommasandra,Fruit / Veg Str,Sri Vinayaka Agencies,3.71,0.33,1.14,2.49,0.69,0.44,2.9,10.59,0.08,0.17,0.08,0.17,0.08,0.08,4,24,45,1.0,7.0,33.0,53.0,118.0,287.0,287.0,576.0,836.0,622.0,763.0,494.0,170.0,86.0,43.0,1241.0,1492.0,1129.0,High (>100),0.0,0.0,0.0,0.0,170650.0,No,No,No,No,No,No,No,,,,,GT,Periphery,4.8,No,410.0,300–600 sqft,Core Outlet,KARNATAKA,Bengaluru,yes,4149.4032,,,,12389.715,636.363,8672.0775,,,,,,,,,,,,,,8175.534,17403.1494,,,,,,51426.2421,4285.520175,21.75,12,West India,Retail,152.66666666666666,431.5,729.0,628.5,99.66666666666669,0.08,0.33,0.44,0.08,5.0,77.88,B,150.0,0.0,1,0.0,0.0,6824.45,2538.93,37.2,True,B+,188.0,0.0,0.0,0.0,0.0,0.0,0.0,0.0,0.0,1,,,,,1.0,3,4,Urban Transit Impulse GT,"This cluster consists of small urban GT outlets like paan kiosks, dairies, and tea shops, often near transit points. They cater to on-the-move shoppers seeking quick, affordable impulse purchases, with no premium category sales.","Prioritize counter-top displays and visible merchandising for single-serve, grab-and-go beverage and snack SKUs. Introduce combo offers (e.g., beverage + snack) at Rs. 20-30 price points."
116069.0,1792628,Delhi,1792628,Munna Pan,AFH - Others,28.539163,77.283705,Delhi,Delhi,Delhi,Delhi,Urban,Savita Vihar,Cig / Paan Kiosk,Shri Shivji Enterprises-Sdp,0.61,0.72,0.23,0.55,0.29,0.11,0.11,0.26,0.21,0.26,0.26,0.26,0.26,0.26,2,29,81,3.0,19.0,34.0,1074.0,617.0,717.0,1304.0,1106.0,1598.0,1648.0,1931.0,1620.0,385.0,314.0,645.0,1919.0,2890.0,5840.0,Medium (30 to 100),0.0,0.0,0.0,0.0,334086.0,Yes,No,No,No,No,No,No,Rs. 5,Rs. 5,,,GT,Urban,2.75063,No,45.0,<200 sqft,Micro Outlet,NEW DELHI,Delhi,yes,6648.8043,,,,4689.8068,36.3636,17.8572,,,,,,,127.2726,,,5144.679,36.3636,,,13.3929,5744.7876,,,,,,22459.3276,2041.757055,9.08,11,North India,OPSC21-AFH - Others,802.6666666666666,1205.0,1623.0,1775.5,448.0,0.26,0.23,0.11,0.21,5.0,50.68,C,,0.0,1,0.0,1.0,2350.88,309.12,13.1,True,C+,1180.0,0.0,1.0,0.0,0.0,0.0,0.0,0.0,0.0,1,1.0,5.0,5.0,,1.0,2,4,Urban Transit Impulse GT,"This cluster consists of small urban GT outlets like paan kiosks, dairies, and tea shops, often near transit points. They cater to on-the-move shoppers seeking quick, affordable impulse purchases, with no premium category sales.","Prioritize counter-top displays and visible merchandising for single-serve, grab-and-go beverage and snack SKUs. Introduce combo offers (e.g., beverage + snack) at Rs. 20-30 price points."
114156.0,2587156,,2587156,Lolo Pco,Retail,25.482885,80.334714,Uttar Pradesh,Banda,Banda,Banda (UP),Urban,DM Colony,,Chaurasiya Agency,0.96,0.11,0.15,67.38,0.36,0.14,0.82,106.13,1.14,97.22,97.22,97.22,97.22,97.22,34,124,155,1.0,2.0,3.0,122.0,131.0,136.0,222.0,343.0,405.0,338.0,422.0,393.0,102.0,121.0,77.0,280.0,606.0,1646.0,High (>100),0.0,0.0,0.0,0.0,81937.0,No,No,No,No,No,No,No,,,,,Others,,,No,60.0,<200 sqft,Micro Outlet,UTTAR PRADESH,Balance,yes,977.8647,,,,727.272,,1191.9681,,,,803.574,,,,,,,436.3632,,,977.6817,1890.9072,,,,,,7005.6309,1167.60515,11.17,6,UTTAR PRADESH,SC05-Retail,129.66666666666666,282.5,371.5,407.5,100.0,97.22,0.11,0.14,1.14,35.0,27.74,D,150.0,0.0,1,0.0,0.0,2675.91,1508.3,56.4,True,D+,489.0,0.0,0.0,0.0,0.0,0.0,0.0,0.0,0.0,1,1.0,,,,1.0,1,4,Urban Transit Impulse GT,"This cluster consists of small urban GT outlets like paan kiosks, dairies, and tea shops, often near transit points. They cater to on-the-move shoppers seeking quick, affordable impulse purchases, with no premium category sales.","Prioritize counter-top displays and visible merchandising for single-serve, grab-and-go beverage and snack SKUs. Introduce combo offers (e.g., beverage + snack) at Rs. 20-30 price points."
113901.0,S01106443,Dhanbad,S01106443,Ronit Ice Cream Center  [A],Retail,23.824561,86.482601,Jharkhand,Dhanbad,Dhanbad-Cum-Kenduadih-Cum-Jagta,Dhanbad,Urban,Dhanbad,Ice Cream Parlour (Stand-alone),Chandan Enterprises - Tt,6.86,0.89,1.49,38.73,1.15,0.0,4.64,1.32,0.08,0.08,0.08,0.08,0.08,0.08,8,19,46,0.0,3.0,8.0,1431.0,3100.0,11255.0,9041.0,27129.0,42241.0,28314.0,35445.0,26950.0,11845.0,16021.0,8010.0,26559.0,47513.0,143513.0,High (>100),85.0,102.0,30.0,18.0,112003.0,No,No,No,No,No,No,No,,,,,GT,,,Yes,115.0,<200 sqft,Micro Outlet,JHARKHAND,Dhanbad,yes,3490.5414,,,,19240.299,2145.4524,7251.7751,,,,835.4388,,,2052.1719,,,4845.6229,4858.8891,,,7033.7998,23763.2187,,,,,,75517.2091,6293.100758,32.92,12,East India,Retail,5262.0,18085.0,35277.5,31197.5,11958.666666666666,0.08,0.89,0.0,0.08,8.0,86.96,A,150.0,1.0,1,0.0,0.0,9596.91,3303.81,34.4,True,A+,26.0,1.0,0.0,0.0,0.0,0.0,0.0,0.0,0.0,1,1.0,,,,1.0,4,4,Urban Transit Impulse GT,"This cluster consists of small urban GT outlets like paan kiosks, dairies, and tea shops, often near transit points. They cater to on-the-move shoppers seeking quick, affordable impulse purchases, with no premium category sales.","Prioritize counter-top displays and visible merchandising for single-serve, grab-and-go beverage and snack SKUs. Introduce combo offers (e.g., beverage + snack) at Rs. 20-30 price points."
110149.0,2198807,Alwar,2198807,Saini Saras Parlor,Retail,27.561448,76.599924,Rajasthan,Alwar,Alwar,Alwar,Urban,Kabir Colony,Dairy str,Jay Ambey Agency,3.54,65.67,2.47,0.75,0.78,133.32,2.15,73.08,0.45,73.08,73.08,73.08,73.08,73.08,32,92,146,0.0,0.0,1.0,299.0,376.0,461.0,686.0,941.0,1453.0,1036.0,1012.0,999.0,243.0,275.0,160.0,855.0,2101.0,4398.0,Medium (30 to 100),72.0,38.0,7.0,0.0,5349850.0,No,No,No,No,No,No,No,,,,,GT,Urban,0.5,Yes,100.0,<200 sqft,Micro Outlet,RAJASTHAN,Alwar,yes,,,,,2236.3614,,7199.5692,,,,2584.1784,,,,,,,1163.6352,,,6252.5208,3690.9054,,,,,,23127.1704,1927.2642,11.25,12,North India,Retail,378.6666666666667,813.5,1244.5,1005.5,226.0,73.08,2.47,2.15,0.45,32.0,48.22,C,,1.0,1,0.0,1.0,3197.32,1270.06,39.7,True,C+,780.0,1.0,0.0,0.0,0.0,0.0,0.0,0.0,0.0,1,1.0,,,,1.0,2,4,Urban Transit Impulse GT,"This cluster consists of small urban GT outlets like paan kiosks, dairies, and tea shops, often near transit points. They cater to on-the-move shoppers seeking quick, affordable impulse purchases, with no premium category sales.","Prioritize counter-top displays and visible merchandising for single-serve, grab-and-go beverage and snack SKUs. Introduce combo offers (e.g., beverage + snack) at Rs. 20-30 price points."
115793.0,2739005,,2739005,Mukhwas Pan,Retail,22.775177,73.622968,Gujarat,Panch Mahals,Godhra,Godhra,Urban,Godhra,Cig / Paan Kiosk,Jay Gokulesh Enterprise,1.89,0.12,11.32,57.79,2.56,99.0,1.87,67.33,2.04,6.74,6.74,6.74,6.74,6.74,21,49,67,0.0,0.0,0.0,268.0,585.0,1750.0,1548.0,3829.0,5802.0,3227.0,4058.0,3296.0,1435.0,1942.0,971.0,4059.0,7319.0,17500.0,High (>100),,,,,409595.0,Yes,No,No,No,No,No,No,Rs. 5,Rs. 5,,,GT,,,No,45.0,<200 sqft,Micro Outlet,GUJARAT,Balance,yes,,,,,5572.7217,181.818,,,,,,,,,,,,109.0908,,,1909.11,5345.4492,,,,,,13118.1897,1457.576633,11.89,9,GUJARAT,Retail,867.6666666666666,2688.5,4514.5,3677.0,1449.3333333333333,6.74,0.12,1.87,2.04,21.0,36.48,C,150.0,0.0,1,0.0,0.0,2998.16,1540.58,51.4,True,C+,630.0,0.0,1.0,0.0,0.0,0.0,0.0,0.0,0.0,1,1.0,5.0,5.0,,1.0,2,4,Urban Transit Impulse GT,"This cluster consists of small urban GT outlets like paan kiosks, dairies, and tea shops, often near transit points. They cater to on-the-move shoppers seeking quick, affordable impulse purchases, with no premium category sales.","Prioritize counter-top displays and visible merchandising for single-serve, grab-and-go beverage and snack SKUs. Introduce combo offers (e.g., beverage + snack) at Rs. 20-30 price points."
113556.0,S01312280,Lucknow,S01312280,Sunil Milk Point,Retail,26.88294,80.999993,Uttar Pradesh,Lucknow,Lucknow,Lucknow,Urban,Ismail Ganj,Dairy str,Ms Exim Company-Tt,5.14,0.24,0.97,2.82,8.01,0.93,0.7,1.34,0.17,0.17,0.17,0.17,0.17,0.17,14,43,68,1.0,13.0,25.0,137.0,130.0,159.0,308.0,315.0,498.0,376.0,310.0,321.0,88.0,81.0,11.0,403.0,768.0,1335.0,High (>100),12.0,61.0,13.0,1.0,170671.0,No,No,No,No,No,No,No,,,,,GT,Urban,1.0,Yes,135.0,<200 sqft,Micro Outlet,UTTAR PRADESH,Lucknow,yes,45927.2268,,,,17009.0739,5999.994,3616.083,8236.3554,,,,,,20109.0708,,318.182,28872.6984,16181.802,13072.7194,,,41509.0494,355.556,,,,,201207.8111,25150.976388,28.88,8,UTTAR PRADESH,Retail,142.0,311.5,437.0,315.5,60.0,0.17,0.24,0.7,0.17,15.0,98.88,A,150.0,1.0,1,0.0,1.0,8372.61,-16778.36,-200.4,False,A,945.0,1.0,0.0,0.0,0.0,0.0,0.0,0.0,0.0,1,1.0,,,,1.0,4,4,Urban Transit Impulse GT,"This cluster consists of small urban GT outlets like paan kiosks, dairies, and tea shops, often near transit points. They cater to on-the-move shoppers seeking quick, affordable impulse purchases, with no premium category sales.","Prioritize counter-top displays and visible merchandising for single-serve, grab-and-go beverage and snack SKUs. Introduce combo offers (e.g., beverage + snack) at Rs. 20-30 price points."
113113.0,2393706,Thane,2393706,Shyam Ice Cream,Retail,19.249055,73.01132,Maharashtra,Thane,Bhiwandi,Kalher,Rural,,Ice Cream Parlour (Stand-alone),Riddhi Enterprises,2.95,0.56,3.09,4.85,0.41,9.36,4.25,3.09,2.08,2.08,2.08,2.08,2.08,2.08,6,11,19,0.0,0.0,2.0,95.0,97.0,99.0,224.0,57.0,423.0,652.0,630.0,1018.0,357.0,236.0,81.0,752.0,1164.0,1476.0,Low (<30),14.0,12.0,14.0,8.0,102028.0,No,No,No,No,No,No,No,,,,,GT,Periphery,0.9,Yes,155.0,<200 sqft,Micro Outlet,MAHARASHTRA,Thane,yes,16054.5294,,181.818,,27848.5935,4563.6318,,2945.4516,1309.0896,,,163.6365,234.5454,,,545.454,12363.624,818.181,5072.7222,,,37425.2658,,,,,,109526.5428,9127.2119,26.08,12,MAHARASHTRA,Retail,97.0,140.5,537.5,824.0,224.66666666666663,2.08,0.56,4.25,2.08,6.0,93.12,A,15.0,1.0,1,0.0,0.0,7902.79,-1224.42,-15.5,False,A,461.0,1.0,0.0,0.0,0.0,0.0,0.0,0.0,0.0,1,1.0,,,,0.0,4,4,Urban Transit Impulse GT,"This cluster consists of small urban GT outlets like paan kiosks, dairies, and tea shops, often near transit points. They cater to on-the-move shoppers seeking quick, affordable impulse purchases, with no premium category sales.","Prioritize counter-top displays and visible merchandising for single-serve, grab-and-go beverage and snack SKUs. Introduce combo offers (e.g., beverage + snack) at Rs. 20-30 price points."
121168.0,2244039,,2244039,Mana Tea Stall,Retail,15.505845,80.013268,Andhra Pradesh,Prakasam,Santhanuthala Padu,Pernametta (Rural),Rural,,Tea Shop (Hot),Sri Lakshmiprasanna Agencies,3.83,1.04,2.0,99.59,2.21,0.0,4.78,97.67,3.4,96.58,96.58,96.58,96.58,96.58,4,18,63,0.0,1.0,8.0,22.0,22.0,22.0,104.0,11.0,437.0,706.0,652.0,1118.0,423.0,441.0,173.0,708.0,1421.0,1174.0,Low (<30),0.0,0.0,0.0,0.0,131856.0,No,Yes,No,No,No,No,No,Rs. 5,,Rs. 5,,GT,,,No,80.0,<200 sqft,Micro Outlet,ANDHRA PRADESH,Balance,yes,,,,,1545.453,,3078.9705,,,,54.546,,,,,,1079.982,,,,2982.848,1436.3622,,,,,,10178.1617,925.287427,6.45,11,South India,Retail,22.0,57.5,571.5,885.0,345.6666666666667,96.58,1.04,0.0,3.4,4.0,20.44,D,15.0,0.0,1,0.0,0.0,1831.43,906.14,49.5,True,D+,919.0,0.0,0.0,1.0,0.0,0.0,0.0,0.0,0.0,1,1.0,5.0,,5.0,0.0,1,4,Urban Transit Impulse GT,"This cluster consists of small urban GT outlets like paan kiosks, dairies, and tea shops, often near transit points. They cater to on-the-move shoppers seeking quick, affordable impulse purchases, with no premium category sales.","Prioritize counter-top displays and visible merchandising for single-serve, grab-and-go beverage and snack SKUs. Introduce combo offers (e.g., beverage + snack) at Rs. 20-30 price points."
118721.0,2521953,,2521953,Ajanta Pan Bhandar,Retail,26.29649,74.73505333,Rajasthan,Ajmer,Nasirabad,Nasirabad Cantt.,Urban,Nasirabad Cantt.,Cig / Paan Kiosk,Jain Agencies,11.44,109.78,17.72,23.63,0.34,148.84,1.78,20.23,14.07,14.07,14.07,14.07,14.07,14.07,22,25,29,0.0,0.0,0.0,71.0,138.0,482.0,370.0,1068.0,1651.0,1133.0,1457.0,1329.0,536.0,561.0,281.0,881.0,1969.0,6426.0,High (>100),0.0,0.0,0.0,0.0,161901.0,Yes,No,No,No,No,No,No,Rs. 5,Rs. 5,,,GT,,,No,45.0,<200 sqft,Micro Outlet,RAJASTHAN,Balance,yes,,,,,,,688.08,,,,1926.624,,,,,,,,,,4183.5264,,,,,,,6798.2304,849.7788,5.0,8,North India,Retail,230.3333333333333,719.0,1392.0,1393.0,459.3333333333333,14.07,17.72,1.78,14.07,22.0,17.86,D,150.0,0.0,1,0.0,0.0,1099.08,249.3,22.7,True,D+,1295.0,0.0,1.0,0.0,0.0,0.0,0.0,0.0,0.0,1,1.0,5.0,5.0,,1.0,1,4,Urban Transit Impulse GT,"This cluster consists of small urban GT outlets like paan kiosks, dairies, and tea shops, often near transit points. They cater to on-the-move shoppers seeking quick, affordable impulse purchases, with no premium category sales.","Prioritize counter-top displays and visible merchandising for single-serve, grab-and-go beverage and snack SKUs. Introduce combo offers (e.g., beverage + snack) at Rs. 20-30 price points."
103735.0,2704372,Mumbai,2704372,Bharat Dairy Farm,Retail,19.122932,72.83013,Maharashtra,Mumbai (Combined),Mumbai,Mumbai (Grtr),Urban,Oshiwara (Andheri W.),Dairy str,Viren Marketing,4.74,0.09,0.23,1.34,0.11,0.53,0.6,0.88,0.44,0.44,0.44,0.44,0.44,0.44,18,66,142,15.0,41.0,89.0,591.0,504.0,538.0,1305.0,851.0,1266.0,1382.0,1343.0,1093.0,266.0,105.0,138.0,1733.0,2343.0,3493.0,High (>100),39.0,47.0,90.0,139.0,201567.0,No,No,No,No,No,No,No,,,,,GT,Urban,1.1,Yes,100.0,<200 sqft,Micro Outlet,MAHARASHTRA,Mumbai,yes,,,,,2018.1798,90.909,,,,,,,,,,,,,,,,2818.179,,,,,,4927.2678,985.45356,8.0,5,MAHARASHTRA,Retail,544.3333333333334,1078.0,1324.0,1218.0,169.66666666666666,0.44,0.09,0.53,0.44,33.0,22.34,D,150.0,1.0,1,0.0,1.0,2238.2,1252.75,56.0,True,D+,679.0,1.0,0.0,0.0,0.0,0.0,0.0,0.0,0.0,1,1.0,,,,1.0,1,4,Urban Transit Impulse GT,"This cluster consists of small urban GT outlets like paan kiosks, dairies, and tea shops, often near transit points. They cater to on-the-move shoppers seeking quick, affordable impulse purchases, with no premium category sales.","Prioritize counter-top displays and visible merchandising for single-serve, grab-and-go beverage and snack SKUs. Introduce combo offers (e.g., beverage + snack) at Rs. 20-30 price points."
114905.0,2458407,Agra,2458407,Mohan Tee Stal,AFH - Others,27.160328,78.011483,Uttar Pradesh,Agra,Agra,Agra,Urban,Agra Cantt.,Tea Shop (Hot),Maa Lakshmi Trading Company-Tt,1.85,0.14,0.72,4.23,1.25,0.25,1.88,2.04,0.08,0.08,0.08,0.08,0.08,0.08,13,60,187,2.0,9.0,19.0,51.0,54.0,63.0,97.0,116.0,160.0,145.0,205.0,188.0,32.0,42.0,34.0,115.0,219.0,752.0,High (>100),0.0,0.0,0.0,0.0,106003.0,No,Yes,No,No,No,No,No,Rs. 5,,Rs. 5,,GT,Urban,0.9,No,60.0,<200 sqft,Micro Outlet,UTTAR PRADESH,Agra,yes,21193.2584,,,,636.363,90.909,8.9286,2145.4524,,,4.4643,,,7981.8102,,,10484.1782,727.272,,,13.3929,2072.7252,,,,,,45358.7542,4123.523109,17.25,11,UTTAR PRADESH,OPSC21-AFH - Others,56.0,106.5,152.5,196.5,36.0,0.08,0.14,0.25,0.08,15.0,76.36,B,150.0,0.0,1,0.0,1.0,4644.9,521.38,11.2,True,B+,606.0,0.0,0.0,1.0,0.0,0.0,0.0,0.0,0.0,1,1.0,5.0,,5.0,1.0,3,4,Urban Transit Impulse GT,"This cluster consists of small urban GT outlets like paan kiosks, dairies, and tea shops, often near transit points. They cater to on-the-move shoppers seeking quick, affordable impulse purchases, with no premium category sales.","Prioritize counter-top displays and visible merchandising for single-serve, grab-and-go beverage and snack SKUs. Introduce combo offers (e.g., beverage + snack) at Rs. 20-30 price points."
116419.0,2739931,,2739931,Mini Shopping,Retail,26.981963,94.65299,Assam,Sibsagar,Sibsagar,Sibsagar,Urban,Sibsagar,,Krishna Marketing,2.13,0.21,11.04,296.23,1.21,11.05,1.34,0.18,0.18,0.18,0.18,0.18,0.18,0.18,8,38,61,0.0,0.0,0.0,384.0,673.0,1021.0,1195.0,1499.0,2003.0,1274.0,1611.0,1323.0,558.0,662.0,331.0,3127.0,4004.0,4555.0,High (>100),0.0,0.0,0.0,0.0,426565.0,No,No,No,No,No,No,No,,,,,Others,,,No,185.0,<200 sqft,Micro Outlet,ASSAM,Balance,yes,1636.362,,,,13309.0776,,272.73,,,,54.546,,,727.272,,,818.181,7636.356,,,190.911,38945.4156,,,,,,63590.8512,10598.4752,9.17,6,Northeast India,Retail,692.6666666666666,1347.0,1638.5,1467.0,517.0,0.18,0.21,1.34,0.18,8.0,94.62,A,150.0,0.0,1,0.0,0.0,2566.28,-8032.2,-313.0,False,A,866.0,0.0,0.0,0.0,0.0,0.0,0.0,0.0,0.0,1,1.0,,,,1.0,4,4,Urban Transit Impulse GT,"This cluster consists of small urban GT outlets like paan kiosks, dairies, and tea shops, often near transit points. They cater to on-the-move shoppers seeking quick, affordable impulse purchases, with no premium category sales.","Prioritize counter-top displays and visible merchandising for single-serve, grab-and-go beverage and snack SKUs. Introduce combo offers (e.g., beverage + snack) at Rs. 20-30 price points."
117030.0,2393082,,2393082,Chamunda Pan,Retail,21.520238,70.447038,Gujarat,Junagadh,Junagadh,Junagadh,Urban,Junagadh,Cig / Paan Kiosk,Everest Agency,1.43,0.42,1.14,67.46,1.5,24.06,1.52,23.66,1.06,1.06,1.06,1.06,1.06,1.06,9,43,86,0.0,8.0,11.0,562.0,1164.0,4032.0,3221.0,9217.0,14278.0,8714.0,10842.0,8049.0,3277.0,3169.0,1585.0,13829.0,23948.0,36175.0,High (>100),,,,,209919.0,Yes,No,No,No,No,No,No,Rs. 5,Rs. 5,,,GT,,,No,65.0,<200 sqft,Micro Outlet,GUJARAT,Balance,yes,,,,,5001.5784,90.909,,,,,,,,,,,,,,,,1372.332,,,,,,6464.8194,587.710855,3.18,11,GUJARAT,Retail,1919.3333333333333,6219.0,11496.0,9445.5,2677.0,1.06,0.42,1.52,1.06,9.0,10.32,D,150.0,0.0,1,0.0,0.0,667.48,79.77,12.0,True,D+,1377.0,0.0,1.0,0.0,0.0,0.0,0.0,0.0,0.0,1,1.0,5.0,5.0,,1.0,1,4,Urban Transit Impulse GT,"This cluster consists of small urban GT outlets like paan kiosks, dairies, and tea shops, often near transit points. They cater to on-the-move shoppers seeking quick, affordable impulse purchases, with no premium category sales.","Prioritize counter-top displays and visible merchandising for single-serve, grab-and-go beverage and snack SKUs. Introduce combo offers (e.g., beverage + snack) at Rs. 20-30 price points."
101188.0,2443391,Hisar,2443391,Mangu Da Punjabi Dha,Retail,29.141272,75.792155,Haryana,Hisar,Hisar,Hisar,Urban,Global Space Township,N. Ind Restaurnt,Anshul Trading Company - TT,6.9,0.99,27.26,85.51,0.06,0.0,2.67,60.44,4.01,60.44,60.44,60.44,60.44,60.44,3,11,17,0.0,0.0,0.0,3.0,3.0,4.0,9.0,11.0,16.0,12.0,21.0,20.0,5.0,6.0,5.0,13.0,28.0,59.0,Low (<30),50.0,12.0,1.0,1.0,145689.0,No,No,No,No,No,No,No,,,,,Restaurants,Urban,0.0,Yes,55.0,<200 sqft,Micro Outlet,HARYANA,Hisar,yes,31045.0284,,,,836.3628,,44.643,2509.0884,,,,,,12635.5608,,,18385.7526,418.1814,,,,1236.3624,,,,,,67110.9798,5592.58165,14.33,12,North India,Retail,3.333333333333333,10.0,14.0,20.5,5.333333333333333,60.44,0.99,0.0,4.01,3.0,84.62,A,15.0,1.0,1,0.0,1.0,4207.57,-1385.01,-32.9,False,A,482.0,1.0,0.0,0.0,0.0,0.0,0.0,0.0,0.0,1,1.0,,,,1.0,4,4,Urban Transit Impulse GT,"This cluster consists of small urban GT outlets like paan kiosks, dairies, and tea shops, often near transit points. They cater to on-the-move shoppers seeking quick, affordable impulse purchases, with no premium category sales.","Prioritize counter-top displays and visible merchandising for single-serve, grab-and-go beverage and snack SKUs. Introduce combo offers (e.g., beverage + snack) at Rs. 20-30 price points."
118772.0,S01440550,Ahmadabad,S01440550,Shri Sai Parlour,Retail,22.999955,72.63067,Gujarat,Ahmedabad,Ahmedabad City,Ahmedabad,Urban,Khokhra-Mahemdabad,Dairy str,Nisarg Services And Sales Pvt Ltd,4.28,0.02,1.01,6.91,1.63,0.13,0.89,0.61,0.42,0.42,0.42,0.42,0.42,0.42,34,108,218,2.0,10.0,14.0,878.0,1407.0,1626.0,2249.0,2355.0,3148.0,1815.0,2342.0,2299.0,830.0,603.0,302.0,3891.0,5883.0,8378.0,Low (<30),,,,,200534.0,No,No,No,No,No,No,No,,,,,GT,Urban,2.4,Yes,85.0,<200 sqft,Micro Outlet,GUJARAT,Ahmadabad,yes,,,,,8159.6762,,886.3725,,,,,,,,,,,,,,6310.7292,2545.452,,,,,,17902.2299,1989.136656,7.0,9,GUJARAT,Retail,1303.6666666666667,2302.0,2481.5,2320.5,578.3333333333334,0.42,0.02,0.13,0.42,36.0,49.6,C,15.0,1.0,1,0.0,1.0,1880.21,-108.93,-5.8,False,C,1318.0,1.0,0.0,0.0,0.0,0.0,0.0,0.0,0.0,1,1.0,,,,1.0,2,4,Urban Transit Impulse GT,"This cluster consists of small urban GT outlets like paan kiosks, dairies, and tea shops, often near transit points. They cater to on-the-move shoppers seeking quick, affordable impulse purchases, with no premium category sales.","Prioritize counter-top displays and visible merchandising for single-serve, grab-and-go beverage and snack SKUs. Introduce combo offers (e.g., beverage + snack) at Rs. 20-30 price points."
115767.0,2558924,,2558924,Kisan Pan Dukan,Retail,26.642398,88.168163,West Bengal,Darjiling,Kharibari,Uttar Ramdhan,Rural,,Cig / Paan Kiosk,Kanhaiya Prasad Jaiswal - Rd,5.49,0.52,7.2,132.09,0.93,128.51,4.03,17.74,17.74,17.74,17.74,17.74,17.74,17.74,2,14,27,0.0,0.0,0.0,3.0,36.0,68.0,35.0,4.0,140.0,225.0,262.0,389.0,189.0,202.0,80.0,261.0,419.0,773.0,Low (<30),0.0,0.0,0.0,0.0,74651.0,Yes,No,No,No,No,No,No,Rs. 5,Rs. 5,,,GT,,,No,45.0,<200 sqft,Micro Outlet,WEST BENGAL,Balance,yes,21822.1128,,,,2223.3185,,2103.8985,1072.7262,,,949.5504,,,2249.8002,,,10662.4404,1399.9986,,,3011.9139,6081.8121,,,,,,51577.5716,4298.130967,19.25,12,East India,Retail,35.666666666666664,19.5,182.5,325.5,157.0,17.74,0.52,4.03,17.74,2.0,78.02,B,15.0,0.0,1,0.0,0.0,5557.93,1259.8,22.7,True,B+,445.0,0.0,1.0,0.0,0.0,0.0,0.0,0.0,0.0,1,1.0,5.0,5.0,,0.0,3,4,Urban Transit Impulse GT,"This cluster consists of small urban GT outlets like paan kiosks, dairies, and tea shops, often near transit points. They cater to on-the-move shoppers seeking quick, affordable impulse purchases, with no premium category sales.","Prioritize counter-top displays and visible merchandising for single-serve, grab-and-go beverage and snack SKUs. Introduce combo offers (e.g., beverage + snack) at Rs. 20-30 price points."
116923.0,2602668,Delhi,2602668,Ganga Ram Tea Stall,Retail,28.6570297,77.1971343,Delhi,Delhi,Delhi,Delhi,Urban,Karol Bagh,Tea Shop (Hot),Super Agencies,2.35,0.4,0.36,0.31,0.05,0.22,0.85,1.01,0.08,0.08,0.08,0.08,0.08,0.08,29,123,231,5.0,15.0,32.0,1227.0,644.0,784.0,1323.0,1033.0,1649.0,1799.0,1756.0,1634.0,415.0,188.0,277.0,1848.0,3230.0,5964.0,High (>100),28.0,359.0,1051.0,227.0,356816.0,No,Yes,No,No,No,No,No,Rs. 5,,Rs. 5,,GT,Urban,10.52811,Yes,75.0,<200 sqft,Micro Outlet,NEW DELHI,Delhi,yes,109.0908,,,,2854.5426,190.9089,80.3574,,,,,,,,,,72.7272,1090.908,,,80.3574,3127.2696,,,,,,7606.1619,633.846825,5.0,12,North India,Retail,885.0,1178.0,1724.0,1695.0,293.3333333333333,0.08,0.36,0.22,0.08,34.0,11.58,D,150.0,1.0,1,0.0,1.0,1372.58,738.73,53.8,True,D+,1035.0,1.0,0.0,1.0,0.0,0.0,0.0,0.0,0.0,1,1.0,5.0,,5.0,1.0,1,4,Urban Transit Impulse GT,"This cluster consists of small urban GT outlets like paan kiosks, dairies, and tea shops, often near transit points. They cater to on-the-move shoppers seeking quick, affordable impulse purchases, with no premium category sales.","Prioritize counter-top displays and visible merchandising for single-serve, grab-and-go beverage and snack SKUs. Introduce combo offers (e.g., beverage + snack) at Rs. 20-30 price points."
116923.0,1883753,Delhi,1883753,Sannu Pan Bhandar,Retail,28.629252,77.197992,Delhi,Delhi,Delhi,Delhi,Urban,President's Estate,Cig / Paan Kiosk,Super Agencies,5.42,0.22,0.45,0.81,0.94,0.15,1.31,0.99,0.07,0.07,0.07,0.07,0.07,0.07,13,55,107,2.0,11.0,46.0,545.0,346.0,392.0,709.0,650.0,922.0,983.0,839.0,793.0,144.0,111.0,65.0,855.0,1768.0,3165.0,Medium (30 to 100),0.0,0.0,0.0,0.0,359498.0,Yes,No,No,No,No,No,No,Rs. 5,Rs. 5,,,GT,Urban,11.35468,No,75.0,<200 sqft,Micro Outlet,NEW DELHI,Delhi,yes,1052.9634,,399.9996,,70803.0986,1454.544,107.1432,,,,,,,471.9363,,,726.4815,5899.6002,,,,40633.5657,,,,,,121549.3325,10129.111042,18.92,12,North India,Retail,427.6666666666667,679.5,952.5,816.0,106.66666666666669,0.07,0.22,0.15,0.07,15.0,94.16,A,,0.0,1,0.0,1.0,5175.79,-4953.33,-95.7,False,A,753.0,0.0,1.0,0.0,0.0,0.0,0.0,0.0,0.0,1,1.0,5.0,5.0,,1.0,4,4,Urban Transit Impulse GT,"This cluster consists of small urban GT outlets like paan kiosks, dairies, and tea shops, often near transit points. They cater to on-the-move shoppers seeking quick, affordable impulse purchases, with no premium category sales.","Prioritize counter-top displays and visible merchandising for single-serve, grab-and-go beverage and snack SKUs. Introduce combo offers (e.g., beverage + snack) at Rs. 20-30 price points."
115470.0,1661966,Ahmadabad,1661966,Husani Parlour,Retail,22.992805,72.52525,Gujarat,Ahmedabad,Ahmedabad City,Ahmedabad,Urban,Vejalpur,Dairy str,Netlink Systems-Ahmedabad,6.11,0.32,2.27,2.48,2.28,0.49,1.85,0.04,0.04,0.04,0.04,0.04,0.04,0.04,20,76,126,0.0,1.0,7.0,13.0,28.0,60.0,63.0,112.0,159.0,108.0,140.0,133.0,52.0,49.0,24.0,195.0,346.0,767.0,Medium (30 to 100),,,,,114178.0,No,No,No,No,No,No,No,,,,,GT,Urban,2.5,Yes,90.0,<200 sqft,Micro Outlet,GUJARAT,Ahmadabad,yes,,,218.1816,,2472.7248,,,,,,,,,,,,,218.1816,,,1704.5625,1636.362,,,,,,6250.0125,1041.66875,6.67,6,GUJARAT,Retail,33.666666666666664,87.5,133.5,136.5,41.66666666666666,0.04,0.32,0.49,0.04,20.0,24.14,D,,1.0,1,0.0,1.0,1835.99,794.32,43.3,True,D+,993.0,1.0,0.0,0.0,0.0,0.0,0.0,0.0,0.0,1,1.0,,,,1.0,1,4,Urban Transit Impulse GT,"This cluster consists of small urban GT outlets like paan kiosks, dairies, and tea shops, often near transit points. They cater to on-the-move shoppers seeking quick, affordable impulse purchases, with no premium category sales.","Prioritize counter-top displays and visible merchandising for single-serve, grab-and-go beverage and snack SKUs. Introduce combo offers (e.g., beverage + snack) at Rs. 20-30 price points."
119675.0,2542104,Thane,2542104,Vasihnavi Sancks,Retail,19.362177,72.848364,Maharashtra,Thane,Vasai,Vasai,Urban,Vasai,Chats & Snacks (Stand-alone),Ananya Distributor,2.79,1.27,2.26,17.38,0.46,11.23,1.23,0.01,0.01,0.01,0.01,0.01,0.01,0.01,2,7,32,0.0,0.0,7.0,3328.0,8251.0,18015.0,20261.0,36560.0,51896.0,40898.0,51176.0,37588.0,12912.0,6896.0,3448.0,113556.0,38296.0,15318.0,High (>100),69.0,27.0,99.0,63.0,141229.0,No,No,No,No,No,No,No,,,,,GT,Periphery,11.9,Yes,160.0,<200 sqft,Micro Outlet,MAHARASHTRA,Thane,yes,1181.817,,1345.4532,,41862.0397,5636.358,15963.796,309.0906,,,,,,163.6362,,,1109.0898,4699.6014,,,20386.5675,57198.7923,,,,,,149856.2417,12488.020142,23.33,12,MAHARASHTRA,Retail,9864.666666666666,28410.5,46397.0,44382.0,7752.0,0.01,1.27,1.23,0.01,2.0,96.1,A,150.0,1.0,1,0.0,0.0,6999.19,-5488.83,-78.4,False,A,778.0,1.0,0.0,0.0,0.0,0.0,0.0,0.0,0.0,1,1.0,,,,1.0,4,4,Urban Transit Impulse GT,"This cluster consists of small urban GT outlets like paan kiosks, dairies, and tea shops, often near transit points. They cater to on-the-move shoppers seeking quick, affordable impulse purchases, with no premium category sales.","Prioritize counter-top displays and visible merchandising for single-serve, grab-and-go beverage and snack SKUs. Introduce combo offers (e.g., beverage + snack) at Rs. 20-30 price points."
114720.0,1510773,Jabalpur,1510773,Modern Fancy,AFH - Others,23.160368,79.93719,Madhya Pradesh,Jabalpur,Jabalpur,Jabalpur,Urban,Old Napier Town,Cosmetc / Fancy Str (Stand-alone),Prakash Brothers ? Sdp,9.58,0.08,0.21,140.73,0.31,412.73,0.8,0.64,0.25,0.64,0.25,0.64,0.25,0.25,12.0,61.0,109.0,14.0,57.0,71.0,120.0,84.0,107.0,166.0,144.0,232.0,215.0,165.0,168.0,28.0,24.0,14.0,232.0,426.0,572.0,Medium (30 to 100),62.0,56.0,32.0,7.0,205159.0,No,No,No,No,No,No,No,Rs. 5,,,,GT,Urban,0.2,Yes,125.0,<200 sqft,Micro Outlet,MADHYA PRADESH,Jabalpur,yes,68048.1576,,,,0.0,,,2181.816,,,,,3596.3628,17723.304,1527.2728,,33526.4496,,0.0,,,0.0,,,,,,126603.3628,10550.280233,10.58,12,MADHYA PRADESH,OPSC21-AFH - Others,103.66666666666669,155.0,223.5,166.5,22.0,0.25,0.08,0.8,0.25,26.0,94.56,A,,1.0,1,0.0,1.0,3194.72,-7355.56,-230.2,False,A,845.0,1.0,0.0,0.0,0.0,0.0,0.0,0.0,0.0,1,1.0,5.0,,,1.0,4,4,Urban Transit Impulse GT,"This cluster consists of small urban GT outlets like paan kiosks, dairies, and tea shops, often near transit points. They cater to on-the-move shoppers seeking quick, affordable impulse purchases, with no premium category sales.","Prioritize counter-top displays and visible merchandising for single-serve, grab-and-go beverage and snack SKUs. Introduce combo offers (e.g., beverage + snack) at Rs. 20-30 price points."
111048.0,2283942,,2283942,Vinyak Restorent,Retail,27.874092,75.525807,Rajasthan,Jhunjhunun,Udaipurwati,Gudha Gorji,Rural,,QSRs (Ind) Stand-alone,Nidhi Enterprises,21.76,23.85,29.93,107.59,8.4,29.44,9.06,103.08,25.51,28.65,28.53,28.53,28.53,28.53,17,24,28,0.0,0.0,0.0,10.0,23.0,37.0,151.0,45.0,248.0,376.0,513.0,690.0,343.0,322.0,122.0,203.0,454.0,2055.0,Low (<30),0.0,0.0,0.0,0.0,78114.0,No,No,No,No,No,No,No,,,,,Restaurants,,,Yes,305.0,300–600 sqft,Core Outlet,RAJASTHAN,Balance,yes,21333.079,,,,11363.625,1963.6344,,1810.275,,,,,,5719.362,,,15043.2149,3818.178,,,,14981.8032,,,,,,76033.1715,6336.097625,24.92,12,North India,Retail,23.33333333333333,98.0,312.0,601.5,262.3333333333333,28.53,23.85,9.06,25.51,17.0,87.16,A,15.0,1.0,1,0.0,0.0,8033.09,1697.0,21.1,True,A+,123.0,1.0,0.0,0.0,0.0,0.0,0.0,0.0,0.0,1,,,,,0.0,4,4,Urban Transit Impulse GT,"This cluster consists of small urban GT outlets like paan kiosks, dairies, and tea shops, often near transit points. They cater to on-the-move shoppers seeking quick, affordable impulse purchases, with no premium category sales.","Prioritize counter-top displays and visible merchandising for single-serve, grab-and-go beverage and snack SKUs. Introduce combo offers (e.g., beverage + snack) at Rs. 20-30 price points."
119109.0,2696958,,2696958,Balaji Namkin,Retail,20.0776081,85.0933841,Orissa,Nayagarh,Sarankul,Solpata,Rural,,Chats & Snacks (Stand-alone),Behera Traders - Rd,10.31,3.65,73.27,77.08,4.98,0.0,34.81,71.71,71.71,71.71,71.71,71.71,71.71,71.71,9,13,20,0.0,0.0,0.0,3.0,2.0,0.0,38.0,20.0,39.0,55.0,71.0,93.0,57.0,62.0,25.0,75.0,137.0,195.0,Low (<30),0.0,0.0,0.0,0.0,49042.0,No,No,No,No,No,No,No,,,,,GT,,,No,260.0,200–300 sqft,Small Outlet,ORISSA,Balance,yes,2774.7009,,,,2062.8439,,1557.5213,218.1816,,,155.9648,,,508.2999,,,1852.1721,363.2408,,,1445.3018,2515.8081,,,,,,13454.0352,1223.094109,21.82,11,East India,Retail,1.6666666666666667,29.0,47.0,82.0,48.0,71.71,3.65,0.0,71.71,9.0,29.62,D,15.0,0.0,1,0.0,0.0,7167.68,5944.58,82.9,True,D+,1.0,0.0,0.0,0.0,0.0,0.0,0.0,0.0,0.0,1,2.0,,,,0.0,1,4,Urban Transit Impulse GT,"This cluster consists of small urban GT outlets like paan kiosks, dairies, and tea shops, often near transit points. They cater to on-the-move shoppers seeking quick, affordable impulse purchases, with no premium category sales.","Prioritize counter-top displays and visible merchandising for single-serve, grab-and-go beverage and snack SKUs. Introduce combo offers (e.g., beverage + snack) at Rs. 20-30 price points."
121409.0,2484249,,2484249,Sk Mart And Food Emporium,Retail,24.559117,81.328763,Madhya Pradesh,Rewa,Huzur,Umariha,Rural,,QSRs (Ind) Stand-alone,Maya Homes,13.46,0.25,4.23,273.4,1.58,585.08,8.39,209.17,1.93,201.82,201.65,201.82,201.65,201.65,4,15,32,0.0,0.0,0.0,0.0,0.0,0.0,0.0,0.0,0.0,0.0,0.0,4.0,2.0,1.0,0.0,0.0,1.0,4.0,Low (<30),150.0,108.0,6.0,2.0,35294.0,No,No,No,No,No,No,No,,,,,Restaurants,,,Yes,320.0,300–600 sqft,Core Outlet,MADHYA PRADESH,Balance,yes,11764.7539,,,,7272.72,672.7266,1233.9568,1909.089,681.8175,,,163.6365,469.0908,2345.4522,190.9091,490.9086,8905.6715,1218.1806,2372.7249,,3453.1608,6490.9026,,,,,,49635.7014,4512.336491,23.36,11,MADHYA PRADESH,Retail,0.0,0.0,0.0,2.0,1.0,201.65,0.25,8.39,1.93,4.0,79.64,B,15.0,1.0,1,0.0,0.0,7488.48,2976.14,39.7,True,B+,131.0,1.0,0.0,0.0,0.0,0.0,0.0,0.0,0.0,1,,,,,0.0,3,4,Urban Transit Impulse GT,"This cluster consists of small urban GT outlets like paan kiosks, dairies, and tea shops, often near transit points. They cater to on-the-move shoppers seeking quick, affordable impulse purchases, with no premium category sales.","Prioritize counter-top displays and visible merchandising for single-serve, grab-and-go beverage and snack SKUs. Introduce combo offers (e.g., beverage + snack) at Rs. 20-30 price points."
119672.0,S01301970,Bilaspur,S01301970,Baba Pan Pailesh,Retail,22.123594,82.131921,Chattisgarh,Bilaspur,Bilaspur,Koni,Rural,,Cig / Paan Kiosk,H K Sales - Tt,9.23,0.38,4.44,9.19,0.76,0.0,3.23,64.35,3.32,64.35,64.35,64.35,64.35,64.35,9,13,28,0.0,0.0,0.0,69.0,54.0,39.0,105.0,27.0,197.0,303.0,208.0,435.0,129.0,136.0,54.0,219.0,428.0,843.0,Low (<30),0.0,0.0,0.0,0.0,111877.0,Yes,No,No,No,No,No,No,Rs. 5,Rs. 5,,,GT,,,No,45.0,<200 sqft,Micro Outlet,CHHATTISGARH,Bilaspur,yes,1563.6348,,,,2882.2118,272.727,1826.478,,,,110.0928,,,654.5448,,,1418.1804,527.2722,,,1437.5715,3458.4966,,,,,,14151.2099,1286.473627,10.36,11,East India,Retail,54.0,66.0,250.0,321.5,106.33333333333331,64.35,0.38,0.0,3.32,9.0,31.76,C,15.0,0.0,1,0.0,0.0,2833.22,1546.75,54.6,True,C+,620.0,0.0,1.0,0.0,0.0,0.0,0.0,0.0,0.0,1,1.0,5.0,5.0,,0.0,2,4,Urban Transit Impulse GT,"This cluster consists of small urban GT outlets like paan kiosks, dairies, and tea shops, often near transit points. They cater to on-the-move shoppers seeking quick, affordable impulse purchases, with no premium category sales.","Prioritize counter-top displays and visible merchandising for single-serve, grab-and-go beverage and snack SKUs. Introduce combo offers (e.g., beverage + snack) at Rs. 20-30 price points."
116923.0,1883298,Delhi,1883298,Gaur Cafe,Retail,28.646309,77.202241,Delhi,Delhi,Delhi,Delhi,Urban,Model Basti,Tea Shop (Hot),Super Agencies,3.51,0.27,0.22,0.14,0.45,0.18,0.32,0.51,0.35,0.35,0.35,0.35,0.35,0.35,35,116,219,6.0,19.0,43.0,979.0,525.0,605.0,1033.0,918.0,1345.0,1499.0,1539.0,1388.0,242.0,152.0,309.0,1394.0,2534.0,5195.0,High (>100),0.0,0.0,0.0,0.0,327835.0,No,Yes,No,No,No,No,No,Rs. 5,,Rs. 5,,GT,Urban,10.91418,Yes,95.0,<200 sqft,Micro Outlet,NEW DELHI,Delhi,yes,33273.486,,813.4386,,29881.4048,2529.644,5290.1955,2494.8594,,,,,,8424.498,,,20227.6485,10803.156,81.8181,,1245.5397,57506.2865,,,,,,172571.9751,14380.997925,34.42,12,North India,Retail,703.0,975.5,1422.0,1463.5,234.3333333333333,0.35,0.22,0.18,0.14,41.0,97.28,A,150.0,1.0,1,0.0,1.0,9792.4,-4588.6,-46.9,False,A,734.0,1.0,0.0,1.0,0.0,0.0,0.0,0.0,0.0,1,1.0,5.0,,5.0,1.0,4,4,Urban Transit Impulse GT,"This cluster consists of small urban GT outlets like paan kiosks, dairies, and tea shops, often near transit points. They cater to on-the-move shoppers seeking quick, affordable impulse purchases, with no premium category sales.","Prioritize counter-top displays and visible merchandising for single-serve, grab-and-go beverage and snack SKUs. Introduce combo offers (e.g., beverage + snack) at Rs. 20-30 price points."
121355.0,2456129,,2456129,Nandini Parlour,Retail,13.30072955,77.52767259,Karnataka,Bengaluru Rural,Dod Ballapur,Dod Ballapur,Urban,Dod Ballapur,Dairy str,S V Distributors,7.58,0.5,0.48,27.21,1.18,0.35,3.41,18.76,0.33,0.33,0.33,0.33,0.33,0.33,12.0,62.0,80.0,6.0,11.0,11.0,98.0,325.0,986.0,1094.0,2738.0,4126.0,3031.0,3832.0,3060.0,1239.0,1224.0,612.0,4762.0,8525.0,8627.0,High (>100),144.0,53.0,10.0,0.0,193544.0,No,No,No,No,No,No,No,,,,,GT,,,Yes,105.0,<200 sqft,Micro Outlet,KARNATAKA,Balance,yes,261.96,,,,1389.2316,,2969.457,,,,,,,,,,261.96,,5181.813,,1830.6375,5162.2716,,,,,,17057.3307,1705.73307,10.0,10,West India,Retail,469.6666666666667,1916.0,3578.5,3446.0,1025.0,0.33,0.48,0.35,0.33,18.0,42.92,C,150.0,1.0,1,0.0,0.0,2955.34,1249.6,42.3,True,C+,785.0,1.0,0.0,0.0,0.0,0.0,0.0,0.0,0.0,1,1.0,,,,1.0,2,4,Urban Transit Impulse GT,"This cluster consists of small urban GT outlets like paan kiosks, dairies, and tea shops, often near transit points. They cater to on-the-move shoppers seeking quick, affordable impulse purchases, with no premium category sales.","Prioritize counter-top displays and visible merchandising for single-serve, grab-and-go beverage and snack SKUs. Introduce combo offers (e.g., beverage + snack) at Rs. 20-30 price points."
114122.0,1544860,Ludhiana,1544860,B P Foods,AFH - Others,30.914409,75.822271,Punjab,Ludhiana,Ludhiana (East),Ludhiana,Urban,Udam Singh Nagar,QSRs (Ind) Stand-alone,V.M Enterprises-Tt,5.97,0.22,0.34,0.5,0.28,2.96,2.51,0.26,0.26,0.26,0.26,0.26,0.26,0.26,14,57,142,2.0,9.0,14.0,185.0,103.0,134.0,207.0,165.0,271.0,264.0,215.0,216.0,21.0,20.0,4.0,251.0,502.0,910.0,Medium (30 to 100),31.0,61.0,35.0,2.0,272700.0,No,No,No,No,No,No,No,,,,,Restaurants,Urban,1.0,Yes,365.0,300–600 sqft,Core Outlet,PUNJAB,Ludhiana,yes,42711.4215,,,,,,,18909.072,,,,,,9272.718,,,18836.3448,,,3555.552,,,,,,,,93285.1083,13326.444043,7.86,7,North India,OPSC21-AFH - Others,140.66666666666666,186.0,267.5,215.5,15.0,0.26,0.22,2.51,0.26,16.0,96.68,A,,1.0,1,0.0,1.0,2875.84,-10450.6,-363.4,False,A,895.0,1.0,0.0,0.0,0.0,0.0,0.0,0.0,0.0,1,,,,,1.0,4,4,Urban Transit Impulse GT,"This cluster consists of small urban GT outlets like paan kiosks, dairies, and tea shops, often near transit points. They cater to on-the-move shoppers seeking quick, affordable impulse purchases, with no premium category sales.","Prioritize counter-top displays and visible merchandising for single-serve, grab-and-go beverage and snack SKUs. Introduce combo offers (e.g., beverage + snack) at Rs. 20-30 price points."
119304.0,2454687,,2454687,Rajan Pan Sentar,Retail,24.942343,73.823854,Rajasthan,Rajsamand,Rajsamand,Nandora,Rural,,Cig / Paan Kiosk,Mateshwari Traders,4.0,78.37,24.02,39.44,0.12,322.14,1.63,38.65,2.86,37.58,37.58,37.58,37.58,37.58,6,38,57,0.0,0.0,0.0,0.0,0.0,0.0,2.0,0.0,26.0,42.0,62.0,85.0,65.0,68.0,28.0,30.0,55.0,234.0,Low (<30),0.0,0.0,0.0,0.0,64097.0,Yes,No,No,No,No,No,No,Rs. 5,Rs. 5,,,GT,,,No,45.0,<200 sqft,Micro Outlet,RAJASTHAN,Balance,yes,727.272,,,,8934.3852,264.823,,1090.908,,,4.5872,,,,,,1090.908,2145.4524,,,642.208,4412.6472,,,,,,19313.191,2414.148875,7.25,8,North India,Retail,0.0,1.0,34.0,73.5,53.66666666666666,37.58,24.02,1.63,2.86,6.0,57.06,C,15.0,0.0,1,0.0,0.0,1897.92,-516.23,-27.2,False,C,1403.0,0.0,1.0,0.0,0.0,0.0,0.0,0.0,0.0,1,1.0,5.0,5.0,,0.0,2,4,Urban Transit Impulse GT,"This cluster consists of small urban GT outlets like paan kiosks, dairies, and tea shops, often near transit points. They cater to on-the-move shoppers seeking quick, affordable impulse purchases, with no premium category sales.","Prioritize counter-top displays and visible merchandising for single-serve, grab-and-go beverage and snack SKUs. Introduce combo offers (e.g., beverage + snack) at Rs. 20-30 price points."
114122.0,2788470,Ludhiana,2788470,DEVRAJ CHAURASIA PAAN POINT,Retail,30.894352,75.823385,Punjab,Ludhiana,Ludhiana (East),Ludhiana,Urban,BRS Nagar,Cig / Paan Kiosk,V.M Enterprises-Tt,4.85,0.39,1.72,1.75,0.07,2.09,1.26,0.48,0.48,0.48,0.48,0.48,0.48,0.48,13,39,104,0.0,8.0,15.0,163.0,92.0,120.0,198.0,143.0,237.0,224.0,177.0,174.0,23.0,21.0,8.0,270.0,454.0,708.0,Medium (30 to 100),24.0,63.0,21.0,3.0,213007.0,Yes,No,No,No,No,No,No,Rs. 5,Rs. 5,,,GT,Urban,0.5,No,45.0,<200 sqft,Micro Outlet,PUNJAB,Ludhiana,yes,19054.5264,,,,327.2724,,,781.8174,846.9825,,,,,3963.6324,,,10490.8986,109.0908,,725.926,0.0,327.2724,540.741,,,,,37168.1599,7433.63198,16.0,5,North India,Retail,125.0,170.5,230.5,175.5,17.333333333333332,0.48,0.39,1.26,0.48,13.0,89.92,A,,0.0,1,0.0,1.0,4144.59,-3289.04,-79.4,False,A,646.0,0.0,1.0,0.0,0.0,0.0,0.0,0.0,0.0,1,1.0,5.0,5.0,,1.0,4,4,Urban Transit Impulse GT,"This cluster consists of small urban GT outlets like paan kiosks, dairies, and tea shops, often near transit points. They cater to on-the-move shoppers seeking quick, affordable impulse purchases, with no premium category sales.","Prioritize counter-top displays and visible merchandising for single-serve, grab-and-go beverage and snack SKUs. Introduce combo offers (e.g., beverage + snack) at Rs. 20-30 price points."
119065.0,2438801,Jaipur,2438801,Jaipur Dairy 1146,Retail,26.83812,75.773011,Rajasthan,Jaipur,Jaipur,Jaipur,Urban,Hans Vihar,Dairy str,Baghla Sales Corporation,2.64,3.25,0.25,8.2,0.58,101.34,2.34,3.13,0.13,0.13,0.13,0.13,0.13,0.13,12,56,159,4.0,13.0,20.0,145.0,142.0,182.0,301.0,285.0,475.0,434.0,335.0,323.0,122.0,80.0,9.0,437.0,880.0,1280.0,Medium (30 to 100),26.0,33.0,5.0,8.0,7957010.0,No,No,No,No,No,No,No,,,,,GT,Urban,1.4,Yes,100.0,<200 sqft,Micro Outlet,RAJASTHAN,Jaipur,yes,727.272,,,,1290.9078,454.545,550.464,,,,137.616,,,363.636,,,363.636,1199.9988,,,394.4992,2399.9976,,,,,,7882.5724,1576.51448,8.4,5,North India,Retail,156.33333333333334,293.0,454.5,329.0,70.33333333333333,0.13,0.25,2.34,0.13,16.0,39.68,C,,1.0,1,0.0,1.0,2389.51,812.99,34.0,True,C+,987.0,1.0,0.0,0.0,0.0,0.0,0.0,0.0,0.0,1,1.0,,,,1.0,2,4,Urban Transit Impulse GT,"This cluster consists of small urban GT outlets like paan kiosks, dairies, and tea shops, often near transit points. They cater to on-the-move shoppers seeking quick, affordable impulse purchases, with no premium category sales.","Prioritize counter-top displays and visible merchandising for single-serve, grab-and-go beverage and snack SKUs. Introduce combo offers (e.g., beverage + snack) at Rs. 20-30 price points."
115846.0,1819042,,1819042,Shanti Pan,Retail,22.480216,70.030694,Gujarat,Jamnagar,Jamnagar,Jamnagar,Urban,,Cig / Paan Kiosk,Raj Sales Agency,6.33,0.37,3.56,20.86,4.07,63.23,2.74,58.56,2.12,41.68,41.68,41.68,41.68,41.68,7,26,81,0.0,0.0,0.0,8.0,11.0,12.0,26.0,40.0,51.0,54.0,94.0,88.0,23.0,30.0,56.0,65.0,129.0,253.0,Low (<30),,,,,220813.0,Yes,No,No,No,No,No,No,Rs. 5,Rs. 5,,,GT,,,No,45.0,<200 sqft,Micro Outlet,GUJARAT,Balance,yes,,,,,8209.0827,,,,,,,,,,,,,,,,,,,,,,,8209.0827,684.090225,1.25,12,GUJARAT,Retail,10.333333333333334,33.0,52.5,91.0,36.333333333333336,41.68,0.37,2.74,2.12,7.0,13.16,D,15.0,0.0,1,0.0,0.0,109.31,-574.78,-525.8,False,D,1487.0,0.0,1.0,0.0,0.0,0.0,0.0,0.0,0.0,1,1.0,5.0,5.0,,1.0,1,4,Urban Transit Impulse GT,"This cluster consists of small urban GT outlets like paan kiosks, dairies, and tea shops, often near transit points. They cater to on-the-move shoppers seeking quick, affordable impulse purchases, with no premium category sales.","Prioritize counter-top displays and visible merchandising for single-serve, grab-and-go beverage and snack SKUs. Introduce combo offers (e.g., beverage + snack) at Rs. 20-30 price points."
120244.0,2744828,,2744828,Mahadev Dairy,Retail,20.45032108,72.85651892,Daman & Diu,Daman,Daman,Kadaiya,Rural,,Dairy str,Vikram Provision Store,1.19,0.0,0.0,0.0,4.1,0.0,0.0,0.0,0.0,0.0,0.0,0.0,0.0,0.0,3,7,20,0.0,0.0,0.0,37.0,50.0,63.0,92.0,9.0,409.0,661.0,979.0,1327.0,658.0,572.0,213.0,1197.0,1202.0,1110.0,Low (<30),0.0,0.0,0.0,0.0,0.0,No,No,No,No,No,No,No,,,,,GT,,,Yes,105.0,<200 sqft,Micro Outlet,DAMAN and DIU,Balance,yes,,,2324.114,,10208.6868,1430.832,,,,,,,,,,,,763.6356,545.454,,,8154.1434,,,,,,23426.8658,2602.985089,8.78,9,DAMAN and DIU,Retail,50.0,50.5,535.0,1153.0,481.0,0.0,0.0,0.0,0.0,3.0,60.2,B,15.0,1.0,1,0.0,0.0,2787.23,184.24,6.6,True,B+,685.0,1.0,0.0,0.0,0.0,0.0,0.0,0.0,0.0,1,1.0,,,,0.0,3,4,Urban Transit Impulse GT,"This cluster consists of small urban GT outlets like paan kiosks, dairies, and tea shops, often near transit points. They cater to on-the-move shoppers seeking quick, affordable impulse purchases, with no premium category sales.","Prioritize counter-top displays and visible merchandising for single-serve, grab-and-go beverage and snack SKUs. Introduce combo offers (e.g., beverage + snack) at Rs. 20-30 price points."
113556.0,S01476150,Lucknow,S01476150,Tannu Mannumobile,Retail,26.926113,80.949534,Uttar Pradesh,Lucknow,Lucknow,Lucknow,Urban,,,Primewest Marketing P.Ltd.-Sdp,1.91,0.42,1.56,3.77,11.47,0.88,2.1,0.64,0.64,0.64,0.64,0.64,0.64,0.64,6,25,57,0.0,11.0,18.0,9.0,12.0,13.0,31.0,46.0,59.0,51.0,78.0,71.0,33.0,34.0,47.0,50.0,89.0,304.0,High (>100),57.0,69.0,23.0,1.0,132008.0,No,No,No,No,No,No,No,,,,,Others,Periphery,0.1,No,105.0,<200 sqft,Micro Outlet,UTTAR PRADESH,Lucknow,yes,,,,,745.4538,90.909,334.8225,,,,107.1432,,,,,,,527.2722,,,308.0367,2309.0886,,,,,,4422.726,884.5452,7.2,5,UTTAR PRADESH,SC05-Retail,11.333333333333334,38.5,55.0,74.5,38.0,0.64,0.42,0.88,0.64,6.0,18.96,D,150.0,0.0,1,0.0,0.0,1816.71,932.16,51.3,True,D+,901.0,0.0,0.0,0.0,0.0,0.0,0.0,0.0,0.0,1,1.0,,,,1.0,1,4,Urban Transit Impulse GT,"This cluster consists of small urban GT outlets like paan kiosks, dairies, and tea shops, often near transit points. They cater to on-the-move shoppers seeking quick, affordable impulse purchases, with no premium category sales.","Prioritize counter-top displays and visible merchandising for single-serve, grab-and-go beverage and snack SKUs. Introduce combo offers (e.g., beverage + snack) at Rs. 20-30 price points."
120743.0,S01280672,Vadodara,S01280672,New Ice Point,Retail,22.27787,73.186535,Gujarat,Vadodara,Vadodara,Vadodara,Urban,GIDC,Ice Cream Parlour (Stand-alone),Chhabila Enterprise,0.85,0.25,1.18,2.46,0.71,90.28,1.08,0.02,0.02,0.02,0.02,0.02,0.02,0.02,10,31,76,0.0,3.0,7.0,138.0,124.0,156.0,253.0,253.0,413.0,401.0,395.0,355.0,114.0,93.0,76.0,865.0,510.0,435.0,Medium (30 to 100),,,,,150484.0,No,No,No,No,No,No,No,,,,,GT,Urban,1.6,Yes,140.0,<200 sqft,Micro Outlet,GUJARAT,Vadodara,yes,46218.9282,,1854.5436,,8818.173,,,4909.086,15858.1698,,,,,4802.367,,16773.1173,119127.9492,,29079.9798,,,,2463.6355,,,,,249905.9494,20825.495783,24.92,12,GUJARAT,Retail,139.33333333333334,253.0,407.0,375.0,94.33333333333331,0.02,0.25,1.08,0.02,10.0,98.52,A,,1.0,1,0.0,1.0,7350.29,-13475.21,-183.3,False,A,923.0,1.0,0.0,0.0,0.0,0.0,0.0,0.0,0.0,1,1.0,,,,1.0,4,4,Urban Transit Impulse GT,"This cluster consists of small urban GT outlets like paan kiosks, dairies, and tea shops, often near transit points. They cater to on-the-move shoppers seeking quick, affordable impulse purchases, with no premium category sales.","Prioritize counter-top displays and visible merchandising for single-serve, grab-and-go beverage and snack SKUs. Introduce combo offers (e.g., beverage + snack) at Rs. 20-30 price points."
118976.0,S00146068,Varanasi,S00146068,Munna Pan,Retail,25.345412,82.981427,Uttar Pradesh,Varanasi,Varanasi,Varanasi,Urban,Hamrautia,Cig / Paan Kiosk,M/S Sidhivinayak Enterprises-Tt,3.2,0.12,0.75,0.55,6.48,0.1,2.12,1.15,0.04,1.15,0.04,0.04,0.04,0.04,17,71,176,3.0,23.0,41.0,73.0,75.0,86.0,201.0,212.0,315.0,249.0,276.0,254.0,77.0,77.0,21.0,153.0,351.0,1258.0,High (>100),87.0,39.0,18.0,6.0,81857.0,Yes,No,No,No,No,No,No,Rs. 5,Rs. 5,,,GT,Urban,0.7,No,50.0,<200 sqft,Micro Outlet,UTTAR PRADESH,Varanasi,yes,6530.6184,,,,5477.8607,,5088.4202,,,,2497.7184,,,3535.1745,,,3011.1591,5405.1335,,,2991.081,12543.9497,,,,,,47081.1155,3923.426292,22.58,12,UTTAR PRADESH,Retail,78.0,206.5,282.0,265.0,58.333333333333336,0.04,0.12,0.1,0.04,20.0,75.02,B,150.0,0.0,1,0.0,1.0,6136.61,2213.19,36.1,True,B+,245.0,0.0,1.0,0.0,0.0,0.0,0.0,0.0,0.0,1,1.0,5.0,5.0,,1.0,3,4,Urban Transit Impulse GT,"This cluster consists of small urban GT outlets like paan kiosks, dairies, and tea shops, often near transit points. They cater to on-the-move shoppers seeking quick, affordable impulse purchases, with no premium category sales.","Prioritize counter-top displays and visible merchandising for single-serve, grab-and-go beverage and snack SKUs. Introduce combo offers (e.g., beverage + snack) at Rs. 20-30 price points."
120744.0,1598707,Visakhapatnam,1598707,Srinivasa Pan Shop,Retail,17.746107,83.31149,Andhra Pradesh,Visakhapatnam,Visakhapatnam (Urban),Visakhapatnam,Urban,Venkojipalem,Cig / Paan Kiosk,Durga Shanmukha Enterprises,2.7,0.52,0.35,2.04,0.85,0.0,3.48,0.48,0.36,0.36,0.36,0.36,0.36,0.36,16,79,162,14.0,103.0,209.0,246.0,191.0,235.0,407.0,348.0,536.0,459.0,382.0,311.0,95.0,56.0,100.0,696.0,1285.0,832.0,Medium (30 to 100),37.0,64.0,92.0,14.0,90769.0,Yes,No,No,No,No,No,No,Rs. 5,Rs. 5,,,GT,Urban,2.4,No,45.0,<200 sqft,Micro Outlet,ANDHRA PRADESH,Visakhapatnam,yes,4090.905,,90.909,,5272.722,90.909,4720.98,,,,,,,,,,2054.5434,,,,3374.595,9327.2634,,,,,,29022.8268,2418.5689,20.58,12,South India,Retail,224.0,377.5,497.5,346.5,83.66666666666667,0.36,0.35,0.0,0.36,30.0,57.12,C,,0.0,1,0.0,1.0,5562.55,3143.98,56.5,True,C+,99.0,0.0,1.0,0.0,0.0,0.0,0.0,0.0,0.0,1,1.0,5.0,5.0,,1.0,2,4,Urban Transit Impulse GT,"This cluster consists of small urban GT outlets like paan kiosks, dairies, and tea shops, often near transit points. They cater to on-the-move shoppers seeking quick, affordable impulse purchases, with no premium category sales.","Prioritize counter-top displays and visible merchandising for single-serve, grab-and-go beverage and snack SKUs. Introduce combo offers (e.g., beverage + snack) at Rs. 20-30 price points."
112507.0,2388187,,2388187,Pushpa Tea Stall,Retail,29.315503,73.887652,Rajasthan,Ganganagar,Suratgarh,3 RPM,Rural,,Tea Shop (Hot),Kamal Agencies-Rdb,12.22,49.47,56.47,313.39,0.69,153.17,2.08,153.64,48.74,150.93,150.93,150.93,150.93,150.93,10,41,64,0.0,0.0,0.0,0.0,0.0,0.0,0.0,0.0,0.0,0.0,0.0,2.0,1.0,1.0,0.0,0.0,0.0,1.0,Low (<30),0.0,0.0,0.0,0.0,84218.0,No,Yes,No,No,No,No,No,Rs. 5,,Rs. 5,,GT,,,No,105.0,<200 sqft,Micro Outlet,RAJASTHAN,Balance,yes,,,,,10090.899,90.909,,,,,,,,,,,,2818.179,,,,10317.7776,,,,,,23317.7646,1943.14705,6.75,12,North India,Retail,0.0,0.0,0.0,1.0,0.6666666666666666,150.93,49.47,2.08,48.74,10.0,48.56,C,15.0,0.0,1,0.0,0.0,2318.69,375.54,16.2,True,C+,1163.0,0.0,0.0,1.0,0.0,0.0,0.0,0.0,0.0,1,1.0,5.0,,5.0,0.0,2,4,Urban Transit Impulse GT,"This cluster consists of small urban GT outlets like paan kiosks, dairies, and tea shops, often near transit points. They cater to on-the-move shoppers seeking quick, affordable impulse purchases, with no premium category sales.","Prioritize counter-top displays and visible merchandising for single-serve, grab-and-go beverage and snack SKUs. Introduce combo offers (e.g., beverage + snack) at Rs. 20-30 price points."
111296.0,S01145455,Cuttack,S01145455,Mahima Bt Store,Retail,20.47633,85.851191,Orissa,Cuttack,Cuttack,Cuttack,Urban,Upper Police Colony,Cig / Paan Kiosk,Deepa Agencies -Tt,3.37,0.12,0.47,5.91,1.14,0.0,5.3,1.23,0.16,0.16,0.16,0.16,0.16,0.16,20,79,121,9.0,17.0,21.0,109.0,127.0,155.0,268.0,288.0,467.0,457.0,508.0,465.0,122.0,126.0,52.0,609.0,917.0,1244.0,Medium (30 to 100),132.0,68.0,14.0,3.0,197835.0,Yes,No,No,No,No,No,No,Rs. 5,Rs. 5,,,GT,Urban,2.4,No,55.0,<200 sqft,Micro Outlet,ORISSA,Cuttack,yes,2646.6378,,,,2372.3297,,3323.004,,,,215.3568,,,2046.6384,,,1173.912,1054.5444,,,3418.3534,4171.934,,,,,,20422.7105,1701.892542,14.17,12,East India,Retail,130.33333333333334,278.0,462.0,486.5,100.0,0.16,0.12,0.0,0.16,29.0,42.76,C,,0.0,1,0.0,1.0,3722.92,2021.03,54.3,True,C+,390.0,0.0,1.0,0.0,0.0,0.0,0.0,0.0,0.0,1,1.0,5.0,5.0,,1.0,2,4,Urban Transit Impulse GT,"This cluster consists of small urban GT outlets like paan kiosks, dairies, and tea shops, often near transit points. They cater to on-the-move shoppers seeking quick, affordable impulse purchases, with no premium category sales.","Prioritize counter-top displays and visible merchandising for single-serve, grab-and-go beverage and snack SKUs. Introduce combo offers (e.g., beverage + snack) at Rs. 20-30 price points."
114912.0,1573975,,1573975,Saha Hotel,Retail,26.111737,91.74092,Assam,Kamrup,Dispur,Guwahati (Dispur sub-distt) Pt 2 of 2,Urban,Guwahati +OG (Dispur sub-distt) Pt 2 of 2,S. Ind Restaurnt,Karmarnyam Trade And Working Agency,3.26,0.29,2.84,6.67,1.12,0.85,6.08,3.97,0.43,0.43,0.43,0.43,0.43,0.43,7,18,47,0.0,0.0,2.0,3837.0,6941.0,11059.0,12737.0,16772.0,22579.0,15173.0,18772.0,13159.0,4682.0,2741.0,1370.0,33447.0,44396.0,47846.0,High (>100),160.0,62.0,24.0,0.0,73403.0,No,No,No,No,No,No,No,,,,,Restaurants,,,Yes,185.0,<200 sqft,Micro Outlet,ASSAM,Guwahati,yes,106.7193,,,,1282.2134,90.909,,,,,,,,88.5375,,,17.3913,109.0908,,,,1167.5898,,,,,,2862.4511,318.050122,4.0,9,Northeast India,Retail,7279.0,14754.5,18876.0,15965.5,2931.0,0.43,0.29,0.85,0.43,7.0,3.78,D,150.0,1.0,1,0.0,0.0,1441.7,1123.65,77.9,True,D+,778.0,1.0,0.0,0.0,0.0,0.0,0.0,0.0,0.0,1,1.0,,,,1.0,1,4,Urban Transit Impulse GT,"This cluster consists of small urban GT outlets like paan kiosks, dairies, and tea shops, often near transit points. They cater to on-the-move shoppers seeking quick, affordable impulse purchases, with no premium category sales.","Prioritize counter-top displays and visible merchandising for single-serve, grab-and-go beverage and snack SKUs. Introduce combo offers (e.g., beverage + snack) at Rs. 20-30 price points."
115840.0,2160744,,2160744,New Sai Dairy,Retail,29.5255,75.037814,Haryana,Sirsa,Sirsa,Sirsa (Har),Urban,Sirsa (Har),Dairy str,Shanker Sales,9.09,0.1,60.35,135.85,0.54,0.0,1.52,127.58,6.88,127.58,127.58,127.58,127.58,127.58,16,44,59,0.0,0.0,0.0,696.0,1348.0,2681.0,2780.0,4570.0,6418.0,4051.0,5098.0,4066.0,1692.0,1861.0,931.0,4908.0,11550.0,22212.0,High (>100),0.0,0.0,0.0,0.0,173574.0,No,No,No,No,No,No,No,,,,,GT,,,Yes,95.0,<200 sqft,Micro Outlet,HARYANA,Balance,yes,2377.0728,,,,5143.8712,,669.645,327.2724,,,,,,598.4184,,,834.7818,1690.9074,,,1392.8616,4509.0864,,,,,,17543.917,1754.3917,12.9,10,North India,Retail,1575.0,3675.0,5234.5,4582.0,1494.6666666666667,127.58,0.1,0.0,6.88,16.0,44.12,C,150.0,1.0,1,0.0,0.0,3787.28,2032.89,53.7,True,C+,387.0,1.0,0.0,0.0,0.0,0.0,0.0,0.0,0.0,1,1.0,,,,1.0,2,4,Urban Transit Impulse GT,"This cluster consists of small urban GT outlets like paan kiosks, dairies, and tea shops, often near transit points. They cater to on-the-move shoppers seeking quick, affordable impulse purchases, with no premium category sales.","Prioritize counter-top displays and visible merchandising for single-serve, grab-and-go beverage and snack SKUs. Introduce combo offers (e.g., beverage + snack) at Rs. 20-30 price points."
119564.0,2574374,,2574374,Mahadev Paveter Bhojnalaya,AFH - Others,28.014968,76.473243,Rajasthan,Alwar,Behror,Googal Kota,Rural,,N. Ind Restaurnt,Shri Balaji Agency,1.58,102.95,50.33,43.5,2.43,105.58,10.81,38.7,23.5,38.7,38.7,38.7,38.7,38.7,0,5,17,0.0,0.0,0.0,14.0,12.0,9.0,34.0,8.0,71.0,110.0,107.0,173.0,63.0,57.0,21.0,53.0,146.0,427.0,Low (<30),0.0,0.0,0.0,0.0,87569.0,No,No,No,No,No,No,No,,,,,Restaurants,,,Yes,255.0,200–300 sqft,Small Outlet,RAJASTHAN,Balance,yes,8507.8175,,,,2995.2546,,1441.95,,,,,,,181.818,,,4523.8125,740.7114,,,1169.736,4531.2228,,,,,,24092.3228,3441.7604,8.57,7,North India,OPSC21-AFH - Others,11.666666666666666,21.0,90.5,140.0,47.0,38.7,50.33,10.81,23.5,0.0,70.48,B,15.0,1.0,1,0.0,0.0,3248.12,-193.64,-6.0,False,B,766.0,1.0,0.0,0.0,0.0,0.0,0.0,0.0,0.0,1,2.0,,,,0.0,3,4,Urban Transit Impulse GT,"This cluster consists of small urban GT outlets like paan kiosks, dairies, and tea shops, often near transit points. They cater to on-the-move shoppers seeking quick, affordable impulse purchases, with no premium category sales.","Prioritize counter-top displays and visible merchandising for single-serve, grab-and-go beverage and snack SKUs. Introduce combo offers (e.g., beverage + snack) at Rs. 20-30 price points."
120634.0,2447299,,2447299,Kishan Pan,Retail,22.129826,81.863083,Chattisgarh,Bilaspur,Mungeli,Barela,Rural,,Cig / Paan Kiosk,Sanket Groups Pvt Ltd-Rd,4.76,0.67,30.12,30.56,0.43,0.0,23.19,90.19,19.03,90.19,90.19,90.19,90.19,90.19,18,25,29,0.0,0.0,0.0,7.0,8.0,9.0,14.0,1.0,120.0,198.0,170.0,310.0,208.0,193.0,80.0,151.0,245.0,724.0,Low (<30),0.0,0.0,0.0,0.0,96771.0,Yes,No,No,No,No,No,No,Rs. 5,Rs. 5,,,GT,,,No,55.0,<200 sqft,Micro Outlet,CHHATTISGARH,Balance,yes,454.545,,,,15253.7424,1199.9988,23012.649,,,,137.616,,,199.9998,,,199.9998,1418.1804,,,10611.195,19153.3446,,,,,,71641.2708,5970.1059,14.75,12,East India,Retail,8.0,7.5,159.0,240.0,160.33333333333334,90.19,0.67,0.0,19.03,18.0,85.8,A,15.0,0.0,1,0.0,0.0,4196.25,-1773.85,-42.3,False,A,516.0,0.0,1.0,0.0,0.0,0.0,0.0,0.0,0.0,1,1.0,5.0,5.0,,0.0,4,4,Urban Transit Impulse GT,"This cluster consists of small urban GT outlets like paan kiosks, dairies, and tea shops, often near transit points. They cater to on-the-move shoppers seeking quick, affordable impulse purchases, with no premium category sales.","Prioritize counter-top displays and visible merchandising for single-serve, grab-and-go beverage and snack SKUs. Introduce combo offers (e.g., beverage + snack) at Rs. 20-30 price points."
121735.0,2387487,,2387487,Meet Xerox And Stationery,Retail,23.849486,72.130817,Gujarat,Patan,Patan,Patan,Urban,Patan,Stationary Str,Meera Marketing,5.93,0.09,14.65,37.72,0.66,29.92,0.42,90.78,0.68,28.78,28.78,28.78,28.78,28.78,21,55,67,0.0,0.0,0.0,226.0,480.0,1547.0,1300.0,3461.0,5292.0,3371.0,4270.0,3548.0,1534.0,2045.0,1022.0,4390.0,8550.0,16018.0,High (>100),,,,,262677.0,No,No,No,No,No,No,No,,,,,GT,,,No,90.0,<200 sqft,Micro Outlet,GUJARAT,Balance,yes,,,,,3104.3454,109.0908,,,,,,,,,,,,,,,1268.1945,431.6208,,,,,,4913.2515,409.437625,2.58,12,GUJARAT,Retail,751.0,2380.5,4331.5,3909.0,1533.6666666666667,28.78,0.09,0.42,0.68,21.0,5.98,D,150.0,0.0,1,0.0,0.0,485.72,76.28,15.7,True,D+,1379.0,0.0,0.0,0.0,0.0,0.0,0.0,0.0,0.0,1,1.0,,,,1.0,1,4,Urban Transit Impulse GT,"This cluster consists of small urban GT outlets like paan kiosks, dairies, and tea shops, often near transit points. They cater to on-the-move shoppers seeking quick, affordable impulse purchases, with no premium category sales.","Prioritize counter-top displays and visible merchandising for single-serve, grab-and-go beverage and snack SKUs. Introduce combo offers (e.g., beverage + snack) at Rs. 20-30 price points."
120875.0,2641622,,2641622,Pardhan Pan Bhandar Np,Retail,30.016417,77.401902,Uttar Pradesh,Saharanpur,Nakur,Sarsawan,Urban,Sarsawan,Cig / Paan Kiosk,Riddhi Siddhi Enterprises-Tt,0.86,0.12,3.07,45.42,4.09,4.08,2.29,11.83,11.83,11.83,11.83,11.83,11.83,11.83,12,20,29,0.0,0.0,1.0,14.0,31.0,149.0,105.0,422.0,690.0,412.0,518.0,415.0,185.0,275.0,137.0,349.0,748.0,2559.0,High (>100),0.0,0.0,0.0,0.0,129735.0,Yes,No,No,No,No,No,No,Rs. 5,Rs. 5,,,GT,,,Yes,115.0,<200 sqft,Micro Outlet,UTTAR PRADESH,Balance,yes,2454.543,,,,7745.4468,90.909,790.1811,,,,107.1432,,,,,,1272.726,2872.7244,,,803.574,20456.1162,,,,,,36593.3637,3049.446975,5.5,12,UTTAR PRADESH,Retail,64.66666666666667,263.5,551.0,466.5,199.0,11.83,0.12,2.29,11.83,12.0,66.46,B,150.0,1.0,1,0.0,0.0,1822.3,-1227.14,-67.3,False,B,903.0,1.0,1.0,0.0,0.0,0.0,0.0,0.0,0.0,1,1.0,5.0,5.0,,1.0,3,4,Urban Transit Impulse GT,"This cluster consists of small urban GT outlets like paan kiosks, dairies, and tea shops, often near transit points. They cater to on-the-move shoppers seeking quick, affordable impulse purchases, with no premium category sales.","Prioritize counter-top displays and visible merchandising for single-serve, grab-and-go beverage and snack SKUs. Introduce combo offers (e.g., beverage + snack) at Rs. 20-30 price points."
121931.0,S01421458,Thane,S01421458,Mahadev Dairy,Retail,19.467827,72.801032,Maharashtra,Thane,Vasai,Vasai,Urban,Vasai,Dairy str,Ananya Distributor,11.0,0.08,0.99,28.99,0.92,23.55,1.83,0.36,0.36,0.36,0.36,0.36,0.36,0.36,2,31,59,1.0,6.0,6.0,3328.0,8251.0,18015.0,20261.0,36560.0,51896.0,40898.0,51176.0,37588.0,12912.0,6896.0,3448.0,113556.0,38296.0,15318.0,High (>100),48.0,18.0,33.0,261.0,141229.0,No,No,No,No,No,No,No,,,,,GT,Periphery,24.0,Yes,145.0,<200 sqft,Micro Outlet,MAHARASHTRA,Balance,yes,,,1563.6348,,12454.533,1909.089,,,,,,,,,,,,363.636,,,,15945.4386,,,,,,32236.3314,2686.36095,14.42,12,MAHARASHTRA,Retail,9864.666666666666,28410.5,46397.0,44382.0,7752.0,0.36,0.08,1.83,0.36,3.0,61.32,B,150.0,1.0,1,0.0,0.0,4418.57,1732.21,39.2,True,B+,340.0,1.0,0.0,0.0,0.0,0.0,0.0,0.0,0.0,1,1.0,,,,1.0,3,4,Urban Transit Impulse GT,"This cluster consists of small urban GT outlets like paan kiosks, dairies, and tea shops, often near transit points. They cater to on-the-move shoppers seeking quick, affordable impulse purchases, with no premium category sales.","Prioritize counter-top displays and visible merchandising for single-serve, grab-and-go beverage and snack SKUs. Introduce combo offers (e.g., beverage + snack) at Rs. 20-30 price points."
111462.0,S01285373,Muzaffarpur,S01285373,Mamta Sudha Parlour,Retail,26.144887,85.37096,Bihar,Muzaffarpur,Musahari,Muzaffarpur,Urban,Harpur Lahouri,Dairy str,Prabhat Traders,3.26,0.52,0.58,3.85,1.34,0.0,2.68,3.27,3.27,3.27,3.27,3.27,3.27,3.27,10,41,104,2.0,4.0,45.0,44.0,41.0,42.0,74.0,112.0,136.0,103.0,165.0,137.0,51.0,62.0,174.0,113.0,217.0,722.0,Low (<30),127.0,51.0,14.0,0.0,89546.0,No,No,No,No,No,No,No,,,,,GT,Urban,0.3,Yes,100.0,<200 sqft,Micro Outlet,BIHAR,Muzaffarpur,yes,309.0906,,,,23190.492,264.823,5339.3669,,,,1023.5296,,,,,,218.1816,886.1658,,,3573.5759,4081.0263,,,,,,38886.2517,3240.520975,15.17,12,East India,Retail,42.333333333333336,93.0,119.5,151.0,95.66666666666669,3.27,0.52,0.0,3.27,12.0,68.54,B,15.0,1.0,1,0.0,1.0,4497.45,1256.93,27.9,True,B+,448.0,1.0,0.0,0.0,0.0,0.0,0.0,0.0,0.0,1,1.0,,,,1.0,3,4,Urban Transit Impulse GT,"This cluster consists of small urban GT outlets like paan kiosks, dairies, and tea shops, often near transit points. They cater to on-the-move shoppers seeking quick, affordable impulse purchases, with no premium category sales.","Prioritize counter-top displays and visible merchandising for single-serve, grab-and-go beverage and snack SKUs. Introduce combo offers (e.g., beverage + snack) at Rs. 20-30 price points."
106367.0,2616521,Rajkot,2616521,Patel Pan And Coldrinks,Retail,22.278654,70.809918,Gujarat,Rajkot,Rajkot,Rajkot,Urban,Gayatri Nagar,Cig / Paan Kiosk,Hetal Enterprise,4.44,0.13,0.23,1.22,3.04,7.31,1.77,0.13,0.13,0.13,0.13,0.13,0.13,0.13,31,126,240,3.0,28.0,52.0,315.0,283.0,355.0,447.0,587.0,972.0,1088.0,1533.0,1462.0,540.0,446.0,181.0,1246.0,2333.0,3692.0,Medium (30 to 100),,,,,203927.0,Yes,No,No,No,No,No,No,Rs. 5,Rs. 5,,,GT,Urban,1.8,No,45.0,<200 sqft,Micro Outlet,GUJARAT,Rajkot,yes,,,,,6936.7532,,,,,,,,,,,,272.727,109.0908,,,68.1825,1672.7256,,,,,,9059.4791,754.956592,4.42,12,GUJARAT,Retail,317.6666666666667,517.0,1030.0,1497.5,389.0,0.13,0.13,1.77,0.13,34.0,15.26,D,,0.0,1,0.0,1.0,834.19,79.24,9.5,True,D+,1378.0,0.0,1.0,0.0,0.0,0.0,0.0,0.0,0.0,1,1.0,5.0,5.0,,1.0,1,4,Urban Transit Impulse GT,"This cluster consists of small urban GT outlets like paan kiosks, dairies, and tea shops, often near transit points. They cater to on-the-move shoppers seeking quick, affordable impulse purchases, with no premium category sales.","Prioritize counter-top displays and visible merchandising for single-serve, grab-and-go beverage and snack SKUs. Introduce combo offers (e.g., beverage + snack) at Rs. 20-30 price points."
120647.0,2621455,,2621455,Sawriya Tea Stall,Retail,23.07535,76.829448,Madhya Pradesh,Sehore,Ashta,Kothri Kalan,Rural,,Tea Shop (Hot),Saify Agencies,16.02,11.53,53.45,64.29,6.23,98.59,25.04,56.46,29.17,55.48,55.48,55.48,55.48,55.48,7,14,16,0.0,0.0,0.0,10.0,15.0,21.0,42.0,4.0,197.0,319.0,373.0,554.0,274.0,294.0,117.0,194.0,417.0,1357.0,Low (<30),0.0,0.0,0.0,0.0,51981.0,No,Yes,No,No,No,No,No,Rs. 5,,Rs. 5,,GT,,,No,75.0,<200 sqft,Micro Outlet,MADHYA PRADESH,Balance,yes,363.636,,90.909,,1318.1805,181.818,417.4352,,,,,,,,,,2018.1798,363.636,,,550.464,1599.9984,,,,,,6904.2569,986.322414,5.71,7,MADHYA PRADESH,Retail,15.333333333333334,23.0,258.0,463.5,228.3333333333333,55.48,11.53,25.04,29.17,7.0,22.42,D,15.0,0.0,1,0.0,0.0,1721.32,734.99,42.7,True,D+,1039.0,0.0,0.0,1.0,0.0,0.0,0.0,0.0,0.0,1,1.0,5.0,,5.0,0.0,1,4,Urban Transit Impulse GT,"This cluster consists of small urban GT outlets like paan kiosks, dairies, and tea shops, often near transit points. They cater to on-the-move shoppers seeking quick, affordable impulse purchases, with no premium category sales.","Prioritize counter-top displays and visible merchandising for single-serve, grab-and-go beverage and snack SKUs. Introduce combo offers (e.g., beverage + snack) at Rs. 20-30 price points."
121222.0,2562622,,2562622,Paal Tea Stall,Retail,23.292708,75.972159,Madhya Pradesh,Dewas,Dewas,Jawasya,Rural,,Tea Shop (Hot),Khandewal Marketing - Indore,21.85,7.21,17.72,60.82,8.29,56.44,5.44,22.46,20.99,20.99,20.99,20.99,20.99,20.99,1,3,12,0.0,0.0,0.0,0.0,2.0,4.0,2.0,0.0,27.0,45.0,61.0,85.0,41.0,40.0,15.0,28.0,72.0,189.0,Low (<30),0.0,0.0,0.0,0.0,48923.0,No,Yes,No,No,No,No,No,Rs. 5,,Rs. 5,,GT,,,No,85.0,<200 sqft,Micro Outlet,MADHYA PRADESH,Ujjain,yes,90.909,,,,218.1816,,550.464,90.909,,,220.1856,,,90.909,,,454.545,,,,178.9008,436.3632,,,,,,2331.3672,1165.6836,9.5,2,MADHYA PRADESH,Retail,2.0,1.0,36.0,73.0,32.0,20.99,7.21,5.44,20.99,1.0,27.66,D,15.0,0.0,1,0.0,0.0,2711.69,1546.01,57.0,True,D+,461.0,0.0,0.0,1.0,0.0,0.0,0.0,0.0,0.0,1,1.0,5.0,,5.0,0.0,1,4,Urban Transit Impulse GT,"This cluster consists of small urban GT outlets like paan kiosks, dairies, and tea shops, often near transit points. They cater to on-the-move shoppers seeking quick, affordable impulse purchases, with no premium category sales.","Prioritize counter-top displays and visible merchandising for single-serve, grab-and-go beverage and snack SKUs. Introduce combo offers (e.g., beverage + snack) at Rs. 20-30 price points."
119460.0,2331582,,2331582,Dnyanai Bhel,Retail,18.641008,74.049578,Maharashtra,Pune,Haveli,Wadhu Kh.,Rural,,Chats & Snacks (Stand-alone),S R K Enterprises,10.98,1.13,2.14,13.98,0.19,3.71,16.5,15.16,6.69,6.69,6.69,6.69,6.69,6.69,4,13,24,0.0,1.0,2.0,6.0,10.0,14.0,11.0,1.0,59.0,96.0,96.0,156.0,55.0,43.0,16.0,83.0,144.0,262.0,Medium (30 to 100),107.0,36.0,13.0,4.0,81126.0,No,No,No,No,No,No,No,,,,,GT,,,No,340.0,300–600 sqft,Core Outlet,MAHARASHTRA,Balance,yes,3418.1784,,,,1890.9072,363.636,204.5475,,,,,,,181.818,,,1145.4534,,,,,5918.1759,,,,,,13122.7164,1640.33955,7.25,8,MAHARASHTRA,Retail,10.0,6.0,77.5,126.0,38.0,6.69,1.13,3.71,6.69,4.0,41.26,C,,0.0,1,0.0,0.0,2634.13,993.79,37.7,True,C+,908.0,0.0,0.0,0.0,0.0,0.0,0.0,0.0,0.0,1,,,,,0.0,2,4,Urban Transit Impulse GT,"This cluster consists of small urban GT outlets like paan kiosks, dairies, and tea shops, often near transit points. They cater to on-the-move shoppers seeking quick, affordable impulse purchases, with no premium category sales.","Prioritize counter-top displays and visible merchandising for single-serve, grab-and-go beverage and snack SKUs. Introduce combo offers (e.g., beverage + snack) at Rs. 20-30 price points."
121404.0,2383250,,2383250,Jaiswal Hotel,Retail,21.8215222,76.3501025,Madhya Pradesh,E. Nimar,Khandwa,Khandwa,Urban,Khandwa,S. Ind Restaurnt,Vijay Agencies,6.08,0.12,2.95,104.96,0.12,107.27,0.35,109.28,0.87,109.28,107.19,107.19,107.19,107.19,13,27,35,0.0,0.0,1.0,292.0,691.0,2052.0,1908.0,4682.0,7056.0,4562.0,5891.0,5583.0,2295.0,2660.0,1330.0,5332.0,10208.0,25018.0,High (>100),0.0,0.0,0.0,0.0,138222.0,No,No,No,No,No,No,No,,,,,Restaurants,,,Yes,85.0,<200 sqft,Micro Outlet,MADHYA PRADESH,Balance,yes,,,,,890.9082,,68.808,,,,,,,181.818,,,1090.908,181.818,,,229.36,181.818,,,,,,2825.4382,941.812733,6.33,3,MADHYA PRADESH,Retail,1011.6666666666666,3295.0,5809.0,5737.0,2095.0,107.19,0.12,0.35,0.87,13.0,21.0,D,150.0,1.0,1,0.0,0.0,1724.56,782.74,45.4,True,D+,1001.0,1.0,0.0,0.0,0.0,0.0,0.0,0.0,0.0,1,1.0,,,,1.0,1,4,Urban Transit Impulse GT,"This cluster consists of small urban GT outlets like paan kiosks, dairies, and tea shops, often near transit points. They cater to on-the-move shoppers seeking quick, affordable impulse purchases, with no premium category sales.","Prioritize counter-top displays and visible merchandising for single-serve, grab-and-go beverage and snack SKUs. Introduce combo offers (e.g., beverage + snack) at Rs. 20-30 price points."
117665.0,2491110,,2491110,Mahakalai Dairy Parlour - Tirth,Retail,23.288245,72.334665,Gujarat,Mahesana,Kadi,Kadi,Urban,Kadi,Dairy str,Dev Enterprise,1.11,0.52,29.99,3.68,0.39,27.97,0.98,30.28,0.39,27.41,27.41,27.41,27.41,27.41,10,30,33,0.0,0.0,0.0,176.0,377.0,1063.0,959.0,2234.0,3343.0,2026.0,2549.0,2046.0,856.0,968.0,484.0,2883.0,5766.0,9295.0,High (>100),,,,,208755.0,No,No,No,No,No,No,No,,,,,GT,,,Yes,100.0,<200 sqft,Micro Outlet,GUJARAT,Balance,yes,,,,,15620.54,,,,,,,,,,,,436.3632,,,,681.825,1727.271,,,,,,18465.9992,1538.833267,3.08,12,GUJARAT,Retail,538.6666666666666,1596.5,2684.5,2297.5,769.3333333333334,27.41,0.52,0.98,0.39,10.0,38.8,C,150.0,1.0,1,0.0,0.0,1015.34,-523.49,-51.6,False,C,1405.0,1.0,0.0,0.0,0.0,0.0,0.0,0.0,0.0,1,1.0,,,,1.0,2,4,Urban Transit Impulse GT,"This cluster consists of small urban GT outlets like paan kiosks, dairies, and tea shops, often near transit points. They cater to on-the-move shoppers seeking quick, affordable impulse purchases, with no premium category sales.","Prioritize counter-top displays and visible merchandising for single-serve, grab-and-go beverage and snack SKUs. Introduce combo offers (e.g., beverage + snack) at Rs. 20-30 price points."
113515.0,2505272,,2505272,Nilkanth Pan,Retail,23.834762,73.171413,Gujarat,Sabar Kantha,Idar,Mudeti,Rural,,Cig / Paan Kiosk,Arihant Agencies - Ss,20.39,4.23,26.27,84.7,34.71,88.73,12.87,90.94,18.38,25.53,25.53,25.53,25.53,25.53,5,7,13,0.0,0.0,0.0,10.0,15.0,21.0,26.0,3.0,89.0,142.0,127.0,222.0,90.0,97.0,39.0,91.0,179.0,403.0,Low (<30),,,,,259649.0,Yes,No,No,No,No,No,No,Rs. 5,Rs. 5,,,GT,,,No,40.0,<200 sqft,Micro Outlet,GUJARAT,Balance,yes,181.818,,,,2381.8158,181.818,,,,,,,,,,,181.818,,,,1027.283,327.2724,,,,,,4281.8252,389.256836,2.91,11,GUJARAT,Retail,15.333333333333334,14.5,115.5,174.5,75.33333333333333,25.53,4.23,12.87,18.38,5.0,5.62,D,15.0,0.0,1,0.0,0.0,839.53,450.27,53.6,True,D+,1202.0,0.0,1.0,0.0,0.0,0.0,0.0,0.0,0.0,1,1.0,5.0,5.0,,0.0,1,4,Urban Transit Impulse GT,"This cluster consists of small urban GT outlets like paan kiosks, dairies, and tea shops, often near transit points. They cater to on-the-move shoppers seeking quick, affordable impulse purchases, with no premium category sales.","Prioritize counter-top displays and visible merchandising for single-serve, grab-and-go beverage and snack SKUs. Introduce combo offers (e.g., beverage + snack) at Rs. 20-30 price points."
111836.0,2695613,,2695613,Pednekar Wine Store,Retail,15.64845415,73.85121706,Goa,N. Goa,Bardez,Revora,Rural,,,Ganesh Traders - Trade,7.93,0.0,0.0,16.93,5.32,0.0,3.43,13.86,12.01,0.0,0.0,0.0,0.0,0.0,0,5,11,0.0,0.0,0.0,21.0,27.0,33.0,42.0,11.0,78.0,121.0,75.0,170.0,40.0,35.0,13.0,105.0,209.0,252.0,Low (<30),,,,,259263.0,No,No,No,No,No,No,No,,,,,Others,,,No,120.0,<200 sqft,Micro Outlet,GOA,Goa,yes,2109.0888,,272.727,,9198.4126,541.502,709.098,,463.6359,,,,,,,,,1075.1,2936.3607,,1613.6525,18785.7644,,,,,,37705.3419,3427.758355,10.45,11,West India,Retail,27.0,26.5,99.5,122.5,29.33333333333333,0.0,0.0,0.0,12.01,0.0,70.34,B,15.0,0.0,1,0.0,0.0,3166.32,-261.44,-8.3,False,B,780.0,0.0,0.0,0.0,0.0,0.0,0.0,0.0,0.0,1,1.0,,,,0.0,3,4,Urban Transit Impulse GT,"This cluster consists of small urban GT outlets like paan kiosks, dairies, and tea shops, often near transit points. They cater to on-the-move shoppers seeking quick, affordable impulse purchases, with no premium category sales.","Prioritize counter-top displays and visible merchandising for single-serve, grab-and-go beverage and snack SKUs. Introduce combo offers (e.g., beverage + snack) at Rs. 20-30 price points."
115566.0,2681853,,2681853,Karnawat Pan,Retail,24.199183,82.452257,Madhya Pradesh,Sidhi,Deosar,Kanai,Rural,,Cig / Paan Kiosk,Gupta & Sons,19.52,4.65,122.46,377.56,13.54,684.13,0.77,280.41,23.42,272.45,272.2,272.45,272.2,272.2,11,21,33,0.0,0.0,0.0,1.0,1.0,1.0,9.0,2.0,18.0,28.0,61.0,87.0,67.0,73.0,30.0,32.0,60.0,225.0,Low (<30),0.0,0.0,0.0,0.0,38921.0,Yes,No,No,No,No,No,No,Rs. 5,Rs. 5,,,GT,,,No,50.0,<200 sqft,Micro Outlet,MADHYA PRADESH,Balance,yes,1090.908,,,,3472.7238,181.818,550.464,181.818,,,220.1856,,,181.818,,,636.363,872.7264,,,261.4704,5809.0851,,,,,,13459.3803,1495.4867,9.22,9,MADHYA PRADESH,Retail,1.0,5.5,23.0,74.0,56.66666666666666,272.2,4.65,0.77,23.42,11.0,37.54,C,15.0,0.0,1,0.0,0.0,2616.42,1120.93,42.8,True,C+,843.0,0.0,1.0,0.0,0.0,0.0,0.0,0.0,0.0,1,1.0,5.0,5.0,,0.0,2,4,Urban Transit Impulse GT,"This cluster consists of small urban GT outlets like paan kiosks, dairies, and tea shops, often near transit points. They cater to on-the-move shoppers seeking quick, affordable impulse purchases, with no premium category sales.","Prioritize counter-top displays and visible merchandising for single-serve, grab-and-go beverage and snack SKUs. Introduce combo offers (e.g., beverage + snack) at Rs. 20-30 price points."
121606.0,S01294776,Kolkata,S01294776,Sanjoy Pan Shop,Retail,22.471985,88.390217,West Bengal,Kolkata,Kolkata,Kolkata,Urban,Shrirampur,Cig / Paan Kiosk,Tarama Enterprise,1.56,0.48,0.27,5.11,1.13,0.03,0.68,0.64,0.6,0.64,0.6,0.6,0.6,0.6,9,43,104,3.0,11.0,20.0,232.0,234.0,217.0,512.0,383.0,431.0,493.0,510.0,393.0,184.0,96.0,100.0,1211.0,931.0,857.0,High (>100),0.0,0.0,0.0,0.0,329114.0,Yes,No,No,No,No,No,No,Rs. 5,Rs. 5,,,GT,Urban,0.8,No,45.0,<200 sqft,Micro Outlet,WEST BENGAL,Balance,yes,1309.0896,,,,2335.9661,1336.3623,2633.5117,,,,159.0925,,,545.454,,,618.1812,2553.3573,,,834.8706,4943.0784,,,,,,17268.9637,1439.080308,17.0,12,East India,Retail,227.66666666666663,447.5,462.0,451.5,126.66666666666669,0.6,0.27,0.03,0.6,12.0,35.96,C,150.0,0.0,1,0.0,1.0,4589.21,3150.13,68.6,True,C+,97.0,0.0,1.0,0.0,0.0,0.0,0.0,0.0,0.0,1,1.0,5.0,5.0,,1.0,2,4,Urban Transit Impulse GT,"This cluster consists of small urban GT outlets like paan kiosks, dairies, and tea shops, often near transit points. They cater to on-the-move shoppers seeking quick, affordable impulse purchases, with no premium category sales.","Prioritize counter-top displays and visible merchandising for single-serve, grab-and-go beverage and snack SKUs. Introduce combo offers (e.g., beverage + snack) at Rs. 20-30 price points."
112985.0,2556492,Hyderabad,2556492,Sri Sai Home Needs  Stationery,Retail,17.471418,78.641824,Telangana,Medchal-Malkajgiri,Keesara,Godmakunta,Rural,,Stationary Str,Anurag Enterprises,5.08,2.36,5.25,4.03,2.05,3.34,4.06,7.46,3.62,7.23,3.62,3.62,0.0,3.62,7,10,16,0.0,0.0,0.0,6.0,7.0,8.0,11.0,1.0,47.0,75.0,62.0,115.0,35.0,29.0,11.0,59.0,132.0,155.0,Low (<30),0.0,0.0,0.0,0.0,214406.0,No,No,No,No,No,No,No,,,,,GT,Periphery,2.5,No,100.0,<200 sqft,Micro Outlet,TELANGANA,Hyderabad,yes,727.272,,,,290.9088,,11422.128,218.1816,,,,,,,,,436.3632,,1136.3625,,4128.48,872.7264,,,,,,19232.4225,3846.4845,10.8,5,South India,SC05-Retail,7.0,6.0,61.0,88.5,25.0,0.0,2.36,3.34,3.62,7.0,74.3,B,15.0,0.0,1,0.0,0.0,2991.61,-854.87,-28.6,False,B,853.0,0.0,0.0,0.0,0.0,0.0,0.0,0.0,0.0,1,1.0,,,,0.0,3,4,Urban Transit Impulse GT,"This cluster consists of small urban GT outlets like paan kiosks, dairies, and tea shops, often near transit points. They cater to on-the-move shoppers seeking quick, affordable impulse purchases, with no premium category sales.","Prioritize counter-top displays and visible merchandising for single-serve, grab-and-go beverage and snack SKUs. Introduce combo offers (e.g., beverage + snack) at Rs. 20-30 price points."
121257.0,1924536,Jamshedpur,1924536,Pramod Betal Shop,Retail,22.823462,86.179087,Jharkhand,Purbi Singhbhum,Golmuri-Cum-Jugsalai,Jamshedpur,Urban,Jamshedpur,Cig / Paan Kiosk,Gita Marketing - Tt,0.87,0.36,5.91,107.05,0.48,0.0,4.99,4.3,3.24,4.3,4.3,4.3,4.3,4.3,9,36,116,0.0,0.0,0.0,3196.0,6011.0,10854.0,11761.0,17552.0,24270.0,14167.0,18137.0,16517.0,6654.0,6940.0,3470.0,25200.0,41073.0,78709.0,High (>100),116.0,48.0,27.0,13.0,126369.0,Yes,No,No,No,No,No,No,Rs. 5,Rs. 5,,,GT,,,No,50.0,<200 sqft,Micro Outlet,JHARKHAND,Jamshedpur,yes,545.454,,,,3399.9966,181.818,,,,,,,,181.818,,,181.818,436.3632,,,2064.24,7199.9928,,,,,,14191.5006,3547.87515,9.0,4,East India,Retail,6687.0,14656.5,19218.5,17327.0,5688.0,4.3,0.36,0.0,3.24,9.0,71.54,B,150.0,0.0,1,0.0,0.0,2185.89,-1361.98,-62.3,False,B,916.0,0.0,1.0,0.0,0.0,0.0,0.0,0.0,0.0,1,1.0,5.0,5.0,,1.0,3,4,Urban Transit Impulse GT,"This cluster consists of small urban GT outlets like paan kiosks, dairies, and tea shops, often near transit points. They cater to on-the-move shoppers seeking quick, affordable impulse purchases, with no premium category sales.","Prioritize counter-top displays and visible merchandising for single-serve, grab-and-go beverage and snack SKUs. Introduce combo offers (e.g., beverage + snack) at Rs. 20-30 price points."
107959.0,2310507,,2310507,Victory Ice Creams,Retail,16.756897,78.049747,Telangana,Mahbubnagar,Mahbubnagar,Yedira,Rural,,Ice Cream Parlour (Stand-alone),Orange Kart,5.0,0.44,0.05,58.56,1.2,71.72,1.43,74.99,5.89,72.3,72.3,72.3,0.0,72.3,5,10,17,0.0,2.0,0.0,0.0,1.0,2.0,3.0,0.0,41.0,67.0,78.0,117.0,51.0,51.0,20.0,69.0,105.0,221.0,Low (<30),0.0,0.0,0.0,0.0,365622.0,No,No,No,No,No,No,No,,,,,GT,,,Yes,130.0,<200 sqft,Micro Outlet,TELANGANA,Warangal,yes,,,,,709.0902,,2512.9935,,,,137.616,,,,,,,,,,2175.3755,1381.8168,,,,,,6916.892,1383.3784,11.6,5,South India,Retail,1.0,1.5,54.0,97.5,40.66666666666666,0.0,0.05,1.43,5.89,5.0,34.54,C,15.0,1.0,1,0.0,0.0,3610.16,2226.78,61.7,True,C+,317.0,1.0,0.0,0.0,0.0,0.0,0.0,0.0,0.0,1,1.0,,,,0.0,2,4,Urban Transit Impulse GT,"This cluster consists of small urban GT outlets like paan kiosks, dairies, and tea shops, often near transit points. They cater to on-the-move shoppers seeking quick, affordable impulse purchases, with no premium category sales.","Prioritize counter-top displays and visible merchandising for single-serve, grab-and-go beverage and snack SKUs. Introduce combo offers (e.g., beverage + snack) at Rs. 20-30 price points."
120675.0,2307594,Guntur,2307594,Tanmay Fancy,Retail,16.316728,80.438918,Andhra Pradesh,Guntur,Guntur,Guntur,Urban,Vinayak Nagar,Cosmetc / Fancy Str (Stand-alone),Pranavi Associates,1.38,0.22,0.26,1.43,0.72,0.0,1.87,0.96,0.18,0.18,0.18,0.18,0.18,0.18,25,103,201,21.0,92.0,129.0,175.0,219.0,247.0,426.0,497.0,707.0,745.0,870.0,720.0,114.0,131.0,227.0,951.0,1928.0,1327.0,Medium (30 to 100),89.0,58.0,26.0,5.0,180332.0,No,No,No,No,No,No,No,Rs. 5,,,,GT,Urban,0.2,No,90.0,<200 sqft,Micro Outlet,ANDHRA PRADESH,Guntur,yes,,,,,2272.725,,6051.351,,,,,,,,,,,,,,6368.7435,2054.5434,,,,,,16747.3629,1522.487536,11.09,11,South India,Retail,213.66666666666663,461.5,726.0,795.0,157.33333333333334,0.18,0.22,0.0,0.18,46.0,38.24,C,,0.0,1,0.0,1.0,2869.99,1347.5,47.0,True,C+,736.0,0.0,0.0,0.0,0.0,0.0,0.0,0.0,0.0,1,1.0,5.0,,,1.0,2,4,Urban Transit Impulse GT,"This cluster consists of small urban GT outlets like paan kiosks, dairies, and tea shops, often near transit points. They cater to on-the-move shoppers seeking quick, affordable impulse purchases, with no premium category sales.","Prioritize counter-top displays and visible merchandising for single-serve, grab-and-go beverage and snack SKUs. Introduce combo offers (e.g., beverage + snack) at Rs. 20-30 price points."
121735.0,2387575,,2387575,Hotel Vasant Vilash,Retail,23.851245,72.120014,Gujarat,Patan,Patan,Patan,Urban,Patan,S. Ind Restaurnt,Meera Marketing,5.93,0.08,14.72,38.61,0.65,30.78,1.18,91.57,1.71,27.9,27.9,27.9,27.9,27.9,27,57,66,0.0,0.0,0.0,226.0,480.0,1547.0,1300.0,3461.0,5292.0,3371.0,4270.0,3548.0,1534.0,2045.0,1022.0,4390.0,8550.0,16018.0,High (>100),,,,,262677.0,No,No,No,No,No,No,No,,,,,Restaurants,,,Yes,75.0,<200 sqft,Micro Outlet,GUJARAT,Balance,yes,,,,,7563.6288,,,,,,,,,,,,,,,,68.1825,6327.2664,,,,,,13959.0777,1163.256475,7.67,12,GUJARAT,Retail,751.0,2380.5,4331.5,3909.0,1533.6666666666667,27.9,0.08,1.18,1.71,27.0,27.6,D,150.0,1.0,1,0.0,0.0,2162.77,999.51,46.2,True,D+,852.0,1.0,0.0,0.0,0.0,0.0,0.0,0.0,0.0,1,1.0,,,,1.0,1,4,Urban Transit Impulse GT,"This cluster consists of small urban GT outlets like paan kiosks, dairies, and tea shops, often near transit points. They cater to on-the-move shoppers seeking quick, affordable impulse purchases, with no premium category sales.","Prioritize counter-top displays and visible merchandising for single-serve, grab-and-go beverage and snack SKUs. Introduce combo offers (e.g., beverage + snack) at Rs. 20-30 price points."
107133.0,S00165769,Jaipur,S00165769,Ms Royal Dryfruit Pvt Ltd,Retail,26.894565,75.825924,Rajasthan,Jaipur,Jaipur,Jaipur,Urban,Tilak Nagar,Dry Fruit Str,Khandelwal Marketing-Sdp,0.25,1.29,0.25,3.11,0.01,99.5,3.57,1.21,0.22,0.28,0.28,0.28,0.22,0.22,30,86,179,10.0,24.0,37.0,156.0,128.0,166.0,266.0,224.0,381.0,356.0,289.0,271.0,89.0,60.0,19.0,320.0,634.0,1228.0,Medium (30 to 100),23.0,35.0,26.0,7.0,12475995.0,No,No,No,No,No,No,No,Rs. 20,,,,MT,Urban,2.7,Yes,165.0,<200 sqft,Micro Outlet,RAJASTHAN,Jaipur,yes,,,,,,,,,,,,,5941.8168,,8590.9095,5309.0915,,,21860.8484,,,,,,,,,41702.6662,3791.151473,6.27,11,North India,Retail,150.0,245.0,368.5,280.0,56.0,0.22,0.25,3.57,0.22,40.0,73.82,B,,1.0,1,1.0,1.0,1917.88,-1873.27,-97.7,False,B,950.0,1.0,0.0,0.0,0.0,0.0,0.0,0.0,0.0,1,1.0,20.0,,,1.0,3,4,Urban Transit Impulse GT,"This cluster consists of small urban GT outlets like paan kiosks, dairies, and tea shops, often near transit points. They cater to on-the-move shoppers seeking quick, affordable impulse purchases, with no premium category sales.","Prioritize counter-top displays and visible merchandising for single-serve, grab-and-go beverage and snack SKUs. Introduce combo offers (e.g., beverage + snack) at Rs. 20-30 price points."
117829.0,2691761,Mumbai,2691761,Amama Food Pvt Ltd,Retail,19.201478,72.865481,Maharashtra,Mumbai (Combined),Mumbai,Mumbai (Grtr),Urban,Kandivali E.,QSRs (Ind) Stand-alone,Manjushri Enterprise,4.23,0.07,0.37,3.01,0.05,0.05,1.45,0.63,0.04,0.19,0.04,0.04,0.04,0.04,17,80,156,9.0,32.0,58.0,381.0,319.0,334.0,822.0,582.0,828.0,912.0,948.0,761.0,226.0,90.0,148.0,1144.0,1691.0,2521.0,High (>100),750.0,950.0,335.0,77.0,317806.0,No,No,No,No,No,No,No,,,,,Restaurants,Urban,3.6,Yes,140.0,<200 sqft,Micro Outlet,MAHARASHTRA,Mumbai,yes,,,,,563.6358,,272.73,,,,,,,,,,,,,,204.5475,763.6356,,,,,,1804.5489,601.5163,6.33,3,MAHARASHTRA,Retail,344.6666666666667,702.0,870.0,854.5,154.66666666666666,0.04,0.07,0.05,0.04,26.0,10.72,D,150.0,1.0,1,0.0,1.0,1819.9,1218.38,66.9,True,D+,708.0,1.0,0.0,0.0,0.0,0.0,0.0,0.0,0.0,1,1.0,,,,1.0,1,4,Urban Transit Impulse GT,"This cluster consists of small urban GT outlets like paan kiosks, dairies, and tea shops, often near transit points. They cater to on-the-move shoppers seeking quick, affordable impulse purchases, with no premium category sales.","Prioritize counter-top displays and visible merchandising for single-serve, grab-and-go beverage and snack SKUs. Introduce combo offers (e.g., beverage + snack) at Rs. 20-30 price points."
118876.0,2764020,,2764020,Gulo Tea,Retail,26.94283,76.79987,Rajasthan,Karauli,Todabhim,Gahroli,Rural,,Tea Shop (Hot),Om Agency,7.84,34.06,39.0,68.11,8.59,174.81,20.15,95.55,33.23,89.35,89.35,89.35,89.35,89.35,4,11,29,0.0,0.0,0.0,2.0,5.0,9.0,7.0,1.0,28.0,45.0,48.0,75.0,31.0,31.0,12.0,19.0,31.0,222.0,Low (<30),0.0,0.0,0.0,0.0,324229.0,No,Yes,No,No,No,No,No,Rs. 5,,Rs. 5,,GT,,,No,70.0,<200 sqft,Micro Outlet,RAJASTHAN,Balance,yes,1397.808,,,,3090.906,,458.0945,,,,,,,1430.829,,,1049.982,2181.816,,,458.0945,4545.45,,,,,,14612.98,1826.6225,10.0,8,North India,Retail,5.333333333333333,4.0,36.5,61.5,24.666666666666668,89.35,34.06,20.15,33.23,4.0,45.78,C,15.0,0.0,1,0.0,0.0,3007.56,1180.94,39.3,True,C+,813.0,0.0,0.0,1.0,0.0,0.0,0.0,0.0,0.0,1,1.0,5.0,,5.0,0.0,2,4,Urban Transit Impulse GT,"This cluster consists of small urban GT outlets like paan kiosks, dairies, and tea shops, often near transit points. They cater to on-the-move shoppers seeking quick, affordable impulse purchases, with no premium category sales.","Prioritize counter-top displays and visible merchandising for single-serve, grab-and-go beverage and snack SKUs. Introduce combo offers (e.g., beverage + snack) at Rs. 20-30 price points."
103689.0,S01334541,,S01334541,Vaibhav Hotel,Retail,15.507723,73.809771,Goa,N. Goa,Bardez,Nerul,Rural,,S. Ind Restaurnt,Sash Traders,3.01,0.0,0.0,2.8,0.07,0.0,12.39,2.52,1.57,0.0,0.0,0.0,0.0,0.0,4.0,9.0,35.0,0.0,0.0,0.0,34.0,63.0,92.0,68.0,15.0,141.0,219.0,147.0,315.0,78.0,52.0,18.0,207.0,328.0,472.0,Low (<30),,,,,309895.0,No,No,No,No,No,No,No,,,,,Restaurants,,,Yes,125.0,<200 sqft,Micro Outlet,GOA,Goa,yes,1272.726,,1236.3624,,6545.448,999.999,1695.4715,,,,,,,181.818,,,272.727,290.9088,,,668.1885,15572.7117,,,,,,28736.3609,2394.696742,13.92,12,West India,Retail,63.0,41.5,180.0,231.0,49.333333333333336,0.0,0.0,0.0,1.57,4.0,56.8,C,15.0,1.0,1,0.0,0.0,4365.21,1970.51,45.1,True,C+,413.0,1.0,0.0,0.0,0.0,0.0,0.0,0.0,0.0,1,1.0,,,,0.0,2,4,Urban Transit Impulse GT,"This cluster consists of small urban GT outlets like paan kiosks, dairies, and tea shops, often near transit points. They cater to on-the-move shoppers seeking quick, affordable impulse purchases, with no premium category sales.","Prioritize counter-top displays and visible merchandising for single-serve, grab-and-go beverage and snack SKUs. Introduce combo offers (e.g., beverage + snack) at Rs. 20-30 price points."
114720.0,2440640,Jabalpur,2440640,Govind Paan,Retail,23.1555,79.873255,Madhya Pradesh,Jabalpur,Jabalpur,Jabalpur,Urban,Sai Colony,Cig / Paan Kiosk,Prakash Brothers ? Sdp,7.78,0.8,0.98,135.5,0.04,406.17,3.39,4.4,0.72,0.72,0.72,0.72,0.72,0.72,8,16,31,1.0,1.0,1.0,18.0,21.0,25.0,53.0,65.0,101.0,95.0,96.0,91.0,20.0,22.0,14.0,100.0,177.0,261.0,Low (<30),40.0,44.0,3.0,1.0,188083.0,Yes,No,No,No,No,No,No,Rs. 5,Rs. 5,,,GT,Urban,0.5,No,55.0,<200 sqft,Micro Outlet,MADHYA PRADESH,Jabalpur,yes,218.1816,,90.909,,1063.2414,272.727,880.7424,,,,110.0928,,,,,,124.9011,290.9088,,,1018.2372,1036.3626,,,,,,5106.3039,1276.575975,12.25,4,MADHYA PRADESH,Retail,21.33333333333333,59.0,98.0,93.5,18.666666666666668,0.72,0.8,3.39,0.72,9.0,31.5,C,15.0,0.0,1,0.0,1.0,3104.26,1827.69,58.9,True,C+,483.0,0.0,1.0,0.0,0.0,0.0,0.0,0.0,0.0,1,1.0,5.0,5.0,,1.0,2,4,Urban Transit Impulse GT,"This cluster consists of small urban GT outlets like paan kiosks, dairies, and tea shops, often near transit points. They cater to on-the-move shoppers seeking quick, affordable impulse purchases, with no premium category sales.","Prioritize counter-top displays and visible merchandising for single-serve, grab-and-go beverage and snack SKUs. Introduce combo offers (e.g., beverage + snack) at Rs. 20-30 price points."
120504.0,1554313,,1554313,Net CafÃ©,Retail,21.490373,86.929376,Orissa,Baleshwar,Baleshwar,Baleshwar,Urban,Baleshwar,Tea Shop (Hot),Sarojini Enterprises,4.36,0.25,5.66,136.91,1.12,0.0,1.53,155.4,1.12,150.71,150.71,150.71,150.71,150.71,21,65,100,0.0,0.0,0.0,319.0,639.0,1812.0,1565.0,3670.0,5497.0,3341.0,4338.0,4324.0,1876.0,2870.0,1435.0,6865.0,10388.0,14630.0,High (>100),0.0,0.0,0.0,0.0,392938.0,No,Yes,No,No,No,No,No,Rs. 5,,Rs. 5,,GT,,,No,85.0,<200 sqft,Micro Outlet,ORISSA,Balance,yes,2854.5426,,,,3599.9964,181.818,5263.1868,,,,110.0928,,,963.6354,,,2690.9064,545.454,7490.9016,,7910.4198,6327.2664,272.727,,,,,38210.9472,4245.6608,20.33,9,East India,Retail,923.3333333333334,2617.5,4419.0,4331.0,2060.333333333333,150.71,0.25,0.0,1.12,21.0,77.5,B,150.0,0.0,1,0.0,0.0,5499.61,1253.95,22.8,True,B+,450.0,0.0,0.0,1.0,0.0,0.0,0.0,0.0,0.0,1,1.0,5.0,,5.0,1.0,3,4,Urban Transit Impulse GT,"This cluster consists of small urban GT outlets like paan kiosks, dairies, and tea shops, often near transit points. They cater to on-the-move shoppers seeking quick, affordable impulse purchases, with no premium category sales.","Prioritize counter-top displays and visible merchandising for single-serve, grab-and-go beverage and snack SKUs. Introduce combo offers (e.g., beverage + snack) at Rs. 20-30 price points."
120250.0,2597793,Hubballi Dharwad,2597793,Habibs Doodwala,Retail,15.359869,75.146837,Karnataka,Dharwad,Hubli-Dharwad unassignd,Hubli-Dharwad,Urban,Gandiwada,Dairy str,Shri Veerbadreshwara Agencies,7.68,0.13,0.03,20.98,0.01,0.15,1.6,0.92,0.12,0.12,0.12,0.12,0.12,0.12,24,86,132,12.0,64.0,139.0,67.0,77.0,88.0,152.0,179.0,292.0,342.0,349.0,327.0,44.0,37.0,63.0,328.0,570.0,853.0,Medium (30 to 100),178.0,60.0,14.0,1.0,168059.0,No,No,No,No,No,No,No,,,,,GT,Urban,1.5,Yes,90.0,<200 sqft,Micro Outlet,KARNATAKA,Hubballi Dharwad,yes,,,181.818,,981.8172,,709.098,,,,,,,,,,,,,,477.2775,3927.2688,,,,,,6277.2795,1255.4559,4.8,5,West India,Retail,77.33333333333333,165.5,317.0,338.0,48.0,0.12,0.03,0.15,0.12,36.0,30.8,C,,1.0,1,0.0,1.0,1255.46,-0.0,-0.0,False,C,1290.0,1.0,0.0,0.0,0.0,0.0,0.0,0.0,0.0,1,1.0,,,,1.0,2,4,Urban Transit Impulse GT,"This cluster consists of small urban GT outlets like paan kiosks, dairies, and tea shops, often near transit points. They cater to on-the-move shoppers seeking quick, affordable impulse purchases, with no premium category sales.","Prioritize counter-top displays and visible merchandising for single-serve, grab-and-go beverage and snack SKUs. Introduce combo offers (e.g., beverage + snack) at Rs. 20-30 price points."
120514.0,2226798,,2226798,Boore Da Dhaba,Retail,30.584915,76.87728,Punjab,Patiala,Dera Bassi,Saidpura,Rural,,N. Ind Restaurnt,Shri Shyam Ji Sales-Tt,4.22,0.53,2.9,0.11,3.59,69.76,10.03,2.98,1.46,2.98,2.98,2.98,1.46,1.46,5,11,19,0.0,0.0,3.0,6.0,6.0,6.0,27.0,4.0,75.0,120.0,115.0,190.0,65.0,45.0,16.0,73.0,162.0,298.0,Low (<30),0.0,0.0,0.0,0.0,129070.0,No,No,No,No,No,No,No,,,,,Restaurants,,,Yes,135.0,<200 sqft,Micro Outlet,PUNJAB,Balance,yes,12947.814,,,,6484.582,945.4536,2382.978,2366.0058,,,,,,2069.5632,,,13025.2842,2998.4188,,,1939.7796,10858.4918,,,,,,56018.371,5092.579182,30.36,11,North India,Retail,6.0,15.5,97.5,152.5,42.0,1.46,0.53,10.03,0.11,5.0,82.66,A,15.0,1.0,1,0.0,0.0,9051.56,3958.98,43.7,True,A+,10.0,1.0,0.0,0.0,0.0,0.0,0.0,0.0,0.0,1,1.0,,,,0.0,4,4,Urban Transit Impulse GT,"This cluster consists of small urban GT outlets like paan kiosks, dairies, and tea shops, often near transit points. They cater to on-the-move shoppers seeking quick, affordable impulse purchases, with no premium category sales.","Prioritize counter-top displays and visible merchandising for single-serve, grab-and-go beverage and snack SKUs. Introduce combo offers (e.g., beverage + snack) at Rs. 20-30 price points."
112076.0,S01304860,Kolkata,S01304860,Gupta Pan,Retail,22.616157,88.435068,West Bengal,N. 24 Parganas,Rajarhat Gopalpur unassignd,Rajarhat Gopalpur,Urban,Noapara,Cig / Paan Kiosk,Anand Traders,2.22,0.15,1.25,1.15,0.34,2.73,2.65,1.68,1.68,1.68,1.68,1.68,1.68,1.68,7,35,76,0.0,5.0,16.0,484.0,617.0,526.0,1434.0,1340.0,1203.0,1367.0,1269.0,1159.0,408.0,269.0,146.0,3228.0,2560.0,2599.0,Low (<30),0.0,0.0,0.0,0.0,70310.0,Yes,No,No,No,No,No,No,Rs. 5,Rs. 5,,,GT,Periphery,4.3,No,55.0,<200 sqft,Micro Outlet,WEST BENGAL,Kolkata,yes,236.3634,,,,8718.1874,99.9999,11637.3567,36.3636,,,1918.7928,,,54.5454,,,109.0908,4680.6318,,,13515.4217,15776.2826,,,,,,56783.0361,5162.094191,18.64,11,East India,Retail,542.3333333333334,1387.0,1285.0,1214.0,274.3333333333333,1.68,0.15,2.65,1.15,7.0,82.88,A,15.0,0.0,1,0.0,0.0,5081.26,-80.84,-1.6,False,A,339.0,0.0,1.0,0.0,0.0,0.0,0.0,0.0,0.0,1,1.0,5.0,5.0,,1.0,4,4,Urban Transit Impulse GT,"This cluster consists of small urban GT outlets like paan kiosks, dairies, and tea shops, often near transit points. They cater to on-the-move shoppers seeking quick, affordable impulse purchases, with no premium category sales.","Prioritize counter-top displays and visible merchandising for single-serve, grab-and-go beverage and snack SKUs. Introduce combo offers (e.g., beverage + snack) at Rs. 20-30 price points."
115954.0,1487933,Surat,1487933,Rudhra Pan,Retail,21.243058,72.816843,Gujarat,Surat,Surat City,Surat,Urban,Motived,Cig / Paan Kiosk,Shreeji Enterprise,10.4,0.34,2.5,6.29,5.73,64.45,4.11,4.9,0.71,0.71,0.71,0.71,0.71,0.71,6,37,77,0.0,0.0,3.0,37.0,20.0,24.0,24.0,38.0,49.0,54.0,81.0,78.0,30.0,24.0,38.0,62.0,139.0,254.0,Medium (30 to 100),,,,,187051.0,Yes,No,No,No,No,No,No,Rs. 5,Rs. 5,,,GT,Urban,0.9,No,45.0,<200 sqft,Micro Outlet,GUJARAT,Surat,yes,,,,,8763.6276,,,,,,,,,,,,,218.1816,,,1757.9175,545.454,,,,,,11285.1807,1612.168671,4.57,7,GUJARAT,Retail,27.0,31.0,51.5,79.5,30.666666666666668,0.71,0.34,4.11,0.71,6.0,40.54,C,,0.0,1,0.0,1.0,961.6,-650.56,-67.7,False,C,1422.0,0.0,1.0,0.0,0.0,0.0,0.0,0.0,0.0,1,1.0,5.0,5.0,,1.0,2,4,Urban Transit Impulse GT,"This cluster consists of small urban GT outlets like paan kiosks, dairies, and tea shops, often near transit points. They cater to on-the-move shoppers seeking quick, affordable impulse purchases, with no premium category sales.","Prioritize counter-top displays and visible merchandising for single-serve, grab-and-go beverage and snack SKUs. Introduce combo offers (e.g., beverage + snack) at Rs. 20-30 price points."
114036.0,1363168,Patiala,1363168,Bindra Fruit And Vegetables Shop,Retail,30.339583,76.381186,Punjab,Patiala,Patiala,Patiala,Urban,Baradari (N),Fruit / Veg Str,Durga Trading Company,6.43,0.3,0.56,9.67,0.51,29.65,0.27,1.29,0.1,1.19,1.19,1.19,0.1,0.1,9,46,106,4.0,15.0,16.0,144.0,82.0,107.0,166.0,126.0,201.0,185.0,120.0,146.0,21.0,19.0,2.0,223.0,402.0,570.0,Low (<30),0.0,0.0,0.0,0.0,99943.0,No,No,No,No,No,No,No,,,,,GT,Urban,2.0,No,115.0,<200 sqft,Micro Outlet,PUNJAB,Patiala,yes,13678.2474,,90.909,,4177.259,454.545,696.6289,581.8176,,,,,,4901.181,,2454.543,5955.7254,981.8172,3709.0872,185.185,1030.4937,8663.6277,,,,,,47561.0671,3963.422258,24.33,12,North India,Retail,111.0,146.0,193.0,133.0,14.0,0.1,0.3,0.27,0.1,13.0,75.3,B,15.0,0.0,1,0.0,1.0,6843.26,2879.83,42.1,True,B+,143.0,0.0,0.0,0.0,0.0,0.0,0.0,0.0,0.0,1,1.0,,,,1.0,3,4,Urban Transit Impulse GT,"This cluster consists of small urban GT outlets like paan kiosks, dairies, and tea shops, often near transit points. They cater to on-the-move shoppers seeking quick, affordable impulse purchases, with no premium category sales.","Prioritize counter-top displays and visible merchandising for single-serve, grab-and-go beverage and snack SKUs. Introduce combo offers (e.g., beverage + snack) at Rs. 20-30 price points."
116923.0,2394594,Delhi,2394594,Ha Ji Kaka Ration Wale,Retail,28.654316,77.208461,Delhi,Delhi,Delhi,Delhi,Urban,Qasabpura,,Super Agencies,2.72,0.18,0.7,1.02,0.29,0.4,0.97,0.84,0.09,0.53,0.09,0.09,0.09,0.09,39,136,256,4.0,11.0,46.0,1323.0,550.0,593.0,893.0,988.0,1291.0,1578.0,2140.0,1884.0,289.0,170.0,431.0,1334.0,2429.0,7100.0,High (>100),23.0,578.0,2530.0,358.0,260747.0,No,No,No,No,No,No,No,,,,,Others,Urban,9.86472,No,80.0,<200 sqft,Micro Outlet,NEW DELHI,Delhi,yes,,,,,5628.0601,,3007.6785,,,,694.1412,,,,,,,3386.1633,,,2642.8656,15454.1387,,,,,,30813.0474,2567.75395,13.75,12,North India,Retail,822.0,940.5,1434.5,2012.0,296.6666666666667,0.09,0.18,0.4,0.09,43.0,59.6,C,150.0,0.0,1,0.0,1.0,3528.11,960.35,27.2,True,C+,922.0,0.0,0.0,0.0,0.0,0.0,0.0,0.0,0.0,1,1.0,,,,1.0,2,4,Urban Transit Impulse GT,"This cluster consists of small urban GT outlets like paan kiosks, dairies, and tea shops, often near transit points. They cater to on-the-move shoppers seeking quick, affordable impulse purchases, with no premium category sales.","Prioritize counter-top displays and visible merchandising for single-serve, grab-and-go beverage and snack SKUs. Introduce combo offers (e.g., beverage + snack) at Rs. 20-30 price points."
107945.0,S01474337,,S01474337,Taramaa Pan Stall,Retail,21.623175,87.501805,West Bengal,Purba Medinipur,Ramnagar - I,Palsandapur,Rural,,Cig / Paan Kiosk,Pusti Food Industries- Tt,28.4,0.71,12.06,128.8,0.53,123.88,0.67,30.59,8.87,30.4,27.79,27.79,27.79,27.79,3.0,11.0,19.0,0.0,0.0,0.0,0.0,1.0,1.0,1.0,0.0,6.0,10.0,12.0,18.0,8.0,6.0,2.0,15.0,15.0,15.0,Low (<30),0.0,0.0,0.0,0.0,473521.0,Yes,No,No,No,No,No,No,Rs. 5,Rs. 5,,,GT,,,No,75.0,<200 sqft,Micro Outlet,WEST BENGAL,Balance,yes,4935.9636,,,,19694.4501,663.6357,10590.789,,,,741.375,,,418.1814,,,1709.0892,2458.4976,,,5499.8415,14139.1224,,,,,,60850.9455,5070.912125,24.08,12,East India,Retail,0.6666666666666666,0.5,8.0,15.0,5.333333333333333,27.79,0.71,0.67,8.87,3.0,82.52,A,15.0,0.0,1,0.0,0.0,6929.69,1858.78,26.8,True,A+,107.0,0.0,1.0,0.0,0.0,0.0,0.0,0.0,0.0,1,1.0,5.0,5.0,,0.0,4,4,Urban Transit Impulse GT,"This cluster consists of small urban GT outlets like paan kiosks, dairies, and tea shops, often near transit points. They cater to on-the-move shoppers seeking quick, affordable impulse purchases, with no premium category sales.","Prioritize counter-top displays and visible merchandising for single-serve, grab-and-go beverage and snack SKUs. Introduce combo offers (e.g., beverage + snack) at Rs. 20-30 price points."
120480.0,2230037,,2230037,Sai Nath Parlour,Retail,23.617189,72.35149,Gujarat,Mahesana,Mahesana,Panchot,Rural,,Dairy str,Shimal Traders,2.08,1.7,27.17,3.59,4.6,3.74,2.32,56.89,1.64,1.64,1.64,1.64,1.64,1.64,0,8,22,0.0,0.0,0.0,45.0,51.0,57.0,86.0,14.0,248.0,393.0,318.0,595.0,186.0,178.0,68.0,277.0,581.0,1103.0,Low (<30),,,,,251430.0,No,No,No,No,No,No,No,,,,,GT,,,Yes,115.0,<200 sqft,Micro Outlet,GUJARAT,Balance,yes,927.2718,,,,28988.908,,,,,,,,,,,,1199.9988,436.3632,,,,12172.3212,,,,,,43724.863,3643.738583,8.67,12,GUJARAT,Retail,51.0,50.0,320.5,456.5,144.0,1.64,1.7,2.32,1.64,0.0,72.46,B,15.0,1.0,1,0.0,0.0,2868.72,-775.02,-27.0,False,B,840.0,1.0,0.0,0.0,0.0,0.0,0.0,0.0,0.0,1,1.0,,,,0.0,3,4,Urban Transit Impulse GT,"This cluster consists of small urban GT outlets like paan kiosks, dairies, and tea shops, often near transit points. They cater to on-the-move shoppers seeking quick, affordable impulse purchases, with no premium category sales.","Prioritize counter-top displays and visible merchandising for single-serve, grab-and-go beverage and snack SKUs. Introduce combo offers (e.g., beverage + snack) at Rs. 20-30 price points."
119005.0,2607809,,2607809,Bony Ice Parlour,Retail,22.88238,87.783705,West Bengal,Hugli,Arambag unassignd,Arambag,Urban,Arambag,Ice Cream Parlour (Stand-alone),Dey Enterprise - Rd,0.98,0.08,0.58,54.49,0.56,61.03,23.53,37.3,0.42,13.99,13.99,13.99,13.99,13.99,15,27,61,0.0,2.0,3.0,38.0,86.0,466.0,327.0,1457.0,2401.0,1732.0,2271.0,2343.0,1035.0,1783.0,891.0,3457.0,4960.0,6280.0,High (>100),0.0,0.0,0.0,0.0,122745.0,No,No,No,No,No,No,No,,,,,GT,,,Yes,135.0,<200 sqft,Micro Outlet,WEST BENGAL,Balance,yes,1054.5444,,,,1654.5438,,4350.7508,,,,,,,54.5454,,,654.5448,809.0901,,,2727.6326,4554.5409,,,,,,15860.1928,1586.01928,15.0,10,East India,Retail,196.66666666666663,892.0,2066.5,2307.0,1236.3333333333333,13.99,0.08,23.53,0.42,15.0,39.88,C,150.0,1.0,1,0.0,0.0,4433.49,2847.47,64.2,True,C+,146.0,1.0,0.0,0.0,0.0,0.0,0.0,0.0,0.0,1,1.0,,,,1.0,2,4,Urban Transit Impulse GT,"This cluster consists of small urban GT outlets like paan kiosks, dairies, and tea shops, often near transit points. They cater to on-the-move shoppers seeking quick, affordable impulse purchases, with no premium category sales.","Prioritize counter-top displays and visible merchandising for single-serve, grab-and-go beverage and snack SKUs. Introduce combo offers (e.g., beverage + snack) at Rs. 20-30 price points."
118262.0,2285169,,2285169,Tapan Pan Bhander,Retail,25.390563,88.011388,West Bengal,Maldah,Chanchal - I,Singia,Rural,,Cig / Paan Kiosk,Balaji Enterprise - Rd,1.53,0.99,0.41,146.99,17.07,184.52,11.06,0.5,0.33,0.5,0.5,0.5,0.5,0.5,13,30,43,0.0,1.0,1.0,48.0,43.0,37.0,286.0,142.0,310.0,440.0,435.0,655.0,322.0,350.0,140.0,681.0,998.0,1065.0,Low (<30),0.0,0.0,0.0,0.0,130394.0,Yes,No,No,No,No,No,No,Rs. 5,Rs. 5,,,GT,,,No,55.0,<200 sqft,Micro Outlet,WEST BENGAL,Balance,yes,3509.0874,,,,2545.452,,4.5455,,,,59.1332,,,1981.8162,,,,127.2726,,,412.2225,3294.8617,,,,,,11934.3911,994.532592,4.17,12,East India,Retail,42.66666666666666,214.0,375.0,545.0,270.6666666666667,0.5,0.41,11.06,0.33,13.0,22.76,D,15.0,0.0,1,0.0,0.0,1048.12,53.58,5.1,True,D+,1389.0,0.0,1.0,0.0,0.0,0.0,0.0,0.0,0.0,1,1.0,5.0,5.0,,0.0,1,4,Urban Transit Impulse GT,"This cluster consists of small urban GT outlets like paan kiosks, dairies, and tea shops, often near transit points. They cater to on-the-move shoppers seeking quick, affordable impulse purchases, with no premium category sales.","Prioritize counter-top displays and visible merchandising for single-serve, grab-and-go beverage and snack SKUs. Introduce combo offers (e.g., beverage + snack) at Rs. 20-30 price points."
117039.0,2477759,,2477759,Bajarang Dairy Farm,Retail,21.958036,70.792198,Gujarat,Rajkot,Gondal,Gondal,Urban,Gondal,Dairy str,Jalaram Distributor,5.57,0.03,8.3,33.27,29.92,0.3,1.61,0.62,0.15,0.15,0.15,0.15,0.15,0.15,21,48,64,0.0,0.0,0.0,127.0,317.0,1142.0,998.0,2972.0,4642.0,2667.0,3407.0,3065.0,1249.0,1358.0,679.0,3496.0,6913.0,13249.0,High (>100),,,,,181209.0,No,No,No,No,No,No,No,,,,,GT,,,Yes,95.0,<200 sqft,Micro Outlet,GUJARAT,Balance,yes,,,,,7909.083,,,,,,,,,,,,,,,,,,,,,,,7909.083,790.9083,1.4,10,GUJARAT,Retail,528.6666666666666,1985.0,3654.5,3236.0,1095.3333333333333,0.15,0.03,0.3,0.15,21.0,16.52,D,150.0,1.0,1,0.0,0.0,408.37,-382.54,-93.7,False,D,1468.0,1.0,0.0,0.0,0.0,0.0,0.0,0.0,0.0,1,1.0,,,,1.0,1,4,Urban Transit Impulse GT,"This cluster consists of small urban GT outlets like paan kiosks, dairies, and tea shops, often near transit points. They cater to on-the-move shoppers seeking quick, affordable impulse purchases, with no premium category sales.","Prioritize counter-top displays and visible merchandising for single-serve, grab-and-go beverage and snack SKUs. Introduce combo offers (e.g., beverage + snack) at Rs. 20-30 price points."
118609.0,2289861,,2289861,Sanchi Parlor,Retail,23.844913,77.92483,Madhya Pradesh,Vidisha,Basoda,Basoda,Urban,Basoda,Dairy str,Guru Kripa Daily Needs,4.69,0.45,38.74,84.55,1.04,236.75,2.02,79.08,1.54,78.52,78.52,78.52,78.52,78.52,14,41,59,0.0,0.0,0.0,59.0,147.0,643.0,522.0,1882.0,3015.0,2003.0,2509.0,1918.0,870.0,1377.0,688.0,2194.0,3982.0,10249.0,High (>100),0.0,0.0,0.0,0.0,93026.0,No,No,No,No,No,No,No,,,,,GT,,,Yes,125.0,<200 sqft,Micro Outlet,MADHYA PRADESH,Balance,yes,1879.0497,,90.909,,4210.2762,,4748.6816,,,,2188.2828,,,649.8018,,,1663.2396,1818.18,,,6877.0047,8688.537,,,,,,32813.9624,2734.496867,16.67,12,MADHYA PRADESH,Retail,283.0,1202.0,2509.0,2213.5,978.3333333333334,78.52,0.45,2.02,1.54,14.0,62.3,B,150.0,1.0,1,0.0,0.0,4937.17,2202.67,44.6,True,B+,246.0,1.0,0.0,0.0,0.0,0.0,0.0,0.0,0.0,1,1.0,,,,1.0,3,4,Urban Transit Impulse GT,"This cluster consists of small urban GT outlets like paan kiosks, dairies, and tea shops, often near transit points. They cater to on-the-move shoppers seeking quick, affordable impulse purchases, with no premium category sales.","Prioritize counter-top displays and visible merchandising for single-serve, grab-and-go beverage and snack SKUs. Introduce combo offers (e.g., beverage + snack) at Rs. 20-30 price points."
121196.0,1682933,Jodhpur,1682933,Jodhpur Health Care Pvt Ltd,AFH - Others,26.234189,73.009335,Rajasthan,Jodhpur,Jodhpur,Jodhpur,Urban,Basni,,Bbm Agencies,1.58,193.32,1.09,4.83,0.05,260.3,1.23,0.69,0.38,0.38,0.38,0.38,0.38,0.38,4,31,91,0.0,4.0,9.0,42.0,35.0,45.0,66.0,67.0,117.0,129.0,128.0,121.0,32.0,27.0,20.0,94.0,186.0,439.0,Low (<30),71.0,39.0,9.0,3.0,4185540.0,No,No,No,No,No,No,No,,,,,Others,Urban,1.0,No,240.0,200–300 sqft,Small Outlet,RAJASTHAN,Jodhpur,yes,70977.3916,,,,,,,6836.3568,3927.2688,,,,,18798.402,,,68131.9512,,,,,,,,,,,168671.3704,14055.947533,15.08,12,North India,OPSC21-AFH - Others,40.66666666666666,66.5,123.0,124.5,26.33333333333333,0.38,1.09,1.23,0.38,4.0,97.12,A,15.0,0.0,1,0.0,1.0,4519.2,-9536.75,-211.0,False,A,886.0,0.0,0.0,0.0,0.0,0.0,0.0,0.0,0.0,1,2.0,,,,1.0,4,4,Urban Transit Impulse GT,"This cluster consists of small urban GT outlets like paan kiosks, dairies, and tea shops, often near transit points. They cater to on-the-move shoppers seeking quick, affordable impulse purchases, with no premium category sales.","Prioritize counter-top displays and visible merchandising for single-serve, grab-and-go beverage and snack SKUs. Introduce combo offers (e.g., beverage + snack) at Rs. 20-30 price points."
118682.0,2271379,Visakhapatnam,2271379,Girijana Pan Shop,Retail,17.70088,83.302242,Andhra Pradesh,Visakhapatnam,Visakhapatnam (Urban),Visakhapatnam,Urban,Chengalaraopeta,Cig / Paan Kiosk,Sri Srinivasa Traders,1.7,0.18,0.37,2.65,0.19,0.0,2.6,0.92,0.36,0.59,0.36,0.36,0.36,0.36,25,51,84,32.0,48.0,113.0,140.0,233.0,238.0,511.0,698.0,888.0,989.0,1713.0,1222.0,406.0,269.0,1234.0,1452.0,3014.0,2906.0,High (>100),39.0,23.0,10.0,4.0,76998.0,Yes,No,No,No,No,No,No,Rs. 5,Rs. 5,,,GT,Urban,0.4,No,85.0,<200 sqft,Micro Outlet,ANDHRA PRADESH,Visakhapatnam,yes,,,763.6356,,2714.6236,450.593,5480.1675,,,,,,,,,,545.454,,,,4620.6512,7462.4472,,,,,,22037.5721,2003.415645,14.91,11,South India,Retail,203.66666666666663,604.5,938.5,1467.5,636.3333333333334,0.36,0.18,0.0,0.36,57.0,50.0,C,150.0,0.0,1,0.0,1.0,3952.46,1949.04,49.3,True,C+,428.0,0.0,1.0,0.0,0.0,0.0,0.0,0.0,0.0,1,1.0,5.0,5.0,,1.0,2,4,Urban Transit Impulse GT,"This cluster consists of small urban GT outlets like paan kiosks, dairies, and tea shops, often near transit points. They cater to on-the-move shoppers seeking quick, affordable impulse purchases, with no premium category sales.","Prioritize counter-top displays and visible merchandising for single-serve, grab-and-go beverage and snack SKUs. Introduce combo offers (e.g., beverage + snack) at Rs. 20-30 price points."
111099.0,2416957,Bhubaneswar,2416957,Jitu Tea Stall,Retail,20.294395,85.817803,Orissa,Khordha,Bhubaneswar,Bhubaneswar,Urban,Indradhanu Market,Tea Shop (Hot),Landchester Aviation Pvt Ltd - Tt,1.17,0.45,0.29,1.14,0.01,0.0,3.71,0.72,0.02,0.02,0.02,0.02,0.02,0.02,18,52,98,9.0,61.0,113.0,162.0,150.0,186.0,373.0,347.0,566.0,462.0,346.0,327.0,76.0,77.0,127.0,707.0,895.0,1054.0,Medium (30 to 100),99.0,61.0,30.0,4.0,117428.0,No,Yes,No,No,No,No,No,Rs. 5,,Rs. 5,,GT,Urban,3.0,No,80.0,<200 sqft,Micro Outlet,ORISSA,Bhubaneswar,yes,272.727,,,,372.7269,,3018.498,,,,220.1856,,,36.3636,,,54.5454,654.5448,,,2789.138,1736.3619,,,,,,9155.0912,1144.3864,11.38,8,East India,Retail,166.0,360.0,514.0,336.5,93.33333333333331,0.02,0.29,0.0,0.02,27.0,27.02,D,,0.0,1,0.0,1.0,2921.48,1777.1,60.8,True,D+,326.0,0.0,0.0,1.0,0.0,0.0,0.0,0.0,0.0,1,1.0,5.0,,5.0,1.0,1,4,Urban Transit Impulse GT,"This cluster consists of small urban GT outlets like paan kiosks, dairies, and tea shops, often near transit points. They cater to on-the-move shoppers seeking quick, affordable impulse purchases, with no premium category sales.","Prioritize counter-top displays and visible merchandising for single-serve, grab-and-go beverage and snack SKUs. Introduce combo offers (e.g., beverage + snack) at Rs. 20-30 price points."
117965.0,2699944,,2699944,Shivam Chat Corner,Retail,25.79527,85.695835,Bihar,Samastipur,Sarairanjan,Jitwarpur Kumhra,Rural,,Chats & Snacks (Stand-alone),A.K.Enterprises - Rd,2.41,3.31,42.89,47.06,3.57,0.0,8.78,44.51,44.51,44.51,44.51,44.51,44.51,44.51,5,17,43,0.0,0.0,0.0,21.0,19.0,16.0,189.0,146.0,144.0,185.0,382.0,498.0,470.0,503.0,205.0,267.0,464.0,1731.0,Low (<30),0.0,0.0,0.0,0.0,17201.0,No,No,No,No,No,No,No,,,,,GT,,,No,240.0,200–300 sqft,Small Outlet,BIHAR,Balance,yes,1036.3626,,,,2077.8641,,4511.893,,,,,,,,,,654.5448,,,,3827.634,3154.5423,,,,,,15262.8408,1526.28408,8.9,10,East India,Retail,18.666666666666668,167.5,164.5,440.0,392.6666666666667,44.51,3.31,0.0,44.51,5.0,38.36,C,15.0,0.0,1,0.0,0.0,3213.18,1686.9,52.5,True,C+,549.0,0.0,0.0,0.0,0.0,0.0,0.0,0.0,0.0,1,2.0,,,,0.0,2,4,Urban Transit Impulse GT,"This cluster consists of small urban GT outlets like paan kiosks, dairies, and tea shops, often near transit points. They cater to on-the-move shoppers seeking quick, affordable impulse purchases, with no premium category sales.","Prioritize counter-top displays and visible merchandising for single-serve, grab-and-go beverage and snack SKUs. Introduce combo offers (e.g., beverage + snack) at Rs. 20-30 price points."
116069.0,2471174,Delhi,2471174,Chai Pe Charcha,Retail,28.560103,77.248016,Delhi,Delhi,Delhi,Delhi,Urban,Gr. Kailash I,Tea Shop (Hot),Shri Shivji Enterprises-Sdp,4.23,0.03,0.09,1.02,0.25,0.31,1.02,0.48,0.2,0.33,0.33,0.33,0.33,0.33,20,59,128,14.0,26.0,63.0,1020.0,559.0,700.0,1356.0,867.0,1540.0,1621.0,1413.0,1320.0,363.0,144.0,58.0,1755.0,2874.0,4280.0,High (>100),10.0,122.0,1646.0,694.0,437032.0,No,Yes,No,No,No,No,No,Rs. 5,,Rs. 5,,GT,Urban,4.92198,Yes,85.0,<200 sqft,Micro Outlet,NEW DELHI,Delhi,yes,36.3636,,,,36.3636,,71.4288,,,,,,,,,,,18.1818,,,4.4643,90.909,,,,,,257.7111,64.427775,5.25,4,North India,Retail,759.6666666666666,1111.5,1580.5,1366.5,188.3333333333333,0.33,0.03,0.31,0.2,34.0,0.44,D,150.0,1.0,1,0.0,1.0,1382.49,1318.06,95.3,True,D+,635.0,1.0,0.0,1.0,0.0,0.0,0.0,0.0,0.0,1,1.0,5.0,,5.0,1.0,1,4,Urban Transit Impulse GT,"This cluster consists of small urban GT outlets like paan kiosks, dairies, and tea shops, often near transit points. They cater to on-the-move shoppers seeking quick, affordable impulse purchases, with no premium category sales.","Prioritize counter-top displays and visible merchandising for single-serve, grab-and-go beverage and snack SKUs. Introduce combo offers (e.g., beverage + snack) at Rs. 20-30 price points."
120380.0,2130151,,2130151,Kallu Pan,Retail,25.666737,78.467298,Madhya Pradesh,Datia,Datia,Datia,Urban,Datia,Cig / Paan Kiosk,Mohan Traders,0.66,0.4,2.99,103.04,27.89,412.07,3.06,66.47,27.75,63.94,63.94,63.94,63.94,63.94,18,73,98,0.0,0.0,1.0,53.0,129.0,686.0,510.0,2240.0,3693.0,2489.0,3171.0,2716.0,1174.0,1596.0,798.0,3058.0,6117.0,16198.0,High (>100),0.0,0.0,0.0,0.0,63875.0,Yes,No,No,No,No,No,No,Rs. 5,Rs. 5,,,GT,,,No,50.0,<200 sqft,Micro Outlet,MADHYA PRADESH,Balance,yes,,,,,4309.0866,90.909,2222.2485,,,,671.8164,,,,,,,2163.6342,,,1653.9361,4945.4496,,,,,,16057.0804,1605.70804,7.6,10,MADHYA PRADESH,Retail,289.3333333333333,1375.0,3091.0,2943.5,1189.3333333333333,63.94,0.4,3.06,27.75,18.0,40.32,C,150.0,0.0,1,0.0,0.0,2024.93,419.22,20.7,True,C+,1145.0,0.0,1.0,0.0,0.0,0.0,0.0,0.0,0.0,1,1.0,5.0,5.0,,1.0,2,4,Urban Transit Impulse GT,"This cluster consists of small urban GT outlets like paan kiosks, dairies, and tea shops, often near transit points. They cater to on-the-move shoppers seeking quick, affordable impulse purchases, with no premium category sales.","Prioritize counter-top displays and visible merchandising for single-serve, grab-and-go beverage and snack SKUs. Introduce combo offers (e.g., beverage + snack) at Rs. 20-30 price points."
115250.0,1716949,Kanpur,1716949,New Pandit Pan Shop,Retail,26.433042,80.406757,Uttar Pradesh,Kanpur Nagar,Kanpur,Kanpur,Urban,Jajmau North,Cig / Paan Kiosk,Primewest Marketing P.Ltd.-Sdp,4.96,0.12,0.76,6.01,3.08,0.01,4.66,5.73,0.43,0.59,0.43,0.43,0.43,0.43,17,68,113,1.0,2.0,2.0,40.0,70.0,57.0,117.0,263.0,205.0,244.0,397.0,280.0,113.0,127.0,406.0,193.0,311.0,1531.0,High (>100),51.0,36.0,3.0,0.0,87153.0,Yes,No,No,No,No,No,No,Rs. 5,Rs. 5,,,GT,Urban,0.2,No,50.0,<200 sqft,Micro Outlet,UTTAR PRADESH,Kanpur,yes,2631.618,,,,5033.8989,654.5448,4198.0443,,,,1229.8572,,,2884.5822,,,670.3551,4754.1468,,,2129.3562,15672.2934,,,,,,39858.6969,3321.558075,23.83,12,UTTAR PRADESH,Retail,55.66666666666666,190.0,224.5,338.5,215.3333333333333,0.43,0.12,0.01,0.43,18.0,69.3,B,150.0,0.0,1,0.0,1.0,6497.32,3175.76,48.9,True,B+,115.0,0.0,1.0,0.0,0.0,0.0,0.0,0.0,0.0,1,1.0,5.0,5.0,,1.0,3,4,Urban Transit Impulse GT,"This cluster consists of small urban GT outlets like paan kiosks, dairies, and tea shops, often near transit points. They cater to on-the-move shoppers seeking quick, affordable impulse purchases, with no premium category sales.","Prioritize counter-top displays and visible merchandising for single-serve, grab-and-go beverage and snack SKUs. Introduce combo offers (e.g., beverage + snack) at Rs. 20-30 price points."
116948.0,2220752,,2220752,Suresh Tea Stall,Retail,28.96727333,76.30179333,Haryana,Rohtak,Maham,Maham,Urban,Maham,Tea Shop (Hot),Kashvi Enterprises - TT,3.12,0.1,31.11,32.57,0.43,0.0,14.53,47.12,23.85,47.12,47.12,47.12,47.12,47.12,6,17,20,0.0,0.0,0.0,37.0,103.0,225.0,269.0,485.0,690.0,501.0,632.0,500.0,204.0,207.0,104.0,437.0,1113.0,2718.0,High (>100),0.0,0.0,0.0,0.0,236296.0,No,Yes,No,No,No,No,No,Rs. 5,,Rs. 5,,GT,,,No,90.0,<200 sqft,Micro Outlet,HARYANA,Balance,yes,15810.8036,,,,1768.3783,43.4785,699.6354,,,,58.0359,,,3228.4554,,,3155.7282,926.4814,,,196.4292,7940.7042,,,,,,33828.1301,3075.284555,17.36,11,North India,Retail,121.66666666666669,377.0,595.5,566.0,171.66666666666666,47.12,0.1,0.0,23.85,6.0,66.86,B,150.0,0.0,1,0.0,0.0,4988.6,1913.32,38.4,True,B+,298.0,0.0,0.0,1.0,0.0,0.0,0.0,0.0,0.0,1,1.0,5.0,,5.0,1.0,3,4,Urban Transit Impulse GT,"This cluster consists of small urban GT outlets like paan kiosks, dairies, and tea shops, often near transit points. They cater to on-the-move shoppers seeking quick, affordable impulse purchases, with no premium category sales.","Prioritize counter-top displays and visible merchandising for single-serve, grab-and-go beverage and snack SKUs. Introduce combo offers (e.g., beverage + snack) at Rs. 20-30 price points."
119247.0,1867478,,1867478,Ravi Pan Dukan [B],Retail,23.778508,86.240972,Jharkhand,Dhanbad,Baghmara-Cum-Katras,Maheshpur l,Rural,,Cig / Paan Kiosk,M/S Hanuman Enterprises - Tt,1.85,3.35,6.82,42.42,1.18,0.0,0.56,15.73,6.11,15.73,15.73,15.73,15.73,15.73,7,24,50,0.0,0.0,0.0,8.0,7.0,7.0,16.0,1.0,77.0,126.0,120.0,202.0,72.0,66.0,25.0,74.0,131.0,393.0,Low (<30),0.0,0.0,0.0,0.0,286493.0,Yes,No,No,No,No,No,No,Rs. 5,Rs. 5,,,GT,,,No,55.0,<200 sqft,Micro Outlet,JHARKHAND,Dhanbad,yes,,,,,636.363,,1169.736,,,,,,,,,,,,,,481.656,545.454,,,,,,2833.209,708.30225,3.5,4,East India,Retail,7.333333333333333,8.5,101.5,161.0,54.333333333333336,15.73,3.35,0.0,6.11,7.0,13.96,D,15.0,0.0,1,0.0,0.0,801.22,92.92,11.6,True,D+,1369.0,0.0,1.0,0.0,0.0,0.0,0.0,0.0,0.0,1,1.0,5.0,5.0,,0.0,1,4,Urban Transit Impulse GT,"This cluster consists of small urban GT outlets like paan kiosks, dairies, and tea shops, often near transit points. They cater to on-the-move shoppers seeking quick, affordable impulse purchases, with no premium category sales.","Prioritize counter-top displays and visible merchandising for single-serve, grab-and-go beverage and snack SKUs. Introduce combo offers (e.g., beverage + snack) at Rs. 20-30 price points."
121735.0,2387501,,2387501,Shree Umiya Parlour,Retail,23.844668,72.136938,Gujarat,Patan,Patan,Patan,Urban,Patan,Dairy str,Pooja Enterprise,6.44,0.06,14.24,36.91,1.48,29.11,1.1,89.99,0.85,29.59,29.59,29.59,29.59,29.59,9.0,37.0,64.0,0.0,0.0,0.0,226.0,480.0,1547.0,1300.0,3461.0,5292.0,3371.0,4270.0,3548.0,1534.0,2045.0,1022.0,4390.0,8550.0,16018.0,High (>100),,,,,262677.0,No,No,No,No,No,No,No,,,,,GT,,,Yes,105.0,<200 sqft,Micro Outlet,GUJARAT,Balance,yes,,,,,7627.6616,,,,,,,,,,,,,,,,504.5505,1081.4232,,,,,,9213.6353,767.802942,3.75,12,GUJARAT,Retail,751.0,2380.5,4331.5,3909.0,1533.6666666666667,29.59,0.06,1.1,0.85,9.0,15.72,D,150.0,1.0,1,0.0,0.0,1229.25,461.44,37.5,True,D+,1195.0,1.0,0.0,0.0,0.0,0.0,0.0,0.0,0.0,1,1.0,,,,1.0,1,4,Urban Transit Impulse GT,"This cluster consists of small urban GT outlets like paan kiosks, dairies, and tea shops, often near transit points. They cater to on-the-move shoppers seeking quick, affordable impulse purchases, with no premium category sales.","Prioritize counter-top displays and visible merchandising for single-serve, grab-and-go beverage and snack SKUs. Introduce combo offers (e.g., beverage + snack) at Rs. 20-30 price points."
117418.0,2342691,Srinagar,2342691,West Corner,Retail,34.065793,74.795598,Jammu & Kashmir,Srinagar,Srinagar,Srinagar,Urban,Srinagar,Chats & Snacks (Stand-alone),Arco Trading Corporation-Sdp,2.46,0.03,2.29,150.43,0.55,0.0,6.19,150.96,148.14,0.0,0.0,0.0,0.0,0.0,23,61,141,0.0,0.0,1.0,4405.0,8926.0,12978.0,16917.0,20328.0,26773.0,21607.0,28337.0,28649.0,8623.0,3524.0,1762.0,21703.0,53411.0,146510.0,Low (<30),79.0,108.0,22.0,0.0,88094.0,No,No,No,No,No,No,No,,,,,GT,,,No,180.0,<200 sqft,Micro Outlet,JAMMU & KASHMIR,Srinagar,yes,10818.171,,,,2272.725,,,,,,,,,2145.4524,,,5327.2674,818.181,,,,3545.451,,,,,,24927.2478,4154.5413,19.33,6,North India,SC05-Retail,8769.666666666666,18622.5,24190.0,28493.0,4636.333333333333,0.0,0.03,0.0,148.14,23.0,76.62,B,15.0,0.0,1,0.0,0.0,6564.43,2409.89,36.7,True,B+,214.0,0.0,0.0,0.0,0.0,0.0,0.0,0.0,0.0,1,1.0,,,,1.0,3,4,Urban Transit Impulse GT,"This cluster consists of small urban GT outlets like paan kiosks, dairies, and tea shops, often near transit points. They cater to on-the-move shoppers seeking quick, affordable impulse purchases, with no premium category sales.","Prioritize counter-top displays and visible merchandising for single-serve, grab-and-go beverage and snack SKUs. Introduce combo offers (e.g., beverage + snack) at Rs. 20-30 price points."
116202.0,1756889,Kolkata,1756889,Sanu Tea,Retail,22.650154,88.350467,West Bengal,Haora,Bally (M) unassignd,Bally (M),Urban,Block-G1,Tea Shop (Hot),Smart Infotech,2.28,0.41,0.7,6.01,0.53,2.88,0.38,2.92,1.34,2.07,2.07,2.07,2.07,2.07,16,64,134,0.0,5.0,14.0,37.0,63.0,169.0,138.0,302.0,443.0,382.0,503.0,523.0,195.0,165.0,83.0,947.0,775.0,981.0,High (>100),0.0,0.0,0.0,0.0,134360.0,No,Yes,No,No,No,No,No,Rs. 5,,Rs. 5,,GT,Periphery,2.2,No,65.0,<200 sqft,Micro Outlet,WEST BENGAL,Kolkata,yes,,,,,390.9087,,1126.95,,,,183.488,,,,,,,345.4542,,,1191.6712,699.9993,,,,,,3938.4714,393.84714,9.4,10,East India,Retail,89.66666666666667,220.0,412.5,513.0,147.66666666666666,2.07,0.41,0.38,1.34,16.0,5.66,D,150.0,0.0,1,0.0,0.0,2382.08,1988.24,83.5,True,D+,249.0,0.0,0.0,1.0,0.0,0.0,0.0,0.0,0.0,1,1.0,5.0,,5.0,1.0,1,4,Urban Transit Impulse GT,"This cluster consists of small urban GT outlets like paan kiosks, dairies, and tea shops, often near transit points. They cater to on-the-move shoppers seeking quick, affordable impulse purchases, with no premium category sales.","Prioritize counter-top displays and visible merchandising for single-serve, grab-and-go beverage and snack SKUs. Introduce combo offers (e.g., beverage + snack) at Rs. 20-30 price points."
103735.0,2627014,Mumbai,2627014,Rameshwaram Pan Shop,Retail,19.122932,72.83013,Maharashtra,Mumbai (Combined),Mumbai,Mumbai (Grtr),Urban,Oshiwara (Andheri W.),Cig / Paan Kiosk,Viren Marketing,4.74,0.09,0.23,1.34,0.11,0.53,0.6,0.88,0.44,0.44,0.44,0.44,0.44,0.44,18,66,142,15.0,41.0,89.0,591.0,504.0,538.0,1305.0,851.0,1266.0,1382.0,1343.0,1093.0,266.0,105.0,138.0,1733.0,2343.0,3493.0,High (>100),39.0,47.0,90.0,139.0,201567.0,Yes,No,No,No,No,No,No,Rs. 5,Rs. 5,,,GT,Urban,1.1,No,50.0,<200 sqft,Micro Outlet,MAHARASHTRA,Mumbai,yes,,,,,4254.5412,,,,,,,,,,,,,109.0908,,,,7581.8106,,,,,,11945.4426,1327.2714,8.44,9,MAHARASHTRA,Retail,544.3333333333334,1078.0,1324.0,1218.0,169.66666666666666,0.44,0.09,0.53,0.44,33.0,32.92,C,150.0,0.0,1,0.0,1.0,2033.0,705.73,34.7,True,C+,1035.0,0.0,1.0,0.0,0.0,0.0,0.0,0.0,0.0,1,1.0,5.0,5.0,,1.0,2,4,Urban Transit Impulse GT,"This cluster consists of small urban GT outlets like paan kiosks, dairies, and tea shops, often near transit points. They cater to on-the-move shoppers seeking quick, affordable impulse purchases, with no premium category sales.","Prioritize counter-top displays and visible merchandising for single-serve, grab-and-go beverage and snack SKUs. Introduce combo offers (e.g., beverage + snack) at Rs. 20-30 price points."
122011.0,2501980,,2501980,Sanjay Video Game,Retail,30.108057,78.298469,Uttaranchal,Dehradun,Rishikesh,Rishikesh,Urban,Rishikesh +OG,,Manish Agencies,2.5,0.11,15.94,27.38,11.06,0.0,1.01,27.81,0.91,27.81,27.81,27.81,27.81,27.81,35,63,84,0.0,0.0,0.0,296.0,570.0,1268.0,1224.0,2251.0,3226.0,2051.0,2527.0,1736.0,692.0,592.0,296.0,2391.0,4747.0,9767.0,High (>100),0.0,0.0,0.0,0.0,286107.0,No,No,No,No,No,No,No,,,,,Others,,,No,125.0,<200 sqft,Micro Outlet,UTTARANCHAL,Balance,yes,381.8178,,,,15927.2568,90.909,553.8002,,,,,,,399.9996,,,399.9996,4309.0866,,,68.1825,24395.2332,,,,,,46526.2853,4229.6623,13.64,11,North India,Retail,711.3333333333334,1737.5,2638.5,2131.5,526.6666666666666,27.81,0.11,0.0,0.91,35.0,77.28,B,150.0,0.0,1,0.0,0.0,3616.93,-612.73,-16.9,False,B,826.0,0.0,0.0,0.0,0.0,0.0,0.0,0.0,0.0,1,1.0,,,,1.0,3,4,Urban Transit Impulse GT,"This cluster consists of small urban GT outlets like paan kiosks, dairies, and tea shops, often near transit points. They cater to on-the-move shoppers seeking quick, affordable impulse purchases, with no premium category sales.","Prioritize counter-top displays and visible merchandising for single-serve, grab-and-go beverage and snack SKUs. Introduce combo offers (e.g., beverage + snack) at Rs. 20-30 price points."
120624.0,1451070,Vijayawada,1451070,Sai Milk Parlour,Retail,16.532311,80.600214,Andhra Pradesh,Krishna,Vijayawada (Urban),Vijayawada,Urban,RR Nagar,Dairy str,Sri Lakshmi Ganesh Enterprises,1.4,0.11,0.23,6.09,0.5,0.0,2.17,2.47,0.37,0.37,0.37,0.37,0.37,0.37,25,67,112,49.0,55.0,75.0,86.0,115.0,119.0,279.0,288.0,401.0,452.0,785.0,654.0,113.0,117.0,227.0,714.0,1369.0,785.0,Low (<30),50.0,77.0,58.0,2.0,193834.0,No,No,No,No,No,No,No,,,,,GT,,,Yes,95.0,<200 sqft,Micro Outlet,ANDHRA PRADESH,Vijayawada,yes,,,,,454.545,,5402.304,,,,,,,,,,,,,,3351.7005,1527.2712,,,,,,10735.8207,975.9837,10.91,11,South India,Retail,106.66666666666669,283.5,426.5,719.5,152.33333333333334,0.37,0.11,0.0,0.37,74.0,22.02,D,15.0,1.0,1,0.0,0.0,3120.95,2144.97,68.7,True,D+,202.0,1.0,0.0,0.0,0.0,0.0,0.0,0.0,0.0,1,1.0,,,,1.0,1,4,Urban Transit Impulse GT,"This cluster consists of small urban GT outlets like paan kiosks, dairies, and tea shops, often near transit points. They cater to on-the-move shoppers seeking quick, affordable impulse purchases, with no premium category sales.","Prioritize counter-top displays and visible merchandising for single-serve, grab-and-go beverage and snack SKUs. Introduce combo offers (e.g., beverage + snack) at Rs. 20-30 price points."
120066.0,1940553,,1940553,Arjun Graphics,Retail,30.382752,76.780758,Haryana,Ambala,Ambala,Ambala,Urban,Ambala,,Suresh Sons-Sdp,0.85,0.23,4.56,66.95,0.51,0.0,1.58,7.14,0.82,7.14,7.14,7.14,7.14,7.14,17,45,69,0.0,0.0,0.0,1162.0,2299.0,3248.0,4265.0,4981.0,6572.0,4144.0,5321.0,4875.0,1977.0,2124.0,1062.0,7229.0,14457.0,23906.0,Medium (30 to 100),0.0,0.0,0.0,0.0,190511.0,No,No,No,No,No,No,No,,,,,Others,,,No,125.0,<200 sqft,Micro Outlet,HARYANA,Balance,yes,2854.5426,,181.818,,9945.4446,636.363,76.0311,,,,,,,1036.3626,,,2254.5432,2609.0883,,,191.9649,14790.8943,,,,,,34577.0526,2881.42105,11.08,12,North India,Retail,2236.333333333333,4623.0,5358.0,5098.0,1721.0,7.14,0.23,0.0,0.82,17.0,64.26,B,,0.0,1,0.0,0.0,3027.63,146.21,4.8,True,B+,701.0,0.0,0.0,0.0,0.0,0.0,0.0,0.0,0.0,1,1.0,,,,1.0,3,4,Urban Transit Impulse GT,"This cluster consists of small urban GT outlets like paan kiosks, dairies, and tea shops, often near transit points. They cater to on-the-move shoppers seeking quick, affordable impulse purchases, with no premium category sales.","Prioritize counter-top displays and visible merchandising for single-serve, grab-and-go beverage and snack SKUs. Introduce combo offers (e.g., beverage + snack) at Rs. 20-30 price points."
119765.0,2206258,,2206258,Sagar Hotel,Retail,13.366593,74.772165,Karnataka,Udupi,Udupi,Udupi,Urban,Saralebettu,S. Ind Restaurnt,Golden Distributors,3.18,0.45,0.94,47.36,0.43,0.15,3.4,29.43,0.33,0.98,0.33,0.98,0.33,0.33,2.0,7.0,25.0,1.0,3.0,22.0,16.0,13.0,14.0,20.0,22.0,27.0,26.0,24.0,24.0,7.0,5.0,6.0,37.0,55.0,77.0,Low (<30),0.0,0.0,0.0,0.0,232148.0,No,No,No,No,No,No,No,,,,,Restaurants,,,Yes,180.0,<200 sqft,Micro Outlet,KARNATAKA,Balance,yes,8372.3238,,799.9992,,8056.9112,545.454,763.644,,,,,,,,,,2048.2194,,,,245.457,15503.5452,,,,,,36335.5538,3027.962817,19.42,12,West India,Retail,14.333333333333334,21.0,26.5,24.0,6.0,0.33,0.45,0.15,0.33,3.0,66.26,B,15.0,1.0,1,0.0,0.0,5930.08,2902.12,48.9,True,B+,141.0,1.0,0.0,0.0,0.0,0.0,0.0,0.0,0.0,1,1.0,,,,1.0,3,4,Urban Transit Impulse GT,"This cluster consists of small urban GT outlets like paan kiosks, dairies, and tea shops, often near transit points. They cater to on-the-move shoppers seeking quick, affordable impulse purchases, with no premium category sales.","Prioritize counter-top displays and visible merchandising for single-serve, grab-and-go beverage and snack SKUs. Introduce combo offers (e.g., beverage + snack) at Rs. 20-30 price points."
115470.0,1905306,Ahmadabad,1905306,Navya Ice Cream Parlor,Retail,22.951308,72.596307,Gujarat,Ahmedabad,Ahmedabad City,Ahmedabad,Urban,Vatva,Ice Cream Parlour (Stand-alone),Netlink Systems-Ahmedabad,3.46,0.28,2.87,8.75,5.99,0.67,3.53,1.73,1.32,1.4,1.32,1.32,1.32,1.32,4,31,90,0.0,0.0,1.0,11.0,21.0,41.0,42.0,79.0,117.0,66.0,84.0,74.0,29.0,28.0,14.0,117.0,247.0,350.0,Medium (30 to 100),,,,,179689.0,No,No,No,No,No,No,No,,,,,GT,Urban,2.1,Yes,125.0,<200 sqft,Micro Outlet,GUJARAT,Ahmadabad,yes,,,,,9963.6264,181.818,,,,,,,,,,,,290.9088,,,1113.6475,6490.9026,,,,,,18040.9033,1640.082118,7.91,11,GUJARAT,Retail,24.33333333333333,60.5,91.5,79.0,23.666666666666668,1.32,0.28,0.67,1.32,4.0,41.22,C,,1.0,1,0.0,1.0,2486.14,846.06,34.0,True,C+,973.0,1.0,0.0,0.0,0.0,0.0,0.0,0.0,0.0,1,1.0,,,,1.0,2,4,Urban Transit Impulse GT,"This cluster consists of small urban GT outlets like paan kiosks, dairies, and tea shops, often near transit points. They cater to on-the-move shoppers seeking quick, affordable impulse purchases, with no premium category sales.","Prioritize counter-top displays and visible merchandising for single-serve, grab-and-go beverage and snack SKUs. Introduce combo offers (e.g., beverage + snack) at Rs. 20-30 price points."
115695.0,2501523,,2501523,Soni Resturent,Retail,23.307333,77.131438,Madhya Pradesh,Sehore,Sehore,Semra Dangi,Rural,,QSRs (Ind) Stand-alone,Talwar Agencies,11.35,8.31,18.54,32.8,6.14,137.19,10.21,21.59,12.89,19.97,19.97,19.97,19.97,19.97,4,10,12,0.0,0.0,0.0,1.0,5.0,9.0,7.0,0.0,68.0,113.0,93.0,175.0,73.0,79.0,32.0,81.0,108.0,369.0,Low (<30),0.0,0.0,0.0,0.0,58562.0,No,No,No,No,No,No,No,,,,,Restaurants,,,Yes,295.0,200–300 sqft,Small Outlet,MADHYA PRADESH,Balance,yes,90.909,,,,2645.4519,,7076.4513,,,,1807.6992,,,18.1818,,,72.7272,1309.0896,,,6626.8666,3672.7236,,,,,,23320.1002,1943.341683,9.58,12,MADHYA PRADESH,Retail,5.0,3.5,90.5,134.0,61.333333333333336,19.97,8.31,10.21,12.89,4.0,48.6,C,15.0,1.0,1,0.0,0.0,3607.3,1663.95,46.1,True,C+,560.0,1.0,0.0,0.0,0.0,0.0,0.0,0.0,0.0,1,2.0,,,,0.0,2,4,Urban Transit Impulse GT,"This cluster consists of small urban GT outlets like paan kiosks, dairies, and tea shops, often near transit points. They cater to on-the-move shoppers seeking quick, affordable impulse purchases, with no premium category sales.","Prioritize counter-top displays and visible merchandising for single-serve, grab-and-go beverage and snack SKUs. Introduce combo offers (e.g., beverage + snack) at Rs. 20-30 price points."
121857.0,2586364,,2586364,Balaji Caffe,Retail,26.081373,83.173484,Uttar Pradesh,Azamgarh,Azamgarh,Kartarpur,Rural,,Tea Shop (Hot),M/S Prabhat Traders-Tt,1.5,0.15,1.2,75.39,2.1,1.0,4.86,74.41,1.49,73.92,73.92,73.92,73.92,73.92,12,60,125,2.0,15.0,18.0,3.0,8.0,12.0,16.0,10.0,15.0,21.0,29.0,37.0,19.0,12.0,4.0,24.0,35.0,78.0,Low (<30),0.0,0.0,0.0,0.0,85907.0,No,Yes,No,No,No,No,No,Rs. 5,,Rs. 5,,GT,,,No,80.0,<200 sqft,Micro Outlet,UTTAR PRADESH,Balance,yes,2722.527,,,,849.8022,,7105.9059,,,,1870.4268,,,490.9086,,,1306.7181,199.9998,,,3944.0367,1686.9554,,,,,,20177.2805,1834.298227,10.27,11,UTTAR PRADESH,Retail,7.666666666666667,13.0,18.0,33.0,11.666666666666666,73.92,0.15,1.0,1.49,14.0,45.92,C,15.0,0.0,1,0.0,0.0,2852.8,1018.51,35.7,True,C+,897.0,0.0,0.0,1.0,0.0,0.0,0.0,0.0,0.0,1,1.0,5.0,,5.0,0.0,2,4,Urban Transit Impulse GT,"This cluster consists of small urban GT outlets like paan kiosks, dairies, and tea shops, often near transit points. They cater to on-the-move shoppers seeking quick, affordable impulse purchases, with no premium category sales.","Prioritize counter-top displays and visible merchandising for single-serve, grab-and-go beverage and snack SKUs. Introduce combo offers (e.g., beverage + snack) at Rs. 20-30 price points."
118502.0,2631436,Vadodara,2631436,Shree Shivam Restaurant,Retail,22.329415,73.165815,Gujarat,Vadodara,Vadodara,Vadodara,Urban,Gorwa,QSRs (Ind) Stand-alone,Kuber Enterprise,1.65,0.12,1.34,0.63,0.65,84.42,1.74,0.81,0.3,0.3,0.3,0.3,0.3,0.3,6,46,92,0.0,5.0,8.0,179.0,162.0,203.0,328.0,328.0,536.0,520.0,507.0,461.0,148.0,121.0,99.0,1120.0,661.0,564.0,High (>100),,,,,163680.0,No,No,No,No,No,No,No,,,,,Restaurants,Urban,1.9,Yes,100.0,<200 sqft,Micro Outlet,GUJARAT,Vadodara,yes,,,,,9517.781,,,,,,,,,,,,,,,,324.3105,12371.5332,,,,,,22213.6247,1851.135392,5.5,12,GUJARAT,Retail,181.3333333333333,328.0,528.0,484.0,122.66666666666669,0.3,0.12,1.74,0.3,6.0,46.42,C,150.0,1.0,1,0.0,1.0,1733.3,-117.83,-6.8,False,C,1322.0,1.0,0.0,0.0,0.0,0.0,0.0,0.0,0.0,1,1.0,,,,1.0,2,4,Urban Transit Impulse GT,"This cluster consists of small urban GT outlets like paan kiosks, dairies, and tea shops, often near transit points. They cater to on-the-move shoppers seeking quick, affordable impulse purchases, with no premium category sales.","Prioritize counter-top displays and visible merchandising for single-serve, grab-and-go beverage and snack SKUs. Introduce combo offers (e.g., beverage + snack) at Rs. 20-30 price points."
112076.0,S01336707,Kolkata,S01336707,D P G Pan Shop,Retail,22.601808,88.427896,West Bengal,N. 24 Parganas,Rajarhat Gopalpur unassignd,Rajarhat Gopalpur,Urban,Rabindrapally,Cig / Paan Kiosk,Dutson Enterprise,1.96,0.15,0.9,2.75,1.45,1.19,3.4,0.55,0.55,0.55,0.55,0.55,0.55,0.55,9,36,83,2.0,10.0,30.0,440.0,527.0,472.0,1337.0,1181.0,1133.0,1160.0,1016.0,913.0,265.0,189.0,173.0,2705.0,2258.0,2259.0,Low (<30),0.0,0.0,0.0,0.0,70310.0,Yes,No,No,No,No,No,No,Rs. 5,Rs. 5,,,GT,Periphery,3.5,No,45.0,<200 sqft,Micro Outlet,WEST BENGAL,Kolkata,yes,3327.2694,,,,5845.0535,845.4537,3273.2592,54.5454,,,495.4176,,,654.5448,,,945.4536,2563.6338,,,2143.3068,12181.806,,,,,,32329.7438,2694.145317,24.08,12,East India,Retail,479.6666666666667,1259.0,1146.5,964.5,209.0,0.55,0.15,1.19,0.55,11.0,61.54,B,15.0,0.0,1,0.0,0.0,6613.79,3919.65,59.3,True,B+,46.0,0.0,1.0,0.0,0.0,0.0,0.0,0.0,0.0,1,1.0,5.0,5.0,,1.0,3,4,Urban Transit Impulse GT,"This cluster consists of small urban GT outlets like paan kiosks, dairies, and tea shops, often near transit points. They cater to on-the-move shoppers seeking quick, affordable impulse purchases, with no premium category sales.","Prioritize counter-top displays and visible merchandising for single-serve, grab-and-go beverage and snack SKUs. Introduce combo offers (e.g., beverage + snack) at Rs. 20-30 price points."
112076.0,S01408563,Kolkata,S01408563,Tanesha Food Zone,Retail,22.620443,88.392778,West Bengal,Kolkata,Kolkata,Kolkata,Urban,Belgachhia,QSRs (Ind) Stand-alone,Baba Lokenath Agency,1.4,0.08,1.24,3.53,0.15,0.15,0.08,0.61,0.6,0.6,0.6,0.6,0.6,0.6,31,104,199,0.0,10.0,28.0,369.0,551.0,444.0,1141.0,1272.0,1047.0,1313.0,1401.0,1151.0,571.0,290.0,352.0,2882.0,2390.0,2820.0,Low (<30),0.0,0.0,0.0,0.0,232252.0,No,No,No,No,No,No,No,,,,,Restaurants,Urban,0.1,Yes,220.0,200–300 sqft,Small Outlet,WEST BENGAL,Kolkata,yes,363.636,,,,11153.7465,563.6358,779.6989,,,,100.9184,327.273,1867.2732,,5065.4548,,290.9088,4749.0105,,,604.3845,19548.6018,,,,,,45414.5422,3784.545183,20.92,12,East India,Retail,454.6666666666667,1206.5,1180.0,1276.0,404.3333333333333,0.6,0.08,0.08,0.6,31.0,73.76,B,15.0,1.0,1,0.0,1.0,6252.48,2467.94,39.5,True,B+,208.0,1.0,0.0,0.0,0.0,0.0,0.0,0.0,0.0,1,2.0,,,,1.0,3,4,Urban Transit Impulse GT,"This cluster consists of small urban GT outlets like paan kiosks, dairies, and tea shops, often near transit points. They cater to on-the-move shoppers seeking quick, affordable impulse purchases, with no premium category sales.","Prioritize counter-top displays and visible merchandising for single-serve, grab-and-go beverage and snack SKUs. Introduce combo offers (e.g., beverage + snack) at Rs. 20-30 price points."
119386.0,2473104,,2473104,New Ankit Ice Cream,Retail,26.566413,78.784133,Madhya Pradesh,Bhind,Bhind,Bhind,Urban,Galla mandi,Ice Cream Parlour (Stand-alone),G.S Traders,5.01,0.17,62.84,78.62,0.26,510.8,2.55,66.46,62.18,65.46,63.23,65.46,62.18,62.18,60.0,123.0,165.0,0.0,0.0,0.0,116.0,122.0,133.0,215.0,292.0,421.0,443.0,666.0,650.0,85.0,109.0,81.0,284.0,675.0,2091.0,Medium (30 to 100),0.0,0.0,0.0,0.0,78092.0,No,No,No,No,No,No,No,,,,,GT,,,Yes,125.0,<200 sqft,Micro Outlet,MADHYA PRADESH,Balance,yes,3181.815,,,,5454.54,,562.224,,,,109.092,,,890.9082,,,1036.3626,654.5448,,,1374.6588,2945.4516,,,,,,16209.597,1620.9597,5.5,10,MADHYA PRADESH,Retail,123.66666666666669,253.5,432.0,658.0,91.66666666666669,62.18,0.17,2.55,62.18,60.0,40.7,C,,1.0,1,0.0,0.0,1874.37,253.41,13.5,True,C+,1199.0,1.0,0.0,0.0,0.0,0.0,0.0,0.0,0.0,1,1.0,,,,1.0,2,4,Urban Transit Impulse GT,"This cluster consists of small urban GT outlets like paan kiosks, dairies, and tea shops, often near transit points. They cater to on-the-move shoppers seeking quick, affordable impulse purchases, with no premium category sales.","Prioritize counter-top displays and visible merchandising for single-serve, grab-and-go beverage and snack SKUs. Introduce combo offers (e.g., beverage + snack) at Rs. 20-30 price points."
116038.0,1786122,,1786122,Sadan Tea,Retail,28.734251,77.788609,Uttar Pradesh,Ghaziabad,Hapur,Hapur,Urban,N'brhd No. 31,Tea Shop (Hot),Kanti Prasad & Sons,5.4,0.31,0.32,19.12,0.66,1.3,1.11,24.91,1.83,24.91,24.82,24.82,24.82,24.82,31,106,162,1.0,2.0,4.0,208.0,193.0,229.0,318.0,425.0,591.0,521.0,542.0,542.0,97.0,113.0,83.0,391.0,887.0,2330.0,High (>100),0.0,0.0,0.0,0.0,119905.0,No,Yes,No,No,No,No,No,Rs. 5,,Rs. 5,,GT,,,No,75.0,<200 sqft,Micro Outlet,UTTAR PRADESH,Balance,yes,1252.9632,,,,399.9996,18.1818,258.9294,,,,,,,326.4819,,,381.8178,736.3629,,,116.0718,2272.725,,,,,,5763.5334,480.29445,16.83,12,UTTAR PRADESH,Retail,210.0,371.5,556.0,542.0,97.66666666666669,24.82,0.31,1.11,1.83,32.0,7.66,D,150.0,0.0,1,0.0,0.0,4467.24,3986.95,89.2,True,D+,25.0,0.0,0.0,1.0,0.0,0.0,0.0,0.0,0.0,1,1.0,5.0,,5.0,1.0,1,4,Urban Transit Impulse GT,"This cluster consists of small urban GT outlets like paan kiosks, dairies, and tea shops, often near transit points. They cater to on-the-move shoppers seeking quick, affordable impulse purchases, with no premium category sales.","Prioritize counter-top displays and visible merchandising for single-serve, grab-and-go beverage and snack SKUs. Introduce combo offers (e.g., beverage + snack) at Rs. 20-30 price points."
113213.0,2189844,,2189844,Lakshmi Tea Stall,Retail,12.956737,79.142787,Tamil Nadu,Vellore,Katpadi,Kalinjur,Urban,Kalinjur,Tea Shop (Hot),Sri Venkateswara  Traders,3.83,0.02,0.27,83.39,0.75,1.19,1.74,101.88,0.83,101.88,101.88,101.88,0.0,101.88,15,47,73,6.0,9.0,10.0,83.0,154.0,345.0,325.0,602.0,865.0,541.0,690.0,610.0,247.0,261.0,130.0,1176.0,1893.0,1980.0,High (>100),0.0,0.0,0.0,0.0,118754.0,No,Yes,No,No,No,No,No,Rs. 5,,Rs. 5,,GT,,,No,80.0,<200 sqft,Micro Outlet,TAMIL NADU,Balance,yes,363.636,,181.818,,3763.6326,272.727,9141.333,,,,,327.273,781.818,,190.9091,,181.818,,909.09,,3623.493,6418.1754,,,,,,26155.7231,2179.643592,13.5,12,South India,Retail,194.0,463.5,703.0,650.0,212.66666666666663,0.0,0.02,1.19,0.83,21.0,53.4,C,150.0,0.0,1,0.0,0.0,3629.44,1449.79,39.9,True,C+,687.0,0.0,0.0,1.0,0.0,0.0,0.0,0.0,0.0,1,1.0,5.0,,5.0,1.0,2,4,Urban Transit Impulse GT,"This cluster consists of small urban GT outlets like paan kiosks, dairies, and tea shops, often near transit points. They cater to on-the-move shoppers seeking quick, affordable impulse purchases, with no premium category sales.","Prioritize counter-top displays and visible merchandising for single-serve, grab-and-go beverage and snack SKUs. Introduce combo offers (e.g., beverage + snack) at Rs. 20-30 price points."
113913.0,S00506006,Nagpur,S00506006,New Rawal Pan Mandir N R,Retail,21.147815,79.14,Maharashtra,Nagpur,Nagpur (Urban),Nagpur,Urban,Vardaman Nagar,Cig / Paan Kiosk,Soham Corporation,3.1,0.14,0.35,6.62,0.24,469.32,2.13,4.85,0.16,0.16,0.16,0.16,0.16,0.16,23,63,178,8.0,20.0,47.0,94.0,171.0,265.0,314.0,406.0,548.0,318.0,415.0,427.0,166.0,164.0,82.0,552.0,1061.0,1962.0,Medium (30 to 100),25.0,74.0,63.0,10.0,226888.0,Yes,No,No,No,No,No,No,Rs. 5,Rs. 5,,,GT,Urban,2.53241,No,60.0,<200 sqft,Micro Outlet,MAHARASHTRA,Nagpur,yes,41560.4334,,2581.8156,,11845.4427,1745.4528,,6872.7204,4745.4498,,,,,8965.9992,,4859.0918,31512.222,1709.0892,12190.8969,,,19190.8899,,,,,,147779.5037,12314.958642,35.58,12,MAHARASHTRA,Retail,176.66666666666666,360.0,433.0,421.0,137.33333333333334,0.16,0.14,2.13,0.16,31.0,95.98,A,,0.0,1,0.0,1.0,9826.73,-2488.23,-25.3,False,A,577.0,0.0,1.0,0.0,0.0,0.0,0.0,0.0,0.0,1,1.0,5.0,5.0,,1.0,4,4,Urban Transit Impulse GT,"This cluster consists of small urban GT outlets like paan kiosks, dairies, and tea shops, often near transit points. They cater to on-the-move shoppers seeking quick, affordable impulse purchases, with no premium category sales.","Prioritize counter-top displays and visible merchandising for single-serve, grab-and-go beverage and snack SKUs. Introduce combo offers (e.g., beverage + snack) at Rs. 20-30 price points."
121775.0,S01283532,Gorakhpur,S01283532,Kashi Pan Bhandar,Retail,26.756265,83.367412,Uttar Pradesh,Gorakhpur,Gorakhpur,Gorakhpur,Urban,Purdilpur,Cig / Paan Kiosk,M/S Shubham Enterprises-Tt,0.74,0.25,0.06,2.94,0.26,0.69,1.48,0.37,0.05,0.37,0.37,0.37,0.37,0.37,21,86,144,18.0,36.0,41.0,83.0,76.0,87.0,193.0,190.0,282.0,263.0,241.0,242.0,78.0,72.0,29.0,155.0,340.0,1200.0,High (>100),47.0,39.0,21.0,4.0,102979.0,Yes,No,No,No,No,No,No,Rs. 5,Rs. 5,,,GT,Urban,2.0,No,55.0,<200 sqft,Micro Outlet,UTTAR PRADESH,Balance,yes,3246.6372,,,,5333.5932,,4053.927,,,,169.6434,,,3468.7713,,,34.7826,1408.6956,,,3245.3163,10549.3986,,,,,,31510.7652,2625.8971,10.75,12,UTTAR PRADESH,Retail,82.0,191.5,272.5,241.5,59.66666666666666,0.37,0.06,0.69,0.05,39.0,60.5,B,150.0,0.0,1,0.0,1.0,2736.87,110.97,4.1,True,B+,710.0,0.0,1.0,0.0,0.0,0.0,0.0,0.0,0.0,1,1.0,5.0,5.0,,1.0,3,4,Urban Transit Impulse GT,"This cluster consists of small urban GT outlets like paan kiosks, dairies, and tea shops, often near transit points. They cater to on-the-move shoppers seeking quick, affordable impulse purchases, with no premium category sales.","Prioritize counter-top displays and visible merchandising for single-serve, grab-and-go beverage and snack SKUs. Introduce combo offers (e.g., beverage + snack) at Rs. 20-30 price points."
100965.0,2624533,Delhi,2624533,Lalit Pan,Retail,28.689153,77.13462,Delhi,Delhi,Delhi,Delhi,Urban,Rani Bagh,Cig / Paan Kiosk,Super Agencies,2.83,0.14,0.45,1.15,0.12,0.09,1.14,0.12,0.12,0.12,0.12,0.12,0.12,0.12,21,65,148,4.0,25.0,45.0,1248.0,740.0,939.0,1631.0,1222.0,2050.0,2068.0,1738.0,1645.0,341.0,204.0,309.0,1989.0,3885.0,6435.0,High (>100),9.0,204.0,1357.0,276.0,356926.0,Yes,No,No,No,No,No,No,Rs. 5,Rs. 5,,,GT,Urban,12.76367,Yes,60.0,<200 sqft,Micro Outlet,NEW DELHI,Delhi,yes,,,309.0906,,10914.618,272.727,750.0024,,,,107.1432,,,218.1816,,,109.0908,3967.587,,,566.9661,13472.7164,,,,,,30688.1231,2557.343592,11.75,12,North India,Retail,975.6666666666666,1426.5,2059.0,1691.5,284.6666666666667,0.12,0.14,0.09,0.12,25.0,59.48,C,150.0,1.0,1,0.0,1.0,3324.37,767.02,23.1,True,C+,1008.0,1.0,1.0,0.0,0.0,0.0,0.0,0.0,0.0,1,1.0,5.0,5.0,,1.0,2,4,Urban Transit Impulse GT,"This cluster consists of small urban GT outlets like paan kiosks, dairies, and tea shops, often near transit points. They cater to on-the-move shoppers seeking quick, affordable impulse purchases, with no premium category sales.","Prioritize counter-top displays and visible merchandising for single-serve, grab-and-go beverage and snack SKUs. Introduce combo offers (e.g., beverage + snack) at Rs. 20-30 price points."
116072.0,2736204,Ahmadabad,2736204,Patel Pan Soda Cafe,Retail,23.07782517,72.57291542,Gujarat,Ahmedabad,Ahmedabad City,Ahmedabad,Urban,Ranip,Cig / Paan Kiosk,Krish Enterprise,7.0,0.02,0.77,2.92,4.72,0.23,0.94,0.41,0.39,0.39,0.39,0.39,0.39,0.39,33,82,159,1.0,2.0,3.0,40.0,108.0,322.0,330.0,856.0,1307.0,863.0,1106.0,993.0,400.0,417.0,208.0,927.0,1493.0,3338.0,High (>100),,,,,138115.0,Yes,No,No,No,No,No,No,Rs. 5,Rs. 5,,,GT,Urban,2.2,No,45.0,<200 sqft,Micro Outlet,GUJARAT,Ahmadabad,yes,417.3912,,,,5557.3154,,,,,,,,,52.1739,,,,,,,,872.7264,,,,,,6899.6069,985.658129,4.71,7,GUJARAT,Retail,156.66666666666666,593.0,1085.0,1049.5,341.6666666666667,0.39,0.02,0.23,0.39,34.0,22.36,D,150.0,0.0,1,0.0,1.0,812.82,-172.84,-21.3,False,D,1445.0,0.0,1.0,0.0,0.0,0.0,0.0,0.0,0.0,1,1.0,5.0,5.0,,1.0,1,4,Urban Transit Impulse GT,"This cluster consists of small urban GT outlets like paan kiosks, dairies, and tea shops, often near transit points. They cater to on-the-move shoppers seeking quick, affordable impulse purchases, with no premium category sales.","Prioritize counter-top displays and visible merchandising for single-serve, grab-and-go beverage and snack SKUs. Introduce combo offers (e.g., beverage + snack) at Rs. 20-30 price points."
117291.0,2479962,Ahmadabad,2479962,Arihant Parlor,Retail,23.234273,72.49015,Gujarat,Gandhinagar,Kalol,Kalol (Gandhinagar distt),Urban,N'brhd No. 7,Dairy str,Khodiyar Sales Agency,9.6,0.32,15.46,8.53,0.95,14.59,1.72,16.39,1.57,12.84,12.84,12.84,12.84,12.84,19,47,62,0.0,0.0,0.0,22.0,25.0,25.0,36.0,60.0,80.0,100.0,174.0,157.0,44.0,43.0,71.0,121.0,216.0,381.0,Low (<30),,,,,212134.0,No,No,No,No,No,No,No,,,,,GT,Periphery,11.3,Yes,85.0,<200 sqft,Micro Outlet,GUJARAT,Ahmadabad,yes,,,,,7309.0836,,,,,,,,,,,,,,,,554.551,1272.726,,,,,,9136.3606,830.578236,4.27,11,GUJARAT,Retail,24.0,48.0,90.0,165.5,52.66666666666666,12.84,0.32,1.72,1.57,19.0,17.42,D,15.0,1.0,1,0.0,0.0,1249.77,419.2,33.5,True,D+,1216.0,1.0,0.0,0.0,0.0,0.0,0.0,0.0,0.0,1,1.0,,,,1.0,1,4,Urban Transit Impulse GT,"This cluster consists of small urban GT outlets like paan kiosks, dairies, and tea shops, often near transit points. They cater to on-the-move shoppers seeking quick, affordable impulse purchases, with no premium category sales.","Prioritize counter-top displays and visible merchandising for single-serve, grab-and-go beverage and snack SKUs. Introduce combo offers (e.g., beverage + snack) at Rs. 20-30 price points."
120071.0,2268561,,2268561,Vineyak Tea Stall,Retail,25.77518167,73.341275,Rajasthan,Pali,Pali,Pali (Raj),Urban,N'brhd No. 34,Tea Shop (Hot),Shree Dhanlaxmi Trading Company,1.06,139.84,8.12,60.52,2.14,270.0,2.25,60.54,1.5,57.7,57.7,57.7,57.7,57.7,23,64,128,0.0,0.0,0.0,26.0,43.0,46.0,68.0,100.0,117.0,120.0,171.0,149.0,41.0,50.0,105.0,117.0,210.0,548.0,Medium (30 to 100),0.0,0.0,0.0,0.0,2516024.0,No,Yes,No,No,No,No,No,Rs. 5,,Rs. 5,,GT,,,No,85.0,<200 sqft,Micro Outlet,RAJASTHAN,Balance,yes,,,,,,,275.232,,,,110.0928,,,,,,,,,,454.1328,,,,,,,839.4576,419.7288,6.0,2,North India,Retail,38.333333333333336,84.0,118.5,160.0,65.33333333333333,57.7,8.12,2.25,1.5,23.0,6.2,D,,0.0,1,0.0,0.0,1254.3,834.57,66.5,True,D+,965.0,0.0,0.0,1.0,0.0,0.0,0.0,0.0,0.0,1,1.0,5.0,,5.0,1.0,1,4,Urban Transit Impulse GT,"This cluster consists of small urban GT outlets like paan kiosks, dairies, and tea shops, often near transit points. They cater to on-the-move shoppers seeking quick, affordable impulse purchases, with no premium category sales.","Prioritize counter-top displays and visible merchandising for single-serve, grab-and-go beverage and snack SKUs. Introduce combo offers (e.g., beverage + snack) at Rs. 20-30 price points."
115250.0,2785012,Kanpur,2785012,AWASTHI TEA STALL,Retail,26.42948833,80.32005833,Uttar Pradesh,Kanpur Nagar,Kanpur,Kanpur,Urban,Juhi Kalan,Tea Shop (Hot),Primewest Marketing P.Ltd.-Sdp,3.8,0.02,0.25,3.83,0.49,0.94,2.66,1.85,0.05,0.05,0.05,0.05,0.05,0.05,29,161,351,5.0,15.0,33.0,90.0,85.0,95.0,182.0,221.0,298.0,259.0,405.0,353.0,131.0,133.0,196.0,288.0,482.0,1400.0,High (>100),82.0,51.0,27.0,2.0,121267.0,No,Yes,No,No,No,No,No,Rs. 5,,Rs. 5,,GT,Urban,1.4,No,80.0,<200 sqft,Micro Outlet,UTTAR PRADESH,Kanpur,yes,,,,,1163.6352,,1459.8261,,,,535.716,,,,,,,763.6356,,,482.1444,2945.4516,,,,,,7350.4089,1225.06815,11.67,6,UTTAR PRADESH,Retail,90.0,201.5,278.5,379.0,153.33333333333334,0.05,0.02,0.94,0.05,34.0,29.72,D,150.0,0.0,1,0.0,1.0,2891.12,1666.05,57.6,True,D+,387.0,0.0,0.0,1.0,0.0,0.0,0.0,0.0,0.0,1,1.0,5.0,,5.0,1.0,1,4,Urban Transit Impulse GT,"This cluster consists of small urban GT outlets like paan kiosks, dairies, and tea shops, often near transit points. They cater to on-the-move shoppers seeking quick, affordable impulse purchases, with no premium category sales.","Prioritize counter-top displays and visible merchandising for single-serve, grab-and-go beverage and snack SKUs. Introduce combo offers (e.g., beverage + snack) at Rs. 20-30 price points."
120792.0,1926797,Surat,1926797,Bharat Dairy 1044,Retail,21.175744,72.838152,Gujarat,Surat,Surat City,Surat,Urban,Udhana,Dairy str,Sunrise Efficient Marketing Ltd.,5.2,0.21,1.07,2.96,4.43,56.66,1.46,2.0,0.06,0.06,0.06,0.06,0.06,0.06,30,102,244,1.0,6.0,21.0,231.0,250.0,292.0,406.0,568.0,824.0,889.0,1388.0,1257.0,397.0,364.0,1211.0,1266.0,2163.0,3868.0,Medium (30 to 100),,,,,156533.0,No,No,No,No,No,No,No,,,,,GT,Urban,3.1,Yes,95.0,<200 sqft,Micro Outlet,GUJARAT,Surat,yes,,,,,5527.2672,,,,,,,,,,,,,109.0908,,,5950.0595,663.6357,,,,,,12250.0532,1361.117022,6.0,9,GUJARAT,SC05-Retail,257.6666666666667,487.0,856.5,1322.5,657.3333333333334,0.06,0.21,1.46,0.06,31.0,33.8,C,,1.0,1,0.0,1.0,1640.96,279.84,17.1,True,C+,1186.0,1.0,0.0,0.0,0.0,0.0,0.0,0.0,0.0,1,1.0,,,,1.0,2,4,Urban Transit Impulse GT,"This cluster consists of small urban GT outlets like paan kiosks, dairies, and tea shops, often near transit points. They cater to on-the-move shoppers seeking quick, affordable impulse purchases, with no premium category sales.","Prioritize counter-top displays and visible merchandising for single-serve, grab-and-go beverage and snack SKUs. Introduce combo offers (e.g., beverage + snack) at Rs. 20-30 price points."
119076.0,2415047,Ghaziabad,2415047,Anurag Chaurasiya Paan,AFH - Others,28.622474,77.422959,Uttar Pradesh,Gautam Buddha Nagar,Dadri,Chipyana Khurd (Urf Tigri),Rural,,Cig / Paan Kiosk,Dasera Marketing Private Limited,7.01,0.8,2.13,3.83,1.14,0.22,3.48,1.91,1.41,1.41,1.41,1.41,1.41,1.41,8,24,42,0.0,3.0,10.0,12.0,16.0,20.0,45.0,6.0,139.0,223.0,367.0,487.0,254.0,198.0,72.0,170.0,408.0,1094.0,High (>100),48.0,27.0,4.0,11.0,55716.0,Yes,No,No,No,No,No,No,Rs. 5,Rs. 5,,,GT,Periphery,0.0,No,55.0,<200 sqft,Micro Outlet,UTTAR PRADESH,Delhi,yes,19052.2273,,,,3902.71,636.363,,454.545,,,,,,472.7268,,,12524.906,890.9082,,,,9238.6848,,,,,,47173.0711,3931.089258,12.33,12,UTTAR PRADESH,OPSC21-AFH - Others,16.0,25.5,181.0,427.0,174.66666666666666,1.41,0.8,0.22,1.41,8.0,75.1,B,150.0,0.0,1,0.0,0.0,3429.75,-501.34,-14.6,False,B,812.0,0.0,1.0,0.0,0.0,0.0,0.0,0.0,0.0,1,1.0,5.0,5.0,,0.0,3,4,Urban Transit Impulse GT,"This cluster consists of small urban GT outlets like paan kiosks, dairies, and tea shops, often near transit points. They cater to on-the-move shoppers seeking quick, affordable impulse purchases, with no premium category sales.","Prioritize counter-top displays and visible merchandising for single-serve, grab-and-go beverage and snack SKUs. Introduce combo offers (e.g., beverage + snack) at Rs. 20-30 price points."
121159.0,2708032,,2708032,Ankit Tea Stall,Retail,28.41676894,77.8729959,Uttar Pradesh,Bulandshahr,Bulandshahr,Nayagaon,Rural,,Tea Shop (Hot),Shri Krishna Traders-Tt,0.0,0.81,0.81,17.77,0.82,0.72,3.16,34.02,4.52,34.02,34.02,34.02,34.02,34.02,12,38,80,2.0,6.0,10.0,1.0,4.0,7.0,3.0,0.0,57.0,95.0,120.0,173.0,88.0,93.0,37.0,71.0,88.0,451.0,Low (<30),0.0,0.0,0.0,0.0,46145.0,No,Yes,No,No,No,No,No,Rs. 5,,Rs. 5,,GT,,,Yes,85.0,<200 sqft,Micro Outlet,UTTAR PRADESH,Balance,yes,181.818,,,,8418.1734,,2491.0794,,,,107.1432,,,,,,1272.726,327.2724,,,4674.1221,8145.7344,,,,,,25618.0689,3202.258613,5.88,8,UTTAR PRADESH,Retail,4.0,1.5,76.0,146.5,72.66666666666667,34.02,0.81,0.72,4.52,14.0,68.22,B,15.0,1.0,1,0.0,0.0,1867.2,-1335.06,-71.5,False,B,915.0,1.0,0.0,1.0,0.0,0.0,0.0,0.0,0.0,1,1.0,5.0,,5.0,0.0,3,4,Urban Transit Impulse GT,"This cluster consists of small urban GT outlets like paan kiosks, dairies, and tea shops, often near transit points. They cater to on-the-move shoppers seeking quick, affordable impulse purchases, with no premium category sales.","Prioritize counter-top displays and visible merchandising for single-serve, grab-and-go beverage and snack SKUs. Introduce combo offers (e.g., beverage + snack) at Rs. 20-30 price points."
120155.0,2479065,,2479065,Food Corner,Retail,23.12094,88.191718,West Bengal,Hugli,Pandua,Batika,Rural,,QSRs (Ind) Stand-alone,Sinha Trading Co -Rd,5.1,0.53,1.6,46.11,4.58,32.5,0.52,12.37,9.92,12.37,12.37,12.37,12.37,12.37,7,14,31,0.0,2.0,3.0,29.0,30.0,31.0,120.0,30.0,228.0,351.0,385.0,575.0,253.0,256.0,100.0,584.0,634.0,740.0,Low (<30),0.0,0.0,0.0,0.0,86609.0,No,No,No,No,No,No,No,,,,,Restaurants,,,Yes,180.0,<200 sqft,Micro Outlet,WEST BENGAL,Balance,yes,3309.0876,,,,818.181,109.0908,6763.686,254.5452,,,178.9008,,,127.2726,,,1254.5442,849.8022,,,4040.406,12443.9133,,,,,,30149.4297,2512.452475,10.08,12,East India,Retail,30.0,75.0,289.5,480.0,203.0,12.37,0.53,0.52,9.92,7.0,58.78,C,15.0,1.0,1,0.0,0.0,3440.98,928.52,27.0,True,C+,939.0,1.0,0.0,0.0,0.0,0.0,0.0,0.0,0.0,1,1.0,,,,0.0,2,4,Urban Transit Impulse GT,"This cluster consists of small urban GT outlets like paan kiosks, dairies, and tea shops, often near transit points. They cater to on-the-move shoppers seeking quick, affordable impulse purchases, with no premium category sales.","Prioritize counter-top displays and visible merchandising for single-serve, grab-and-go beverage and snack SKUs. Introduce combo offers (e.g., beverage + snack) at Rs. 20-30 price points."
118978.0,2686715,Prayagraj,2686715,Sanjay Pan,Retail,25.42635483,81.76436883,Uttar Pradesh,Allahabad,Allahabad,Saha (Urf Pipalgaon),Rural,,Cig / Paan Kiosk,Shree Marketing-Sdp,17.81,0.94,0.79,8.5,2.59,1.35,3.01,3.4,2.56,3.4,2.56,2.56,2.56,2.56,8,23,61,3.0,9.0,15.0,17.0,16.0,14.0,43.0,5.0,168.0,271.0,270.0,439.0,168.0,166.0,64.0,164.0,227.0,1073.0,Low (<30),133.0,85.0,15.0,0.0,56048.0,Yes,No,No,No,No,No,No,Rs. 5,Rs. 5,,,GT,Periphery,1.8,No,30.0,<200 sqft,Micro Outlet,UTTAR PRADESH,Prayagraj,yes,872.7264,,,,309.0906,,2517.4836,254.5452,,,1526.409,,,254.5452,,,999.999,118.1817,,,2704.9842,381.0274,,,,,,9938.9923,1104.332478,9.11,9,UTTAR PRADESH,Retail,15.666666666666666,24.0,219.5,354.5,132.66666666666666,2.56,0.79,1.35,2.56,11.0,25.96,D,15.0,0.0,1,0.0,0.0,2404.56,1300.23,54.1,True,D+,648.0,0.0,1.0,0.0,0.0,0.0,0.0,0.0,0.0,1,1.0,5.0,5.0,,0.0,1,4,Urban Transit Impulse GT,"This cluster consists of small urban GT outlets like paan kiosks, dairies, and tea shops, often near transit points. They cater to on-the-move shoppers seeking quick, affordable impulse purchases, with no premium category sales.","Prioritize counter-top displays and visible merchandising for single-serve, grab-and-go beverage and snack SKUs. Introduce combo offers (e.g., beverage + snack) at Rs. 20-30 price points."
118772.0,2721345,Ahmadabad,2721345,Jj Pan Parlour,Retail,23.04684,72.629018,Gujarat,Ahmedabad,Ahmedabad City,Ahmedabad,Urban,Patalia,Cig / Paan Kiosk,Nisarg Services And Sales Pvt Ltd,4.72,0.39,1.14,4.15,0.52,0.45,1.64,0.59,0.43,0.43,0.43,0.43,0.43,0.43,16,119,239,0.0,5.0,7.0,21.0,51.0,186.0,164.0,546.0,871.0,600.0,780.0,768.0,307.0,326.0,163.0,587.0,1168.0,2824.0,High (>100),,,,,131274.0,Yes,No,No,No,No,No,No,Rs. 5,Rs. 5,,,GT,Urban,0.8,No,50.0,<200 sqft,Micro Outlet,GUJARAT,Ahmadabad,yes,,,,,2981.8152,90.909,,,,,,,,,,,,,,,,1418.1804,,,,,,4490.9046,748.4841,4.88,6,GUJARAT,Retail,86.0,355.0,735.5,774.0,265.3333333333333,0.43,0.39,0.45,0.43,16.0,15.08,D,150.0,0.0,1,0.0,1.0,972.98,224.49,23.1,True,D+,1306.0,0.0,1.0,0.0,0.0,0.0,0.0,0.0,0.0,1,1.0,5.0,5.0,,1.0,1,4,Urban Transit Impulse GT,"This cluster consists of small urban GT outlets like paan kiosks, dairies, and tea shops, often near transit points. They cater to on-the-move shoppers seeking quick, affordable impulse purchases, with no premium category sales.","Prioritize counter-top displays and visible merchandising for single-serve, grab-and-go beverage and snack SKUs. Introduce combo offers (e.g., beverage + snack) at Rs. 20-30 price points."
113515.0,2505341,,2505341,Janta Dairy,Retail,23.840043,73.0018,Gujarat,Sabar Kantha,Idar,Idar,Urban,Idar,Dairy str,Arihant Agencies - Ss,3.61,0.03,26.57,68.72,29.0,72.28,1.06,82.33,4.12,26.56,26.56,26.56,26.56,26.56,18,29,38,0.0,0.0,0.0,93.0,221.0,539.0,558.0,1122.0,1634.0,1033.0,1288.0,964.0,421.0,545.0,272.0,1124.0,2441.0,5297.0,High (>100),,,,,312789.0,No,No,No,No,No,No,No,,,,,GT,,,Yes,95.0,<200 sqft,Micro Outlet,GUJARAT,Balance,yes,,,,,5599.9944,,,,,,,,,,,,872.7264,,,,409.095,309.0906,,,,,,7190.9064,599.2422,2.17,12,GUJARAT,Retail,284.3333333333333,840.0,1333.5,1126.0,412.6666666666667,26.56,0.03,1.06,4.12,18.0,10.6,D,150.0,1.0,1,0.0,0.0,717.32,118.08,16.5,True,D+,1357.0,1.0,0.0,0.0,0.0,0.0,0.0,0.0,0.0,1,1.0,,,,1.0,1,4,Urban Transit Impulse GT,"This cluster consists of small urban GT outlets like paan kiosks, dairies, and tea shops, often near transit points. They cater to on-the-move shoppers seeking quick, affordable impulse purchases, with no premium category sales.","Prioritize counter-top displays and visible merchandising for single-serve, grab-and-go beverage and snack SKUs. Introduce combo offers (e.g., beverage + snack) at Rs. 20-30 price points."
114620.0,1493613,,1493613,Hotal Shiv Sakti,Retail,25.74101,75.379883,Rajasthan,Bhilwara,Jahazpur,Hanumannagar,Rural,,1 Star Hotel,Rudrax Sales,11.12,91.91,37.15,88.97,1.9,205.75,45.89,75.94,34.84,72.71,72.71,72.71,69.97,69.97,2,17,33,0.0,0.0,0.0,17.0,16.0,16.0,31.0,4.0,119.0,192.0,132.0,283.0,70.0,50.0,18.0,112.0,254.0,502.0,Low (<30),0.0,0.0,0.0,0.0,124001.0,No,No,No,No,No,No,No,,,,,Others,,,Yes,85.0,<200 sqft,Micro Outlet,RAJASTHAN,Balance,yes,12563.6238,,,,4427.2683,3068.3809,2368.44,36.3636,,,550.464,,,7218.1746,,,3618.1782,1927.2708,,,945.0278,12299.9877,,,,,,49023.1797,4456.6527,10.91,11,North India,Retail,16.333333333333332,17.5,155.5,207.5,46.0,69.97,37.15,45.89,34.84,2.0,79.28,B,15.0,1.0,1,0.0,0.0,3673.87,-782.78,-21.3,False,B,842.0,1.0,0.0,0.0,0.0,0.0,0.0,0.0,0.0,1,1.0,,,,0.0,3,4,Urban Transit Impulse GT,"This cluster consists of small urban GT outlets like paan kiosks, dairies, and tea shops, often near transit points. They cater to on-the-move shoppers seeking quick, affordable impulse purchases, with no premium category sales.","Prioritize counter-top displays and visible merchandising for single-serve, grab-and-go beverage and snack SKUs. Introduce combo offers (e.g., beverage + snack) at Rs. 20-30 price points."
117566.0,S00740234,Belagavi,S00740234,Ragvendra Pan Shop,Retail,15.864431,74.5085,Karnataka,Belgaum,Belgaum,Belgaum,Urban,Gondhali Galli,Cig / Paan Kiosk,Shri Lakshmivenktesh Agencies,9.43,0.07,0.07,6.09,0.33,0.07,1.72,0.13,0.13,0.13,0.13,0.13,0.13,0.13,34,87,159,34.0,71.0,92.0,100.0,133.0,145.0,212.0,281.0,436.0,539.0,746.0,641.0,74.0,85.0,123.0,561.0,1013.0,1468.0,Medium (30 to 100),0.0,0.0,0.0,0.0,113370.0,Yes,No,No,No,No,No,No,Rs. 5,Rs. 5,,,GT,Urban,0.8,No,50.0,<200 sqft,Micro Outlet,KARNATAKA,Belagavi,yes,,,,,36.3636,,2573.4192,,,,,,,,,,,,,,5270.6928,772.7265,,,,,,8653.2021,1236.171729,12.14,7,West India,SC05-Retail,126.0,246.5,487.5,693.5,94.0,0.13,0.07,0.07,0.13,68.0,30.1,C,,0.0,1,0.0,1.0,2940.46,1704.29,58.0,True,C+,542.0,0.0,1.0,0.0,0.0,0.0,0.0,0.0,0.0,1,1.0,5.0,5.0,,1.0,2,4,Urban Transit Impulse GT,"This cluster consists of small urban GT outlets like paan kiosks, dairies, and tea shops, often near transit points. They cater to on-the-move shoppers seeking quick, affordable impulse purchases, with no premium category sales.","Prioritize counter-top displays and visible merchandising for single-serve, grab-and-go beverage and snack SKUs. Introduce combo offers (e.g., beverage + snack) at Rs. 20-30 price points."
121737.0,2277358,,2277358,Bhati Paneer House,Retail,29.883318,73.891143,Rajasthan,Ganganagar,Ganganagar,7e,Rural,,Dairy str,Shorya Trading Company-Srigang,3.09,45.0,2.59,341.93,1.33,203.86,5.74,213.7,1.24,201.5,201.5,201.5,201.5,201.5,1,17,44,0.0,0.0,1.0,1.0,1.0,2.0,6.0,1.0,18.0,28.0,34.0,49.0,21.0,15.0,5.0,25.0,39.0,108.0,Low (<30),0.0,0.0,0.0,0.0,376361.0,No,No,No,No,No,No,No,,,,,GT,,,Yes,80.0,<200 sqft,Micro Outlet,RAJASTHAN,Balance,yes,23316.9732,,,,11944.6548,,,2272.725,,,,,,8082.996,,,13821.3306,2990.5122,,,,17398.8009,,,,,,79827.9927,6652.332725,22.33,12,North India,Retail,1.3333333333333333,3.5,23.0,41.5,13.666666666666666,201.5,2.59,5.74,1.24,1.0,87.98,A,15.0,1.0,1,0.0,0.0,6679.87,27.53,0.4,True,A+,315.0,1.0,0.0,0.0,0.0,0.0,0.0,0.0,0.0,1,1.0,,,,0.0,4,4,Urban Transit Impulse GT,"This cluster consists of small urban GT outlets like paan kiosks, dairies, and tea shops, often near transit points. They cater to on-the-move shoppers seeking quick, affordable impulse purchases, with no premium category sales.","Prioritize counter-top displays and visible merchandising for single-serve, grab-and-go beverage and snack SKUs. Introduce combo offers (e.g., beverage + snack) at Rs. 20-30 price points."
100692.0,S01222423,,S01222423,Kaushik Hotel,Retail,23.179996,88.561337,West Bengal,Nadia,Ranaghat - I,Aistala,Urban,Aistala,S. Ind Restaurnt,Mrinal Kumar Saha - Tt,4.62,0.18,0.57,59.03,5.03,27.34,1.0,18.5,0.91,6.28,6.28,6.28,6.28,6.28,23,63,93,0.0,1.0,1.0,6.0,28.0,107.0,125.0,399.0,623.0,547.0,732.0,837.0,385.0,911.0,456.0,1534.0,1672.0,1770.0,Medium (30 to 100),0.0,0.0,0.0,0.0,100661.0,No,No,No,No,No,No,No,,,,,Restaurants,,,Yes,120.0,<200 sqft,Micro Outlet,WEST BENGAL,Balance,yes,2026.8756,,,,1277.0745,181.818,4088.8636,,,,109.092,,,436.3632,,,1509.0894,881.8173,,,4340.0658,3790.5101,,,,,,18641.5695,1553.464125,13.25,12,East India,Retail,47.0,262.0,585.0,784.5,584.0,6.28,0.18,1.0,0.91,23.0,39.1,C,,1.0,1,0.0,0.0,3884.42,2330.96,60.0,True,C+,288.0,1.0,0.0,0.0,0.0,0.0,0.0,0.0,0.0,1,1.0,,,,1.0,2,4,Urban Transit Impulse GT,"This cluster consists of small urban GT outlets like paan kiosks, dairies, and tea shops, often near transit points. They cater to on-the-move shoppers seeking quick, affordable impulse purchases, with no premium category sales.","Prioritize counter-top displays and visible merchandising for single-serve, grab-and-go beverage and snack SKUs. Introduce combo offers (e.g., beverage + snack) at Rs. 20-30 price points."
118540.0,2456951,,2456951,Khushi Hotel,Retail,23.16521122,84.75807569,Jharkhand,Gumla,Sisai,Bhadauli,Rural,,S. Ind Restaurnt,Swastik Enterprises,20.45,6.32,54.43,62.39,0.29,0.0,27.81,55.14,53.32,53.32,53.32,53.32,53.32,53.32,14,26,35,0.0,0.0,0.0,3.0,6.0,8.0,12.0,1.0,54.0,88.0,100.0,151.0,68.0,71.0,28.0,60.0,127.0,327.0,Low (<30),0.0,0.0,0.0,0.0,89699.0,No,No,No,No,No,No,No,,,,,Restaurants,,,Yes,150.0,<200 sqft,Micro Outlet,JHARKHAND,Balance,yes,3930.4338,,,,3169.1764,,8487.572,,,,692.2504,,,181.818,,,1350.9876,272.727,,,8047.201,4763.6316,,,,,,30895.7978,3432.866422,8.44,9,East India,Retail,5.666666666666667,6.5,71.0,125.5,55.66666666666666,53.32,6.32,0.0,53.32,14.0,70.38,B,15.0,1.0,1,0.0,0.0,3153.1,-279.77,-8.9,False,B,786.0,1.0,0.0,0.0,0.0,0.0,0.0,0.0,0.0,1,1.0,,,,0.0,3,4,Urban Transit Impulse GT,"This cluster consists of small urban GT outlets like paan kiosks, dairies, and tea shops, often near transit points. They cater to on-the-move shoppers seeking quick, affordable impulse purchases, with no premium category sales.","Prioritize counter-top displays and visible merchandising for single-serve, grab-and-go beverage and snack SKUs. Introduce combo offers (e.g., beverage + snack) at Rs. 20-30 price points."
113235.0,2200120,Delhi,2200120,Gurunanak Dairy,Retail,28.626145,77.114927,Delhi,Delhi,Delhi,Delhi,Urban,Hari Nagar,Dairy Str (Stand-alone),Nirman Retail Holdings,0.12,0.39,0.64,0.59,0.07,0.41,1.58,0.16,0.05,0.16,0.05,0.05,0.05,0.05,13,45,141,1.0,11.0,38.0,1321.0,791.0,966.0,1692.0,1349.0,2093.0,2087.0,1880.0,1696.0,254.0,193.0,557.0,2433.0,3766.0,5742.0,High (>100),14.0,117.0,1374.0,267.0,371626.0,No,No,No,No,No,No,No,Rs. 5,,,,GT,Urban,12.50618,Yes,130.0,<200 sqft,Micro Outlet,NEW DELHI,Delhi,yes,,,,,,,,,,,,,,,,,,,,,,313.0452,,,,,,313.0452,313.0452,2.0,1,North India,SC05-Retail,1026.0,1520.5,2090.0,1788.0,334.6666666666667,0.05,0.39,0.41,0.05,14.0,3.6,D,150.0,1.0,1,0.0,1.0,549.05,236.01,43.0,True,D+,1301.0,1.0,0.0,0.0,0.0,0.0,0.0,0.0,0.0,1,1.0,5.0,,,1.0,1,4,Urban Transit Impulse GT,"This cluster consists of small urban GT outlets like paan kiosks, dairies, and tea shops, often near transit points. They cater to on-the-move shoppers seeking quick, affordable impulse purchases, with no premium category sales.","Prioritize counter-top displays and visible merchandising for single-serve, grab-and-go beverage and snack SKUs. Introduce combo offers (e.g., beverage + snack) at Rs. 20-30 price points."
119168.0,2444132,Nagpur,2444132,Mahindra Tea Stall,Retail,21.251243,79.094477,Maharashtra,Nagpur,Nagpur (Rural),Ghoghali,Rural,,Tea Shop (Hot),Ajay Traders,10.35,2.02,1.47,9.04,2.27,473.55,2.79,8.72,1.84,5.21,5.21,5.21,5.21,5.21,6,13,24,0.0,3.0,12.0,0.0,0.0,0.0,1.0,0.0,17.0,29.0,25.0,46.0,14.0,11.0,4.0,21.0,38.0,71.0,Medium (30 to 100),98.0,20.0,18.0,10.0,69423.0,No,Yes,No,No,No,No,No,Rs. 5,,Rs. 5,,GT,Periphery,2.04486,No,75.0,<200 sqft,Micro Outlet,MAHARASHTRA,Nagpur,yes,,,,,8871.1428,,,,,,,,,,,,,1626.8772,,,45.455,12947.4267,,,,,,23490.9017,1957.575142,8.0,12,MAHARASHTRA,Retail,0.0,0.5,23.0,35.5,9.666666666666666,5.21,1.47,2.79,1.84,6.0,48.94,C,,0.0,1,0.0,0.0,2244.39,286.82,12.8,True,C+,1183.0,0.0,0.0,1.0,0.0,0.0,0.0,0.0,0.0,1,1.0,5.0,,5.0,0.0,2,4,Urban Transit Impulse GT,"This cluster consists of small urban GT outlets like paan kiosks, dairies, and tea shops, often near transit points. They cater to on-the-move shoppers seeking quick, affordable impulse purchases, with no premium category sales.","Prioritize counter-top displays and visible merchandising for single-serve, grab-and-go beverage and snack SKUs. Introduce combo offers (e.g., beverage + snack) at Rs. 20-30 price points."
121775.0,2636782,Gorakhpur,2636782,Family Tea Stall,Retail,26.74851579,83.36972549,Uttar Pradesh,Gorakhpur,Gorakhpur,Gorakhpur,Urban,Civil Line 1,Tea Shop (Hot),Shree Marketing-Sdp,0.0,0.42,0.29,2.08,0.35,0.07,1.72,0.53,0.2,0.53,0.2,0.53,0.2,0.2,19,74,129,18.0,35.0,38.0,74.0,61.0,71.0,176.0,164.0,249.0,216.0,247.0,233.0,116.0,98.0,31.0,156.0,307.0,1138.0,High (>100),99.0,56.0,20.0,7.0,107388.0,No,Yes,No,No,No,No,No,Rs. 5,,Rs. 5,,GT,Urban,1.8,No,75.0,<200 sqft,Micro Outlet,UTTAR PRADESH,Balance,yes,,,,,,,7035.7368,,,,5678.5896,,,,,,,,,,4660.7292,,,,,,,17375.0556,1930.561733,6.58,9,UTTAR PRADESH,Retail,68.66666666666667,170.0,232.5,240.0,81.66666666666667,0.2,0.29,0.07,0.2,37.0,48.3,C,150.0,0.0,1,0.0,1.0,1550.06,-380.5,-24.5,False,C,1383.0,0.0,0.0,1.0,0.0,0.0,0.0,0.0,0.0,1,1.0,5.0,,5.0,1.0,2,4,Urban Transit Impulse GT,"This cluster consists of small urban GT outlets like paan kiosks, dairies, and tea shops, often near transit points. They cater to on-the-move shoppers seeking quick, affordable impulse purchases, with no premium category sales.","Prioritize counter-top displays and visible merchandising for single-serve, grab-and-go beverage and snack SKUs. Introduce combo offers (e.g., beverage + snack) at Rs. 20-30 price points."
121255.0,2453675,,2453675,S B Xerox,Retail,17.913485,77.5229,Karnataka,Bidar,Bidar,Bidar,Urban,Chonde Galli,Xerox / DTP Centr,Ganesh Enterprises,0.89,0.03,0.21,0.93,0.14,0.1,0.82,67.85,0.14,0.14,0.14,0.14,0.14,0.14,58,141,209,35.0,67.0,86.0,74.0,146.0,131.0,221.0,448.0,432.0,519.0,619.0,578.0,117.0,160.0,376.0,393.0,710.0,2389.0,Low (<30),0.0,0.0,0.0,0.0,107501.0,No,No,No,No,No,No,No,,,,,Others,,,No,45.0,<200 sqft,Micro Outlet,KARNATAKA,Balance,yes,,,,,,,1029.618,,,,,,,,,,,,,,1446.4277,1199.9988,,,,,,3676.0445,612.674083,5.5,6,West India,Retail,117.0,334.5,475.5,598.5,217.66666666666663,0.14,0.03,0.1,0.14,93.0,10.94,D,15.0,0.0,1,0.0,0.0,844.44,231.76,27.4,True,D+,1304.0,0.0,0.0,0.0,0.0,0.0,0.0,0.0,0.0,1,1.0,,,,1.0,1,4,Urban Transit Impulse GT,"This cluster consists of small urban GT outlets like paan kiosks, dairies, and tea shops, often near transit points. They cater to on-the-move shoppers seeking quick, affordable impulse purchases, with no premium category sales.","Prioritize counter-top displays and visible merchandising for single-serve, grab-and-go beverage and snack SKUs. Introduce combo offers (e.g., beverage + snack) at Rs. 20-30 price points."
121774.0,2482318,Udaipur,2482318,Maadhav Tea And Fast Food,Retail,24.608512,73.708892,Rajasthan,Udaipur,Girwa,Udaipur,Urban,,Tea Shop (Hot),Subham Agencies,3.48,94.48,1.49,2.25,0.01,360.79,3.49,0.81,0.74,0.81,0.81,0.81,0.81,0.81,8,37,89,0.0,12.0,26.0,6155.0,5217.0,6521.0,9185.0,10007.0,16145.0,16402.0,16843.0,16600.0,3488.0,2770.0,3069.0,15292.0,30025.0,52683.0,High (>100),0.0,0.0,0.0,0.0,205121.0,No,Yes,No,No,No,No,No,Rs. 5,,Rs. 5,,GT,Periphery,0.9,No,95.0,<200 sqft,Micro Outlet,RAJASTHAN,Balance,yes,7290.9018,,,,7163.6292,363.636,,,,,,,,1636.362,,,4181.814,1672.7256,,,,7618.1742,,,,,,29927.2428,2992.72428,13.4,10,North India,Retail,5964.333333333333,9596.0,16273.5,16721.5,3109.0,0.81,1.49,3.49,0.74,8.0,65.76,B,150.0,0.0,1,0.0,0.0,3638.34,645.61,17.7,True,B+,584.0,0.0,0.0,1.0,0.0,0.0,0.0,0.0,0.0,1,1.0,5.0,,5.0,1.0,3,4,Urban Transit Impulse GT,"This cluster consists of small urban GT outlets like paan kiosks, dairies, and tea shops, often near transit points. They cater to on-the-move shoppers seeking quick, affordable impulse purchases, with no premium category sales.","Prioritize counter-top displays and visible merchandising for single-serve, grab-and-go beverage and snack SKUs. Introduce combo offers (e.g., beverage + snack) at Rs. 20-30 price points."
116923.0,2382040,Delhi,2382040,Milko Bite,AFH - Others,28.673717,77.170192,Delhi,Delhi,Delhi,Delhi,Urban,Inder Lok Colony,Dairy Str (Stand-alone),Super Agencies,1.12,0.02,0.81,2.61,0.04,0.02,0.02,0.01,0.01,0.01,0.01,0.01,0.01,0.01,16,78,173,1.0,3.0,22.0,1071.0,611.0,715.0,1141.0,1153.0,1626.0,1710.0,1875.0,1689.0,364.0,248.0,640.0,1530.0,2885.0,6803.0,High (>100),8.0,132.0,1563.0,450.0,277743.0,No,No,No,No,No,No,No,Rs. 5,,,,GT,Urban,11.072959999999998,Yes,75.0,<200 sqft,Micro Outlet,NEW DELHI,Delhi,yes,27927.0207,,,,,,,,1851.8592,,,,,,,,21199.5058,,,1317.4596,,,666.666,,,,,52962.5113,6620.313913,3.44,8,North India,OPSC21-AFH - Others,799.0,1147.0,1668.0,1782.0,417.3333333333333,0.01,0.02,0.02,0.01,17.0,87.88,A,150.0,1.0,1,0.0,1.0,942.02,-5678.29,-602.8,False,A,784.0,1.0,0.0,0.0,0.0,0.0,0.0,0.0,0.0,1,1.0,5.0,,,1.0,4,4,Urban Transit Impulse GT,"This cluster consists of small urban GT outlets like paan kiosks, dairies, and tea shops, often near transit points. They cater to on-the-move shoppers seeking quick, affordable impulse purchases, with no premium category sales.","Prioritize counter-top displays and visible merchandising for single-serve, grab-and-go beverage and snack SKUs. Introduce combo offers (e.g., beverage + snack) at Rs. 20-30 price points."
115250.0,1654740,Kanpur,1654740,Swadisht Bhojnalaya   Punjabi Dhaba,Retail,26.452779,80.35013,Uttar Pradesh,Kanpur Nagar,Kanpur,Kanpur,Urban,Kanpur Cantonment,N. Ind Restaurnt,Primewest Marketing P.Ltd.-Sdp,4.01,0.18,0.7,0.64,0.52,0.4,0.16,1.43,0.02,0.07,0.07,0.07,0.07,0.07,42,143,315,2.0,18.0,34.0,89.0,128.0,128.0,259.0,432.0,494.0,474.0,697.0,603.0,158.0,161.0,226.0,430.0,790.0,2150.0,High (>100),51.0,45.0,17.0,3.0,122192.0,No,No,No,No,No,No,No,,,,,Restaurants,Urban,1.4,Yes,105.0,<200 sqft,Micro Outlet,UTTAR PRADESH,Kanpur,yes,31025.2662,,,,14407.4983,1090.908,30439.3104,1363.635,,,8667.1512,,,8511.4542,,,13707.4965,7132.0106,572.7267,,21280.6287,29537.9188,,,,,,167736.0046,13978.000383,36.67,12,UTTAR PRADESH,Retail,115.0,345.5,484.0,650.0,181.66666666666663,0.07,0.18,0.16,0.02,44.0,97.04,A,150.0,1.0,1,0.0,1.0,10409.48,-3568.52,-34.3,False,A,661.0,1.0,0.0,0.0,0.0,0.0,0.0,0.0,0.0,1,1.0,,,,1.0,4,4,Urban Transit Impulse GT,"This cluster consists of small urban GT outlets like paan kiosks, dairies, and tea shops, often near transit points. They cater to on-the-move shoppers seeking quick, affordable impulse purchases, with no premium category sales.","Prioritize counter-top displays and visible merchandising for single-serve, grab-and-go beverage and snack SKUs. Introduce combo offers (e.g., beverage + snack) at Rs. 20-30 price points."
119659.0,1797038,Hyderabad,1797038,Sm Corner Pan Mahal,Retail,17.420154,78.505854,Telangana,Hyderabad,Hyderabad unassignd,Hyderabad,Urban,Musheerabad,Cig / Paan Kiosk,Swaraj Traders,1.39,0.1,0.1,1.27,0.34,0.35,0.73,1.85,0.22,0.31,0.22,0.31,0.0,0.22,42,168,318,0.0,52.0,0.0,273.0,368.0,414.0,1033.0,1055.0,1522.0,1298.0,1176.0,930.0,295.0,186.0,256.0,1443.0,2534.0,3585.0,Low (<30),22.0,51.0,61.0,9.0,137293.0,Yes,No,No,No,No,No,No,Rs. 5,Rs. 5,,,GT,Urban,0.7,No,85.0,<200 sqft,Micro Outlet,TELANGANA,Hyderabad,yes,,,,,2581.8156,90.909,4536.9495,,,,,,,,,,,363.636,,,2116.284,4054.5414,,,,,,13744.1355,1145.344625,9.58,12,South India,Retail,351.6666666666667,1044.0,1410.0,1053.0,245.66666666666663,0.0,0.1,0.35,0.22,42.0,27.04,D,15.0,0.0,1,0.0,1.0,2327.21,1181.87,50.8,True,D+,739.0,0.0,1.0,0.0,0.0,0.0,0.0,0.0,0.0,1,1.0,5.0,5.0,,1.0,1,4,Urban Transit Impulse GT,"This cluster consists of small urban GT outlets like paan kiosks, dairies, and tea shops, often near transit points. They cater to on-the-move shoppers seeking quick, affordable impulse purchases, with no premium category sales.","Prioritize counter-top displays and visible merchandising for single-serve, grab-and-go beverage and snack SKUs. Introduce combo offers (e.g., beverage + snack) at Rs. 20-30 price points."
116052.0,2409135,,2409135,Sujatha Fancy Genersl Stores,Retail,16.704545,81.076287,Andhra Pradesh,West Godavari,Eluru,Eluru (Rural),Rural,,Cosmetc / Fancy Str (Stand-alone),Pavan Enterprises,2.9,0.06,0.49,48.98,0.73,0.0,3.36,49.66,1.48,47.33,46.95,47.33,46.95,46.95,13,31,71,5.0,8.0,19.0,37.0,29.0,21.0,129.0,10.0,705.0,1148.0,1008.0,1800.0,605.0,589.0,226.0,1234.0,2273.0,1675.0,Low (<30),0.0,0.0,0.0,0.0,125953.0,No,No,No,No,No,No,No,Rs. 5,,,,GT,,,Yes,105.0,<200 sqft,Micro Outlet,ANDHRA PRADESH,Balance,yes,251.9958,,109.0908,,618.1812,145.4544,12787.7505,,,,,,,,,,215.9964,90.909,109.0908,,5850.339,2159.6822,,,,,,22338.4901,1861.540842,12.25,12,South India,Retail,29.0,69.5,926.5,1404.0,473.3333333333333,46.95,0.06,0.0,1.48,18.0,46.52,C,15.0,1.0,1,0.0,0.0,3777.91,1916.37,50.7,True,C+,443.0,1.0,0.0,0.0,0.0,0.0,0.0,0.0,0.0,1,1.0,5.0,,,0.0,2,4,Urban Transit Impulse GT,"This cluster consists of small urban GT outlets like paan kiosks, dairies, and tea shops, often near transit points. They cater to on-the-move shoppers seeking quick, affordable impulse purchases, with no premium category sales.","Prioritize counter-top displays and visible merchandising for single-serve, grab-and-go beverage and snack SKUs. Introduce combo offers (e.g., beverage + snack) at Rs. 20-30 price points."
112029.0,S01393299,,S01393299,Sun Rise Milk Point,Retail,16.751611,78.007389,Telangana,Mahbubnagar,Mahbubnagar,Mahbubnagar,Urban,Mahbubnagar,Dairy str,Orange Kart,0.51,0.03,0.06,62.18,0.28,74.75,1.31,78.01,1.37,75.16,75.16,75.16,0.0,75.16,44,84,153,0.0,28.0,0.0,282.0,745.0,2185.0,2178.0,5276.0,7941.0,5007.0,6152.0,4165.0,1685.0,1512.0,756.0,5252.0,11171.0,21800.0,High (>100),0.0,0.0,0.0,0.0,98459.0,No,No,No,No,No,No,No,,,,,GT,,,Yes,115.0,<200 sqft,Micro Outlet,TELANGANA,Balance,yes,,,,,1272.726,,3983.358,,,,,,,,,,,,,,2889.5192,2377.8638,,,,,,10523.467,956.678818,9.91,11,South India,Retail,1070.6666666666667,3727.0,6474.0,5158.5,1317.6666666666667,0.0,0.03,1.31,1.37,44.0,21.36,D,150.0,1.0,1,0.0,0.0,2755.71,1799.04,65.3,True,D+,319.0,1.0,0.0,0.0,0.0,0.0,0.0,0.0,0.0,1,1.0,,,,1.0,1,4,Urban Transit Impulse GT,"This cluster consists of small urban GT outlets like paan kiosks, dairies, and tea shops, often near transit points. They cater to on-the-move shoppers seeking quick, affordable impulse purchases, with no premium category sales.","Prioritize counter-top displays and visible merchandising for single-serve, grab-and-go beverage and snack SKUs. Introduce combo offers (e.g., beverage + snack) at Rs. 20-30 price points."
102277.0,2487939,Kanpur,2487939,Vimal Pan Shop,Retail,26.48214,80.388968,Uttar Pradesh,Unnao,Unnao,Gangaghat,Urban,Gangaghat,Cig / Paan Kiosk,Vasu Marketing Sales-Kanpur,4.43,0.61,3.09,3.89,0.31,1.13,1.09,3.65,0.89,3.28,2.54,3.26,2.54,2.54,2,10,29,0.0,0.0,3.0,40.0,119.0,540.0,474.0,1781.0,2870.0,1998.0,2639.0,2897.0,1223.0,1753.0,877.0,2400.0,4309.0,10940.0,High (>100),46.0,21.0,4.0,0.0,88669.0,Yes,No,No,No,No,No,No,Rs. 5,Rs. 5,,,GT,Periphery,2.2,No,60.0,<200 sqft,Micro Outlet,UTTAR PRADESH,Kanpur,yes,962.8449,,,,2445.8486,,5211.783,,,,1490.8464,,,1144.6629,,,199.9998,845.0598,,,1144.9206,1954.1496,,,,,,15400.1156,3080.02312,13.6,5,UTTAR PRADESH,Retail,233.0,1127.5,2434.0,2768.0,1284.3333333333333,2.54,0.61,1.09,0.89,2.0,66.94,B,150.0,0.0,1,0.0,0.0,3572.75,492.72,13.8,True,B+,614.0,0.0,1.0,0.0,0.0,0.0,0.0,0.0,0.0,1,1.0,5.0,5.0,,1.0,3,4,Urban Transit Impulse GT,"This cluster consists of small urban GT outlets like paan kiosks, dairies, and tea shops, often near transit points. They cater to on-the-move shoppers seeking quick, affordable impulse purchases, with no premium category sales.","Prioritize counter-top displays and visible merchandising for single-serve, grab-and-go beverage and snack SKUs. Introduce combo offers (e.g., beverage + snack) at Rs. 20-30 price points."
107260.0,2134860,,2134860,Nandini Milk Parlour,Retail,13.316743,77.09124,Karnataka,Tumkur,Tumkur,Tumkur,Urban,Melekote,Dairy str,Sri Maruthi Enterprises,2.24,0.1,0.4,30.51,0.97,0.8,2.25,51.52,0.14,0.14,0.14,0.14,0.14,0.14,10,36,89,15.0,23.0,51.0,5.0,12.0,12.0,34.0,60.0,73.0,77.0,88.0,74.0,16.0,17.0,46.0,83.0,152.0,226.0,Low (<30),122.0,65.0,8.0,1.0,147496.0,No,No,No,No,No,No,No,,,,,GT,,,Yes,100.0,<200 sqft,Micro Outlet,KARNATAKA,Balance,yes,3745.4508,,,,4972.3362,,4608.6354,,,,,,,,,,1636.362,,1636.3628,,3455.7885,10529.6412,,,,,,30584.5769,2548.714742,15.75,12,West India,Retail,9.666666666666666,47.0,75.0,81.0,26.33333333333333,0.14,0.1,0.8,0.14,25.0,59.4,C,15.0,1.0,1,0.0,0.0,4637.77,2089.06,45.0,True,C+,372.0,1.0,0.0,0.0,0.0,0.0,0.0,0.0,0.0,1,1.0,,,,1.0,2,4,Urban Transit Impulse GT,"This cluster consists of small urban GT outlets like paan kiosks, dairies, and tea shops, often near transit points. They cater to on-the-move shoppers seeking quick, affordable impulse purchases, with no premium category sales.","Prioritize counter-top displays and visible merchandising for single-serve, grab-and-go beverage and snack SKUs. Introduce combo offers (e.g., beverage + snack) at Rs. 20-30 price points."
117074.0,2591491,,2591491,Sri Sai Bhojnalay,Retail,26.91553751,81.29822647,Uttar Pradesh,Barabanki,Nawabganj,Lakshvar Vajaha,Rural,,N. Ind Restaurnt,Nigar Agency -Tt,8.87,1.85,1.15,11.36,1.54,6.22,4.78,27.72,9.83,27.24,27.16,27.16,27.16,27.16,5,10,29,0.0,1.0,1.0,0.0,3.0,5.0,8.0,1.0,55.0,89.0,146.0,196.0,110.0,110.0,43.0,71.0,116.0,485.0,Low (<30),0.0,0.0,0.0,0.0,42390.0,No,No,No,No,No,No,No,,,,,Restaurants,,,Yes,160.0,<200 sqft,Micro Outlet,UTTAR PRADESH,Balance,yes,,,,,454.545,,669.645,,,,589.2876,,,,,,,218.1816,,,803.574,490.9086,,,,,,3226.1418,358.4602,5.44,9,UTTAR PRADESH,SC05-Retail,2.6666666666666665,4.5,72.0,171.0,87.66666666666667,27.16,1.15,4.78,9.83,5.0,4.88,D,15.0,1.0,1,0.0,0.0,2025.63,1667.17,82.3,True,D+,386.0,1.0,0.0,0.0,0.0,0.0,0.0,0.0,0.0,1,1.0,,,,0.0,1,4,Urban Transit Impulse GT,"This cluster consists of small urban GT outlets like paan kiosks, dairies, and tea shops, often near transit points. They cater to on-the-move shoppers seeking quick, affordable impulse purchases, with no premium category sales.","Prioritize counter-top displays and visible merchandising for single-serve, grab-and-go beverage and snack SKUs. Introduce combo offers (e.g., beverage + snack) at Rs. 20-30 price points."
119551.0,2645831,,2645831,Sarthak Ice Cream,Retail,18.502363,73.7412238,Maharashtra,Pune,Mulshi,Marunji,Rural,,Ice Cream Parlour (Stand-alone),Synergy Network,8.08,1.02,1.77,6.78,0.59,3.28,12.14,3.53,3.53,3.53,3.53,3.53,3.53,3.53,2,6,8,0.0,1.0,3.0,29.0,45.0,60.0,71.0,18.0,132.0,203.0,193.0,315.0,109.0,69.0,24.0,194.0,358.0,529.0,High (>100),80.0,44.0,24.0,20.0,113777.0,No,No,No,No,No,No,No,,,,,GT,,,Yes,125.0,<200 sqft,Micro Outlet,MAHARASHTRA,Balance,yes,2072.7252,,618.1812,,5264.0328,581.8176,204.5475,,,,,,,,,,2272.725,,1772.7255,,113.6375,8853.7488,,,,,,21754.1411,2175.41411,7.1,10,MAHARASHTRA,Retail,44.66666666666666,44.5,167.5,254.0,67.33333333333333,3.53,1.02,3.28,3.53,2.0,53.26,C,150.0,1.0,1,0.0,0.0,2407.31,231.9,9.6,True,C+,1204.0,1.0,0.0,0.0,0.0,0.0,0.0,0.0,0.0,1,1.0,,,,0.0,2,4,Urban Transit Impulse GT,"This cluster consists of small urban GT outlets like paan kiosks, dairies, and tea shops, often near transit points. They cater to on-the-move shoppers seeking quick, affordable impulse purchases, with no premium category sales.","Prioritize counter-top displays and visible merchandising for single-serve, grab-and-go beverage and snack SKUs. Introduce combo offers (e.g., beverage + snack) at Rs. 20-30 price points."
103610.0,2510875,,2510875,Keshariya Hotel,Retail,22.568539,71.800544,Gujarat,Surendranagar,Limbdi,Limbdi,Urban,Limbdi,S. Ind Restaurnt,Rubina Sales Agency - Tt,25.94,0.25,3.42,52.27,20.98,5.93,1.14,60.01,0.58,0.58,0.58,0.58,0.58,0.58,12,23,25,0.0,0.0,3.0,31.0,68.0,340.0,242.0,1007.0,1646.0,1120.0,1431.0,1247.0,541.0,757.0,379.0,1181.0,2220.0,5213.0,High (>100),,,,,270154.0,No,No,No,No,No,No,No,,,,,Restaurants,,,Yes,115.0,<200 sqft,Micro Outlet,GUJARAT,Balance,yes,,,90.909,,7636.356,,,,,,,,,,,,3963.6324,,,,,409.0905,,,,,,12099.9879,1344.4431,2.22,9,GUJARAT,Retail,146.33333333333334,624.5,1383.0,1339.0,559.0,0.58,0.25,1.14,0.58,12.0,33.36,C,150.0,1.0,1,0.0,0.0,736.67,-607.77,-82.5,False,C,1415.0,1.0,0.0,0.0,0.0,0.0,0.0,0.0,0.0,1,1.0,,,,1.0,2,4,Urban Transit Impulse GT,"This cluster consists of small urban GT outlets like paan kiosks, dairies, and tea shops, often near transit points. They cater to on-the-move shoppers seeking quick, affordable impulse purchases, with no premium category sales.","Prioritize counter-top displays and visible merchandising for single-serve, grab-and-go beverage and snack SKUs. Introduce combo offers (e.g., beverage + snack) at Rs. 20-30 price points."
121499.0,1592689,Guwahati,1592689,J Music Corner,Retail,26.12527,91.786718,Assam,Kamrup,Guwahati,Guwahati,Urban,Beltola,Chats & Snacks (Stand-alone),Moon Marketing,2.02,0.17,0.18,4.39,0.5,0.13,6.3,0.49,0.21,0.21,0.21,0.21,0.21,0.21,14,49,104,3.0,11.0,18.0,90.0,89.0,98.0,233.0,291.0,424.0,229.0,158.0,110.0,73.0,46.0,46.0,431.0,556.0,537.0,Low (<30),148.0,138.0,54.0,1.0,168429.0,No,No,No,No,No,No,No,,,,,GT,Urban,1.1,No,100.0,<200 sqft,Micro Outlet,ASSAM,Guwahati,yes,436.3632,,,,2418.1794,645.4539,,,,,,,,763.6356,,,,4490.9046,,,,9509.0814,,,,,,18263.6181,1521.968175,12.0,12,Northeast India,Retail,92.33333333333331,262.0,326.5,134.0,55.0,0.21,0.17,0.13,0.21,17.0,38.22,C,15.0,0.0,1,0.0,1.0,3248.69,1726.72,53.2,True,C+,526.0,0.0,0.0,0.0,0.0,0.0,0.0,0.0,0.0,1,1.0,,,,1.0,2,4,Urban Transit Impulse GT,"This cluster consists of small urban GT outlets like paan kiosks, dairies, and tea shops, often near transit points. They cater to on-the-move shoppers seeking quick, affordable impulse purchases, with no premium category sales.","Prioritize counter-top displays and visible merchandising for single-serve, grab-and-go beverage and snack SKUs. Introduce combo offers (e.g., beverage + snack) at Rs. 20-30 price points."
107499.0,2420573,,2420573,Sree Krishna Tea Stall,Retail,13.56640797,79.31235767,Andhra Pradesh,Chittoor,Chandragiri,Chandragiri,Rural,,Tea Shop (Hot),Thyaga Enterprises,10.6,2.92,6.56,35.81,1.33,0.0,5.05,115.77,2.18,115.63,115.55,115.55,115.55,115.55,0,2,14,0.0,0.0,0.0,50.0,42.0,34.0,128.0,11.0,631.0,1025.0,855.0,1583.0,496.0,462.0,175.0,1041.0,1788.0,1560.0,Low (<30),7.0,1.0,1.0,0.0,156762.0,No,Yes,No,No,No,No,No,Rs. 5,,Rs. 5,,GT,,,No,140.0,<200 sqft,Micro Outlet,ANDHRA PRADESH,Tirupati,yes,309.0906,,1418.1804,,7818.174,1199.9988,9524.3215,,,,163.638,,,,,,,,,,6234.1305,13218.1686,,,,,,39885.7024,3625.972945,19.82,11,South India,Retail,42.0,69.5,828.0,1219.0,377.6666666666667,115.55,2.92,0.0,2.18,0.0,72.22,B,15.0,0.0,1,0.0,0.0,5812.43,2186.46,37.6,True,B+,248.0,0.0,0.0,1.0,0.0,0.0,0.0,0.0,0.0,1,1.0,5.0,,5.0,0.0,3,4,Urban Transit Impulse GT,"This cluster consists of small urban GT outlets like paan kiosks, dairies, and tea shops, often near transit points. They cater to on-the-move shoppers seeking quick, affordable impulse purchases, with no premium category sales.","Prioritize counter-top displays and visible merchandising for single-serve, grab-and-go beverage and snack SKUs. Introduce combo offers (e.g., beverage + snack) at Rs. 20-30 price points."
100489.0,S00841262,,S00841262,Omfed Booth,Retail,22.222881,84.868154,Orissa,Sundargarh,Raurkela,Raurkela,Urban,,Dairy str,Image Enterprises,1.23,0.94,0.71,100.56,2.73,0.0,0.76,4.82,0.67,0.67,0.67,0.67,0.67,0.67,7,20,51,2.0,5.0,9.0,17.0,25.0,27.0,71.0,88.0,115.0,85.0,102.0,90.0,38.0,38.0,47.0,132.0,189.0,395.0,Low (<30),0.0,0.0,0.0,0.0,101148.0,No,No,No,No,No,No,No,,,,,GT,,,Yes,100.0,<200 sqft,Micro Outlet,ORISSA,Balance,yes,2290.9068,,,,16909.074,1090.908,1824.288,,,,,,,981.8172,,,1472.7258,2290.9068,,,1962.5295,26209.0647,,,,,,55032.2208,5503.22208,18.7,10,East India,Retail,23.0,79.5,100.0,96.0,41.0,0.67,0.71,0.0,0.67,9.0,84.36,A,15.0,1.0,1,0.0,0.0,5469.64,-33.58,-0.6,False,A,332.0,1.0,0.0,0.0,0.0,0.0,0.0,0.0,0.0,1,1.0,,,,1.0,4,4,Urban Transit Impulse GT,"This cluster consists of small urban GT outlets like paan kiosks, dairies, and tea shops, often near transit points. They cater to on-the-move shoppers seeking quick, affordable impulse purchases, with no premium category sales.","Prioritize counter-top displays and visible merchandising for single-serve, grab-and-go beverage and snack SKUs. Introduce combo offers (e.g., beverage + snack) at Rs. 20-30 price points."
121159.0,2708114,,2708114,Deep Photo Studio,Retail,28.41676894,77.8729959,Uttar Pradesh,Bulandshahr,Bulandshahr,Nayagaon,Rural,,,Shri Krishna Traders-Tt,0.0,0.81,0.81,17.77,0.82,0.72,3.16,34.02,4.52,34.02,34.02,34.02,34.02,34.02,12,38,80,2.0,6.0,10.0,1.0,4.0,7.0,3.0,0.0,57.0,95.0,120.0,173.0,88.0,93.0,37.0,71.0,88.0,451.0,Low (<30),0.0,0.0,0.0,0.0,46145.0,No,No,No,No,No,No,No,,,,,Others,,,No,135.0,<200 sqft,Micro Outlet,UTTAR PRADESH,Balance,yes,3127.2696,,,,2327.2704,90.909,4486.6215,,,,107.1432,,,,,,,545.454,,,348.2154,13048.2612,,,,,,24081.1443,3010.143038,6.5,8,UTTAR PRADESH,Retail,4.0,1.5,76.0,146.5,72.66666666666667,34.02,0.81,0.72,4.52,14.0,66.0,B,15.0,0.0,1,0.0,0.0,1871.14,-1139.0,-60.9,False,B,893.0,0.0,0.0,0.0,0.0,0.0,0.0,0.0,0.0,1,1.0,,,,0.0,3,4,Urban Transit Impulse GT,"This cluster consists of small urban GT outlets like paan kiosks, dairies, and tea shops, often near transit points. They cater to on-the-move shoppers seeking quick, affordable impulse purchases, with no premium category sales.","Prioritize counter-top displays and visible merchandising for single-serve, grab-and-go beverage and snack SKUs. Introduce combo offers (e.g., beverage + snack) at Rs. 20-30 price points."
102350.0,2625014,Bareilly,2625014,Careful Cosmetics And Genral Store,Retail,28.402228,79.413084,Uttar Pradesh,Bareilly,Bareilly,Bareilly,Urban,Partapur Chaudhary,Cosmetc / Fancy Str (Stand-alone),Gargi Enterprises-Bareilly-Sdp,4.82,0.33,0.59,6.01,1.5,3.3,1.68,2.52,0.09,0.35,0.09,0.09,0.09,0.09,13,45,95,1.0,2.0,8.0,22.0,30.0,30.0,59.0,79.0,95.0,96.0,198.0,177.0,90.0,92.0,50.0,92.0,173.0,651.0,Low (<30),89.0,10.0,3.0,0.0,63415.0,No,No,No,No,No,No,No,Rs. 5,,,,GT,Urban,2.4,No,90.0,<200 sqft,Micro Outlet,UTTAR PRADESH,Bareilly,yes,,,,,709.0902,1359.683,3830.3694,,,,321.4296,,,,,,,218.1816,,,1647.3267,2445.0582,,,,,,10531.1387,957.376245,5.18,11,UTTAR PRADESH,Retail,27.33333333333333,69.0,95.5,187.5,77.33333333333333,0.09,0.33,1.68,0.09,14.0,21.38,D,15.0,0.0,1,0.0,1.0,1262.22,304.84,24.2,True,D+,1264.0,0.0,0.0,0.0,0.0,0.0,0.0,0.0,0.0,1,1.0,5.0,,,1.0,1,4,Urban Transit Impulse GT,"This cluster consists of small urban GT outlets like paan kiosks, dairies, and tea shops, often near transit points. They cater to on-the-move shoppers seeking quick, affordable impulse purchases, with no premium category sales.","Prioritize counter-top displays and visible merchandising for single-serve, grab-and-go beverage and snack SKUs. Introduce combo offers (e.g., beverage + snack) at Rs. 20-30 price points."
118502.0,2103106,Vadodara,2103106,Mahendra Stationery,Retail,22.309952,73.182102,Gujarat,Vadodara,Vadodara,Vadodara,Urban,Raopura,Stationary Str,Kuber Enterprise,1.43,0.19,0.28,0.31,0.63,87.16,0.16,0.9,0.11,0.32,0.11,0.11,0.11,0.11,8,42,104,3.0,12.0,12.0,199.0,180.0,226.0,365.0,365.0,597.0,578.0,558.0,512.0,165.0,135.0,110.0,1244.0,734.0,626.0,High (>100),,,,,158865.0,No,No,No,No,No,No,No,,,,,GT,Urban,3.4,No,95.0,<200 sqft,Micro Outlet,GUJARAT,Vadodara,yes,,,,,14865.9953,1454.544,,,,,,,,,,,109.0908,763.6356,,,872.736,8849.7942,,,,,,26915.7959,2242.982992,9.25,12,GUJARAT,Retail,201.66666666666663,365.0,587.5,535.0,136.66666666666666,0.11,0.19,0.16,0.11,11.0,54.54,C,150.0,0.0,1,0.0,1.0,2489.47,246.48,9.9,True,C+,1201.0,0.0,0.0,0.0,0.0,0.0,0.0,0.0,0.0,1,1.0,,,,1.0,2,4,Urban Transit Impulse GT,"This cluster consists of small urban GT outlets like paan kiosks, dairies, and tea shops, often near transit points. They cater to on-the-move shoppers seeking quick, affordable impulse purchases, with no premium category sales.","Prioritize counter-top displays and visible merchandising for single-serve, grab-and-go beverage and snack SKUs. Introduce combo offers (e.g., beverage + snack) at Rs. 20-30 price points."
119654.0,2171546,Hyderabad,2171546,Bhavani Stationary,Retail,17.36995,78.515427,Telangana,Hyderabad,Hyderabad unassignd,Hyderabad,Urban,Moosarambagh,Stationary Str,Santhoshi  Enterprises,3.99,0.24,0.28,0.88,0.86,0.07,0.39,0.42,0.15,0.17,0.15,0.15,0.0,0.15,52,177,396,0.0,83.0,0.0,225.0,247.0,296.0,696.0,622.0,993.0,820.0,615.0,511.0,145.0,85.0,88.0,913.0,1633.0,2121.0,Low (<30),35.0,60.0,92.0,17.0,165708.0,No,No,No,No,No,No,No,,,,,GT,Urban,3.0,No,95.0,<200 sqft,Micro Outlet,TELANGANA,Hyderabad,yes,,,,,11745.4428,272.727,2889.936,,,,,,,,,,,199.9998,,,2821.128,19890.8892,,,,,,37820.1228,3151.6769,16.58,12,South India,Retail,256.0,659.0,906.5,563.0,106.0,0.0,0.24,0.07,0.15,52.0,67.66,B,15.0,0.0,1,0.0,1.0,4282.45,1130.78,26.4,True,B+,485.0,0.0,0.0,0.0,0.0,0.0,0.0,0.0,0.0,1,1.0,,,,1.0,3,4,Urban Transit Impulse GT,"This cluster consists of small urban GT outlets like paan kiosks, dairies, and tea shops, often near transit points. They cater to on-the-move shoppers seeking quick, affordable impulse purchases, with no premium category sales.","Prioritize counter-top displays and visible merchandising for single-serve, grab-and-go beverage and snack SKUs. Introduce combo offers (e.g., beverage + snack) at Rs. 20-30 price points."
114868.0,2268527,,2268527,Krishna Tea Shop,Retail,21.8038407,87.22764647,Orissa,Baleshwar,Jaleswar,Jaleswar,Urban,Jaleswar,Tea Shop (Hot),Mm Marketing - Rd,1.76,0.02,46.68,167.49,14.53,0.0,1.05,201.9,45.69,197.19,197.19,197.19,197.19,197.19,19,38,46,0.0,0.0,0.0,21.0,70.0,225.0,245.0,650.0,994.0,599.0,770.0,719.0,326.0,596.0,298.0,1129.0,1612.0,2716.0,High (>100),0.0,0.0,0.0,0.0,378577.0,No,Yes,No,No,No,No,No,Rs. 5,,Rs. 5,,GT,,,No,75.0,<200 sqft,Micro Outlet,ORISSA,Balance,yes,2272.725,,,,1254.5442,,8781.6124,,,,137.616,,,,,,2145.4524,245.4543,,,8195.6586,1945.4526,,,,,,24978.5155,2270.774136,8.36,11,East India,Retail,105.33333333333331,447.5,796.5,744.5,406.6666666666667,197.19,0.02,0.0,45.69,19.0,54.88,C,150.0,0.0,1,0.0,0.0,2467.59,196.82,8.0,True,C+,1217.0,0.0,0.0,1.0,0.0,0.0,0.0,0.0,0.0,1,1.0,5.0,,5.0,1.0,2,4,Urban Transit Impulse GT,"This cluster consists of small urban GT outlets like paan kiosks, dairies, and tea shops, often near transit points. They cater to on-the-move shoppers seeking quick, affordable impulse purchases, with no premium category sales.","Prioritize counter-top displays and visible merchandising for single-serve, grab-and-go beverage and snack SKUs. Introduce combo offers (e.g., beverage + snack) at Rs. 20-30 price points."
120653.0,2470000,Delhi,2470000,Gurukrpa Cefe 1,AFH - Others,28.534521,77.150525,Delhi,Delhi,Delhi,Delhi,Urban,Vasanth Kunj,Tea Shop (Hot),Nirman Retail Holdings,1.8,0.25,0.36,0.52,0.49,0.19,3.09,0.48,0.48,0.48,0.48,0.48,0.48,0.48,6,16,43,2.0,10.0,17.0,1996.0,993.0,1207.0,2231.0,1525.0,2321.0,2276.0,2139.0,1867.0,498.0,361.0,295.0,2727.0,4280.0,7222.0,High (>100),15.0,100.0,589.0,85.0,338574.0,No,Yes,No,No,No,No,No,Rs. 5,,Rs. 5,,GT,Urban,5.10271,Yes,135.0,<200 sqft,Micro Outlet,NEW DELHI,Gurugram,yes,4993.3425,,,,6027.2667,181.818,383.9298,109.0908,,,,,,872.7264,,,2269.2491,1981.8162,,,250.0008,15063.6213,,,,,,32132.8616,3213.28616,11.6,10,North India,OPSC21-AFH - Others,1398.6666666666667,1878.0,2298.5,2003.0,384.6666666666667,0.48,0.25,0.19,0.48,8.0,68.26,B,150.0,1.0,1,0.0,1.0,3525.44,312.16,8.9,True,B+,652.0,1.0,0.0,1.0,0.0,0.0,0.0,0.0,0.0,1,1.0,5.0,,5.0,1.0,3,4,Urban Transit Impulse GT,"This cluster consists of small urban GT outlets like paan kiosks, dairies, and tea shops, often near transit points. They cater to on-the-move shoppers seeking quick, affordable impulse purchases, with no premium category sales.","Prioritize counter-top displays and visible merchandising for single-serve, grab-and-go beverage and snack SKUs. Introduce combo offers (e.g., beverage + snack) at Rs. 20-30 price points."
121579.0,2384700,Amravati,2384700,Mahadev Dudh Dairy,Retail,20.906075,77.7558,Maharashtra,Amravati,Amravati,Amravati,Urban,Navathe Nagar,Dairy str,S.V. Kantute,2.55,0.21,1.25,132.23,0.54,352.37,2.37,0.55,0.25,0.25,0.25,0.25,0.25,0.25,9,54,105,0.0,8.0,42.0,116.0,137.0,170.0,198.0,240.0,392.0,434.0,438.0,463.0,33.0,44.0,37.0,504.0,850.0,991.0,High (>100),132.0,98.0,14.0,4.0,121547.0,No,No,No,No,No,No,No,,,,,GT,Urban,1.3,Yes,95.0,<200 sqft,Micro Outlet,MAHARASHTRA,Balance,yes,,,,,8681.4143,90.909,,,,,,,,,,,,,,,1309.104,16254.5292,,,,,,26335.9565,2194.663042,9.25,12,MAHARASHTRA,Retail,141.0,219.0,413.0,450.5,38.0,0.25,0.21,2.37,0.25,9.0,53.66,C,150.0,1.0,1,0.0,1.0,2766.98,572.31,20.7,True,C+,1088.0,1.0,0.0,0.0,0.0,0.0,0.0,0.0,0.0,1,1.0,,,,1.0,2,4,Urban Transit Impulse GT,"This cluster consists of small urban GT outlets like paan kiosks, dairies, and tea shops, often near transit points. They cater to on-the-move shoppers seeking quick, affordable impulse purchases, with no premium category sales.","Prioritize counter-top displays and visible merchandising for single-serve, grab-and-go beverage and snack SKUs. Introduce combo offers (e.g., beverage + snack) at Rs. 20-30 price points."
121629.0,1841088,Meerut,1841088,Chauhan Dairy,Retail,28.959653,77.729575,Uttar Pradesh,Meerut,Meerut,Meerut,Urban,Karim Nagar,Dairy str,M/S Maheshwari Trading Company-Tt,5.13,0.23,0.76,9.97,0.72,1.14,5.18,0.17,0.13,0.17,0.17,0.17,0.17,0.13,21,64,133,3.0,12.0,22.0,415.0,339.0,422.0,688.0,706.0,1091.0,854.0,730.0,690.0,123.0,127.0,47.0,715.0,1538.0,3352.0,High (>100),9.0,20.0,2.0,0.0,140713.0,No,No,No,No,No,No,No,,,,,GT,Urban,0.2,Yes,105.0,<200 sqft,Micro Outlet,UTTAR PRADESH,Meerut,yes,4672.7226,,,,1599.9984,181.818,1258.9326,0.0,190.9089,,397.3227,,,1109.0898,,,2181.816,899.9991,954.5445,,589.2876,3890.9052,,,,,,17927.3454,1792.73454,22.0,10,UTTAR PRADESH,Retail,392.0,697.0,972.5,710.0,99.0,0.13,0.23,1.14,0.13,24.0,44.96,C,150.0,1.0,1,0.0,1.0,6323.35,4530.62,71.6,True,C+,11.0,1.0,0.0,0.0,0.0,0.0,0.0,0.0,0.0,1,1.0,,,,1.0,2,4,Urban Transit Impulse GT,"This cluster consists of small urban GT outlets like paan kiosks, dairies, and tea shops, often near transit points. They cater to on-the-move shoppers seeking quick, affordable impulse purchases, with no premium category sales.","Prioritize counter-top displays and visible merchandising for single-serve, grab-and-go beverage and snack SKUs. Introduce combo offers (e.g., beverage + snack) at Rs. 20-30 price points."
121859.0,2516673,,2516673,Virender Pan Bhandar,Retail,25.317172,82.87166,Uttar Pradesh,Varanasi,Varanasi,Sajoi,Rural,,Cig / Paan Kiosk,M/S Sidhivinayak Enterprises-Tt,9.96,0.25,2.62,11.93,2.73,3.55,4.45,10.33,9.37,9.37,9.37,9.37,9.37,9.37,6,20,44,0.0,0.0,2.0,5.0,9.0,12.0,18.0,1.0,102.0,167.0,225.0,315.0,149.0,137.0,52.0,81.0,129.0,901.0,Low (<30),128.0,12.0,0.0,0.0,41583.0,Yes,No,No,No,No,No,No,Rs. 5,Rs. 5,,,GT,,,No,50.0,<200 sqft,Micro Outlet,UTTAR PRADESH,Balance,yes,,,,,90.909,,7534.4787,,,,589.2876,,,,,,,236.3634,,,6245.3259,909.09,,,,,,15605.4546,1418.677691,5.91,11,UTTAR PRADESH,Retail,8.666666666666666,9.5,134.5,270.0,112.66666666666669,9.37,0.25,3.55,9.37,6.0,35.36,C,15.0,0.0,1,0.0,0.0,1642.19,223.51,13.6,True,C+,1207.0,0.0,1.0,0.0,0.0,0.0,0.0,0.0,0.0,1,1.0,5.0,5.0,,0.0,2,4,Urban Transit Impulse GT,"This cluster consists of small urban GT outlets like paan kiosks, dairies, and tea shops, often near transit points. They cater to on-the-move shoppers seeking quick, affordable impulse purchases, with no premium category sales.","Prioritize counter-top displays and visible merchandising for single-serve, grab-and-go beverage and snack SKUs. Introduce combo offers (e.g., beverage + snack) at Rs. 20-30 price points."
118772.0,2432074,Ahmadabad,2432074,Vacharaj Pan Poelar,Retail,23.071734,72.674912,Gujarat,Ahmedabad,Ahmedabad City,Ahmedabad,Urban,Nava-Naroda,Cig / Paan Kiosk,Nisarg Services And Sales Pvt Ltd,5.71,0.27,4.6,9.21,5.57,0.05,2.32,1.32,0.3,0.3,0.3,0.3,0.3,0.3,17,40,100,0.0,0.0,0.0,20.0,36.0,44.0,65.0,96.0,143.0,101.0,132.0,138.0,54.0,56.0,28.0,196.0,321.0,629.0,Low (<30),,,,,85468.0,Yes,No,No,No,No,No,No,Rs. 5,Rs. 5,,,GT,Urban,1.4,No,55.0,<200 sqft,Micro Outlet,GUJARAT,Ahmadabad,yes,,,,,9903.1569,90.909,,,,,,,,,,,,,,,136.365,2053.7556,,,,,,12184.1865,1107.653318,4.36,11,GUJARAT,Retail,33.333333333333336,80.5,122.0,135.0,46.0,0.3,0.27,0.05,0.3,17.0,26.02,D,15.0,0.0,1,0.0,1.0,920.53,-187.12,-20.3,False,D,1448.0,0.0,1.0,0.0,0.0,0.0,0.0,0.0,0.0,1,1.0,5.0,5.0,,1.0,1,4,Urban Transit Impulse GT,"This cluster consists of small urban GT outlets like paan kiosks, dairies, and tea shops, often near transit points. They cater to on-the-move shoppers seeking quick, affordable impulse purchases, with no premium category sales.","Prioritize counter-top displays and visible merchandising for single-serve, grab-and-go beverage and snack SKUs. Introduce combo offers (e.g., beverage + snack) at Rs. 20-30 price points."
112076.0,S00775750,Kolkata,S00775750,Sourav Tea,Retail,22.619255,88.382083,West Bengal,Kolkata,Kolkata,Kolkata,Urban,Paikpara,Tea Shop (Hot),Baba Lokenath Agency,2.5,0.19,0.83,2.94,0.03,0.28,1.11,1.71,0.43,0.43,0.43,0.43,0.43,0.43,42,110,215,0.0,7.0,26.0,306.0,373.0,314.0,706.0,678.0,676.0,869.0,1034.0,795.0,351.0,176.0,297.0,1615.0,1520.0,2158.0,High (>100),0.0,0.0,0.0,0.0,292921.0,No,Yes,No,No,No,No,No,Rs. 5,,Rs. 5,,GT,Urban,0.9,No,60.0,<200 sqft,Micro Outlet,WEST BENGAL,Kolkata,yes,36.3636,,,,6654.1436,372.7269,535.2158,,,,,,,,,,,2272.725,,,997.4805,9954.5355,,,,,,20823.1909,1735.265908,15.25,12,East India,Retail,331.0,692.0,772.5,914.5,274.6666666666667,0.43,0.19,0.28,0.43,42.0,43.56,C,150.0,0.0,1,0.0,1.0,3892.7,2157.43,55.4,True,C+,342.0,0.0,0.0,1.0,0.0,0.0,0.0,0.0,0.0,1,1.0,5.0,,5.0,1.0,2,4,Urban Transit Impulse GT,"This cluster consists of small urban GT outlets like paan kiosks, dairies, and tea shops, often near transit points. They cater to on-the-move shoppers seeking quick, affordable impulse purchases, with no premium category sales.","Prioritize counter-top displays and visible merchandising for single-serve, grab-and-go beverage and snack SKUs. Introduce combo offers (e.g., beverage + snack) at Rs. 20-30 price points."
113913.0,2671889,Nagpur,2671889,Cafe Connection,Retail,21.1205192,79.0957341,Maharashtra,Nagpur,Nagpur (Urban),Nagpur,Urban,Chandramani Nagar,Tea Shop (Hot),Soham Corporation,2.4,0.15,0.63,3.69,0.96,463.87,1.54,2.69,0.03,0.13,0.03,0.03,0.03,0.03,24,90,204,7.0,32.0,84.0,34.0,92.0,211.0,244.0,467.0,679.0,405.0,529.0,554.0,220.0,234.0,117.0,815.0,1377.0,1640.0,High (>100),38.0,63.0,5.0,0.0,226644.0,No,Yes,No,No,No,No,No,Rs. 5,,Rs. 5,,GT,Urban,2.8913200000000003,No,60.0,<200 sqft,Micro Outlet,MAHARASHTRA,Nagpur,yes,,,90.909,,490.9086,,68.1825,,,,,,,,,,,,,,68.1825,2458.4976,,,,,,3176.6802,397.085025,3.56,8,MAHARASHTRA,Retail,112.33333333333331,355.5,542.0,541.5,190.3333333333333,0.03,0.15,1.54,0.03,31.0,5.7,D,150.0,0.0,1,0.0,1.0,586.37,189.29,32.3,True,D+,1331.0,0.0,0.0,1.0,0.0,0.0,0.0,0.0,0.0,1,1.0,5.0,,5.0,1.0,1,4,Urban Transit Impulse GT,"This cluster consists of small urban GT outlets like paan kiosks, dairies, and tea shops, often near transit points. They cater to on-the-move shoppers seeking quick, affordable impulse purchases, with no premium category sales.","Prioritize counter-top displays and visible merchandising for single-serve, grab-and-go beverage and snack SKUs. Introduce combo offers (e.g., beverage + snack) at Rs. 20-30 price points."
113113.0,S01279086,,S01279086,Annapurna Pan,Retail,19.24312,73.044777,Maharashtra,Thane,Bhiwandi,Mankoli,Rural,,Cig / Paan Kiosk,S R Enetrprises,4.25,0.3,3.19,7.64,1.07,11.28,2.61,3.33,3.05,3.05,3.05,3.05,3.05,3.05,3,9,26,0.0,0.0,0.0,5.0,15.0,24.0,20.0,2.0,85.0,137.0,177.0,251.0,111.0,91.0,33.0,171.0,209.0,319.0,High (>100),70.0,48.0,30.0,10.0,80436.0,Yes,No,No,No,No,No,No,Rs. 5,Rs. 5,,,GT,,,No,35.0,<200 sqft,Micro Outlet,MAHARASHTRA,Thane,yes,,,,,3418.1784,,,,,,,,,,,,,,,,409.095,10127.2626,,,,,,13954.536,1550.504,7.11,9,MAHARASHTRA,Retail,14.666666666666666,11.0,111.0,214.0,78.33333333333333,3.05,0.3,2.61,3.05,3.0,39.02,C,150.0,0.0,1,0.0,0.0,1882.64,332.14,17.6,True,C+,1176.0,0.0,1.0,0.0,0.0,0.0,0.0,0.0,0.0,1,1.0,5.0,5.0,,0.0,2,4,Urban Transit Impulse GT,"This cluster consists of small urban GT outlets like paan kiosks, dairies, and tea shops, often near transit points. They cater to on-the-move shoppers seeking quick, affordable impulse purchases, with no premium category sales.","Prioritize counter-top displays and visible merchandising for single-serve, grab-and-go beverage and snack SKUs. Introduce combo offers (e.g., beverage + snack) at Rs. 20-30 price points."
120722.0,2201710,Ajmer,2201710,Jorawar Dairy,Retail,26.475457,74.612363,Rajasthan,Ajmer,Ajmer,Ajmer,Urban,Sagar Vihar Colony,Dairy str,Udai Ram And Sons,4.46,111.78,5.36,2.18,0.28,134.28,3.21,0.86,0.5,0.5,0.5,0.5,0.5,0.5,12,42,98,0.0,0.0,0.0,41.0,39.0,50.0,64.0,70.0,111.0,105.0,89.0,92.0,16.0,14.0,10.0,85.0,169.0,364.0,Low (<30),0.0,0.0,0.0,0.0,2687581.0,No,No,No,No,No,No,No,,,,,GT,Urban,1.6,Yes,80.0,<200 sqft,Micro Outlet,RAJASTHAN,Ajmer,yes,18856.1079,,,,15601.1713,1537.549,,3958.8894,,,,,,3378.6528,,,14768.3649,5281.419,,,,12103.5486,,,,,,75485.7029,6290.475242,31.0,12,North India,Retail,43.333333333333336,67.0,108.0,90.5,13.333333333333334,0.5,5.36,3.21,0.5,12.0,86.92,A,15.0,1.0,1,0.0,1.0,8939.22,2648.74,29.6,True,A+,53.0,1.0,0.0,0.0,0.0,0.0,0.0,0.0,0.0,1,1.0,,,,1.0,4,4,Urban Transit Impulse GT,"This cluster consists of small urban GT outlets like paan kiosks, dairies, and tea shops, often near transit points. They cater to on-the-move shoppers seeking quick, affordable impulse purchases, with no premium category sales.","Prioritize counter-top displays and visible merchandising for single-serve, grab-and-go beverage and snack SKUs. Introduce combo offers (e.g., beverage + snack) at Rs. 20-30 price points."
117577.0,2371036,Bhubaneswar,2371036,Sahoo Tea Stall,Retail,20.277341,85.860146,Orissa,Khordha,Bhubaneswar,Bhubaneswar,Urban,Sarla Nagar,Tea Shop (Hot),Shreekhetra Enterprises-Tt,2.28,0.27,0.61,0.83,0.09,0.0,1.88,1.55,0.11,0.11,0.11,0.11,0.11,0.11,14,49,96,3.0,64.0,113.0,103.0,98.0,121.0,249.0,233.0,386.0,341.0,284.0,268.0,42.0,44.0,34.0,485.0,576.0,727.0,Medium (30 to 100),121.0,113.0,36.0,10.0,115977.0,No,Yes,No,No,No,No,No,Rs. 5,,Rs. 5,,GT,Urban,0.7,No,35.0,<200 sqft,Micro Outlet,ORISSA,Bhubaneswar,yes,8264.0238,,,,10399.9896,818.181,2536.3046,999.999,,,495.4176,,,2790.5112,,,5696.4372,4999.995,,,2407.029,16336.3473,,,,,,55744.2353,4645.352942,16.67,12,East India,Retail,107.33333333333331,241.0,363.5,276.0,40.0,0.11,0.27,0.0,0.11,17.0,80.46,A,,0.0,1,0.0,1.0,4432.9,-212.46,-4.8,False,A,349.0,0.0,0.0,1.0,0.0,0.0,0.0,0.0,0.0,1,1.0,5.0,,5.0,1.0,4,4,Urban Transit Impulse GT,"This cluster consists of small urban GT outlets like paan kiosks, dairies, and tea shops, often near transit points. They cater to on-the-move shoppers seeking quick, affordable impulse purchases, with no premium category sales.","Prioritize counter-top displays and visible merchandising for single-serve, grab-and-go beverage and snack SKUs. Introduce combo offers (e.g., beverage + snack) at Rs. 20-30 price points."
118819.0,2391727,,2391727,Sachin Handloom,Retail,27.0335,76.592525,Rajasthan,Dausa,Baswa,Nandera,Rural,,,Rawat Traders,1.68,49.03,22.72,56.07,4.38,151.93,2.63,76.26,22.75,70.31,70.31,70.31,70.31,70.31,2,16,48,0.0,0.0,0.0,3.0,5.0,7.0,10.0,0.0,93.0,154.0,198.0,283.0,157.0,171.0,68.0,100.0,212.0,703.0,Low (<30),0.0,0.0,0.0,0.0,77751.0,No,No,No,No,No,No,No,,,,,Others,,,No,170.0,<200 sqft,Micro Outlet,RAJASTHAN,Balance,yes,1761.5517,,,,2163.6342,90.909,811.434,,,,329.778,,,2620.551,,,3932.4175,1527.2712,,,1703.0192,4654.5408,,,,,,19595.1066,1781.373327,6.36,11,North India,Retail,5.0,5.0,123.5,240.5,132.0,70.31,22.72,2.63,22.75,2.0,44.64,C,15.0,0.0,1,0.0,0.0,2182.76,401.38,18.4,True,C+,1152.0,0.0,0.0,0.0,0.0,0.0,0.0,0.0,0.0,1,1.0,,,,0.0,2,4,Urban Transit Impulse GT,"This cluster consists of small urban GT outlets like paan kiosks, dairies, and tea shops, often near transit points. They cater to on-the-move shoppers seeking quick, affordable impulse purchases, with no premium category sales.","Prioritize counter-top displays and visible merchandising for single-serve, grab-and-go beverage and snack SKUs. Introduce combo offers (e.g., beverage + snack) at Rs. 20-30 price points."
114084.0,2225103,Pune,2225103,Pankaj Fruits And Vegetables,Retail,18.487207,73.798467,Maharashtra,Pune,Pune City,Pune,Urban,Warje Jalshuddikaran Prakalpa,Fruit / Veg Str,Agneev Foods,8.78,0.4,0.69,2.79,0.25,0.14,7.55,1.02,0.35,0.35,0.35,0.35,0.35,0.35,8,34,59,9.0,29.0,54.0,82.0,79.0,98.0,228.0,220.0,394.0,396.0,309.0,306.0,86.0,46.0,19.0,557.0,706.0,651.0,High (>100),27.0,48.0,58.0,60.0,337366.0,No,No,No,No,No,No,No,,,,,GT,Urban,0.9,No,150.0,<200 sqft,Micro Outlet,MAHARASHTRA,Pune,yes,7999.992,,5394.4644,,19790.511,545.454,,,,,,1254.5465,1641.8178,2889.3255,1909.091,13100.4,55894.8087,218.1816,64107.456,,,10022.1264,,,,,,184768.1749,15397.347908,19.08,12,MAHARASHTRA,Retail,86.33333333333333,224.0,395.0,307.5,50.333333333333336,0.35,0.4,0.14,0.35,17.0,97.64,A,150.0,0.0,1,0.0,1.0,5432.45,-9964.9,-183.4,False,A,889.0,0.0,0.0,0.0,0.0,0.0,0.0,0.0,0.0,1,1.0,,,,1.0,4,4,Urban Transit Impulse GT,"This cluster consists of small urban GT outlets like paan kiosks, dairies, and tea shops, often near transit points. They cater to on-the-move shoppers seeking quick, affordable impulse purchases, with no premium category sales.","Prioritize counter-top displays and visible merchandising for single-serve, grab-and-go beverage and snack SKUs. Introduce combo offers (e.g., beverage + snack) at Rs. 20-30 price points."
119358.0,2607090,,2607090,Umiya Parlour,Retail,23.70337,72.548963,Gujarat,Mahesana,Visnagar,Visnagar,Urban,Visnagar,Dairy str,Sadhana Enterprise,2.45,0.05,42.51,20.74,21.45,23.76,16.16,59.06,0.96,18.29,18.29,18.29,18.29,18.29,15,30,33,0.0,0.0,0.0,181.0,413.0,1021.0,1023.0,2090.0,3056.0,1845.0,2330.0,1919.0,823.0,1047.0,524.0,2407.0,5191.0,9085.0,High (>100),,,,,286801.0,No,No,No,No,No,No,No,,,,,GT,,,Yes,100.0,<200 sqft,Micro Outlet,GUJARAT,Balance,yes,,,,,6490.9026,,,,,,,,,,,,,195.2574,,,1363.65,2513.043,,,,,,10562.853,880.23775,4.83,12,GUJARAT,Retail,538.3333333333334,1556.5,2450.5,2124.5,798.0,18.29,0.05,16.16,0.96,15.0,18.8,D,150.0,1.0,1,0.0,0.0,1485.87,605.63,40.8,True,D+,1117.0,1.0,0.0,0.0,0.0,0.0,0.0,0.0,0.0,1,1.0,,,,1.0,1,4,Urban Transit Impulse GT,"This cluster consists of small urban GT outlets like paan kiosks, dairies, and tea shops, often near transit points. They cater to on-the-move shoppers seeking quick, affordable impulse purchases, with no premium category sales.","Prioritize counter-top displays and visible merchandising for single-serve, grab-and-go beverage and snack SKUs. Introduce combo offers (e.g., beverage + snack) at Rs. 20-30 price points."
117457.0,2418578,,2418578,Laxmi Hotel,Retail,23.61564837,85.8460422,Jharkhand,Bokaro,Peteruar,Chandarpura,Rural,,S. Ind Restaurnt,Rudransh Enterprises - Rd,6.09,8.29,50.9,59.51,0.59,0.0,15.56,30.89,18.41,30.89,30.89,30.89,30.89,30.89,17,27,43,0.0,0.0,0.0,5.0,6.0,7.0,6.0,1.0,31.0,50.0,47.0,80.0,26.0,18.0,6.0,21.0,64.0,149.0,Low (<30),0.0,0.0,0.0,0.0,345249.0,No,No,No,No,No,No,No,,,,,Restaurants,,,Yes,165.0,<200 sqft,Micro Outlet,JHARKHAND,Balance,yes,3545.451,,,,8218.1736,,6949.593,,,,,,,,,,6490.9026,981.8172,,,5031.492,9381.8088,,,,,,40599.2382,3383.26985,10.33,12,East India,Retail,6.0,3.5,40.5,63.5,16.666666666666668,30.89,8.29,0.0,18.41,17.0,69.96,B,15.0,1.0,1,0.0,0.0,3478.24,94.97,2.7,True,B+,717.0,1.0,0.0,0.0,0.0,0.0,0.0,0.0,0.0,1,1.0,,,,0.0,3,4,Urban Transit Impulse GT,"This cluster consists of small urban GT outlets like paan kiosks, dairies, and tea shops, often near transit points. They cater to on-the-move shoppers seeking quick, affordable impulse purchases, with no premium category sales.","Prioritize counter-top displays and visible merchandising for single-serve, grab-and-go beverage and snack SKUs. Introduce combo offers (e.g., beverage + snack) at Rs. 20-30 price points."
121402.0,2257175,,2257175,Jagga Pan,Retail,30.129777,77.301308,Haryana,Yamunanagar,Jagadhri,Yamunanagar,Urban,Munda Majra,Cig / Paan Kiosk,Pooja Enterprises-Sdp,4.08,0.47,44.96,49.92,0.01,0.0,1.9,31.56,2.64,31.56,31.56,31.56,31.56,31.56,13,41,79,0.0,0.0,0.0,241.0,238.0,269.0,379.0,586.0,729.0,695.0,626.0,645.0,65.0,83.0,33.0,635.0,1243.0,2275.0,Low (<30),0.0,0.0,0.0,0.0,127304.0,Yes,No,No,No,No,No,No,Rs. 5,Rs. 5,,,GT,,,No,55.0,<200 sqft,Micro Outlet,HARYANA,Balance,yes,6558.0966,,,,1586.1651,,3553.6104,,,,,,,709.0902,,,996.0465,18.1818,,,1138.3965,7209.0837,,,,,,21768.6708,1814.0559,14.17,12,North India,Retail,249.3333333333333,482.5,712.0,635.5,60.333333333333336,31.56,0.47,0.0,2.64,13.0,45.46,C,15.0,0.0,1,0.0,0.0,3791.82,1977.76,52.2,True,C+,409.0,0.0,1.0,0.0,0.0,0.0,0.0,0.0,0.0,1,1.0,5.0,5.0,,1.0,2,4,Urban Transit Impulse GT,"This cluster consists of small urban GT outlets like paan kiosks, dairies, and tea shops, often near transit points. They cater to on-the-move shoppers seeking quick, affordable impulse purchases, with no premium category sales.","Prioritize counter-top displays and visible merchandising for single-serve, grab-and-go beverage and snack SKUs. Introduce combo offers (e.g., beverage + snack) at Rs. 20-30 price points."
117937.0,2138645,,2138645,Puja Ladish Cornar,Retail,22.65124667,87.73125667,West Bengal,Paschim Medinipur,Ghatal unassignd,Ghatal,Urban,Ghatal,,Nandita Enterprise,1.3,0.39,0.93,57.08,1.3,55.34,28.3,41.84,1.06,12.8,12.8,12.8,12.8,12.8,7,26,39,0.0,3.0,3.0,12.0,38.0,251.0,202.0,1110.0,1878.0,1404.0,1834.0,1831.0,802.0,1293.0,647.0,2384.0,3837.0,5392.0,High (>100),0.0,0.0,0.0,0.0,210412.0,No,No,No,No,No,No,No,,,,,Others,,,No,185.0,<200 sqft,Micro Outlet,WEST BENGAL,Balance,yes,6799.2648,,,,1745.4528,90.909,5990.55,636.363,,,110.0928,,,2690.9064,,,3890.9052,218.1816,,,4288.365,2890.9062,,,,,,29351.8968,2668.354255,11.45,11,East India,Retail,100.33333333333331,656.0,1641.0,1832.5,914.0,12.8,0.39,28.3,1.06,7.0,61.08,B,150.0,0.0,1,0.0,0.0,3324.23,655.88,19.7,True,B+,580.0,0.0,0.0,0.0,0.0,0.0,0.0,0.0,0.0,1,1.0,,,,1.0,3,4,Urban Transit Impulse GT,"This cluster consists of small urban GT outlets like paan kiosks, dairies, and tea shops, often near transit points. They cater to on-the-move shoppers seeking quick, affordable impulse purchases, with no premium category sales.","Prioritize counter-top displays and visible merchandising for single-serve, grab-and-go beverage and snack SKUs. Introduce combo offers (e.g., beverage + snack) at Rs. 20-30 price points."
110019.0,2683376,,2683376,Chaman Pan Store,Retail,30.267807,75.235695,Punjab,Bathinda,Rampura Phul,Rampura Phul,Urban,Rampura Phul,Cig / Paan Kiosk,Subhash Karyana Store,5.63,0.23,4.05,29.06,0.94,0.64,0.11,2.17,0.25,2.17,2.17,2.17,0.25,0.25,16,21,24,0.0,0.0,0.0,194.0,396.0,695.0,804.0,1165.0,1596.0,1062.0,1372.0,1301.0,537.0,632.0,316.0,1264.0,2799.0,6331.0,Medium (30 to 100),0.0,0.0,0.0,0.0,218842.0,Yes,No,No,No,No,No,No,Rs. 5,Rs. 5,,,GT,,,No,55.0,<200 sqft,Micro Outlet,PUNJAB,Balance,yes,5254.5402,,,,9799.9902,,64.1374,90.909,,,,,,2018.1798,,,5109.0858,3430.83,,,59.5502,8172.7191,,,,,,33999.9417,3090.903791,14.18,11,North India,Retail,428.3333333333333,984.5,1329.0,1336.5,495.0,0.25,0.23,0.11,0.25,16.0,67.12,B,,0.0,1,0.0,0.0,3735.76,644.86,17.3,True,B+,585.0,0.0,1.0,0.0,0.0,0.0,0.0,0.0,0.0,1,1.0,5.0,5.0,,1.0,3,4,Urban Transit Impulse GT,"This cluster consists of small urban GT outlets like paan kiosks, dairies, and tea shops, often near transit points. They cater to on-the-move shoppers seeking quick, affordable impulse purchases, with no premium category sales.","Prioritize counter-top displays and visible merchandising for single-serve, grab-and-go beverage and snack SKUs. Introduce combo offers (e.g., beverage + snack) at Rs. 20-30 price points."
118502.0,S01471967,Vadodara,S01471967,Khodiyar Dairy Parlour,Retail,22.338703,73.208187,Gujarat,Vadodara,Vadodara,Vadodara,Urban,Raopura,Dairy str,Kuber Enterprise,3.39,0.57,2.98,4.44,4.46,86.36,3.86,2.83,0.41,0.9,0.9,0.9,0.9,0.9,9,33,73,0.0,0.0,5.0,105.0,95.0,119.0,193.0,193.0,315.0,305.0,293.0,271.0,87.0,71.0,58.0,657.0,387.0,331.0,Medium (30 to 100),,,,,158865.0,No,No,No,No,No,No,No,,,,,GT,Urban,0.1,Yes,90.0,<200 sqft,Micro Outlet,GUJARAT,Vadodara,yes,109.0908,,992.095,,9966.7932,1264.822,,,,,,109.091,156.3636,,,,236.3634,977.0748,,,122.7285,6045.0546,,,,,,19979.4769,2497.434613,10.88,8,GUJARAT,Retail,106.33333333333331,193.0,310.0,282.0,72.0,0.9,0.57,3.86,0.41,9.0,58.44,C,,1.0,1,0.0,1.0,3154.75,657.31,20.8,True,C+,1054.0,1.0,0.0,0.0,0.0,0.0,0.0,0.0,0.0,1,1.0,,,,1.0,2,4,Urban Transit Impulse GT,"This cluster consists of small urban GT outlets like paan kiosks, dairies, and tea shops, often near transit points. They cater to on-the-move shoppers seeking quick, affordable impulse purchases, with no premium category sales.","Prioritize counter-top displays and visible merchandising for single-serve, grab-and-go beverage and snack SKUs. Introduce combo offers (e.g., beverage + snack) at Rs. 20-30 price points."
121286.0,2164140,Bhopal,2164140,Maa Siddheswari Dairy,Retail,23.096214,77.517458,Madhya Pradesh,Raisen,Goharganj,Mandideep,Urban,Mandideep,Dairy str,Gg Smart Marketing,7.23,0.14,9.49,14.89,11.34,166.86,0.67,9.06,8.79,8.79,8.79,8.79,8.79,8.79,25,53,64,0.0,0.0,0.0,44.0,87.0,547.0,336.0,1750.0,2947.0,2060.0,2573.0,1907.0,797.0,854.0,427.0,2775.0,4419.0,7006.0,High (>100),0.0,0.0,0.0,0.0,67428.0,No,No,No,No,No,No,No,,,,,GT,Periphery,8.2,Yes,100.0,<200 sqft,Micro Outlet,MADHYA PRADESH,Bhopal,yes,3309.0876,,,,17258.8767,363.636,4119.942,109.0908,,,1151.1456,,,963.6354,,,1727.271,6081.4182,,,6676.0662,33597.603,,,,,,75357.7725,6279.814375,19.5,12,MADHYA PRADESH,Retail,226.0,1043.0,2503.5,2240.0,692.6666666666666,8.79,0.14,0.67,8.79,25.0,86.86,A,150.0,1.0,1,0.0,0.0,5672.95,-606.87,-10.7,False,A,388.0,1.0,0.0,0.0,0.0,0.0,0.0,0.0,0.0,1,1.0,,,,1.0,4,4,Urban Transit Impulse GT,"This cluster consists of small urban GT outlets like paan kiosks, dairies, and tea shops, often near transit points. They cater to on-the-move shoppers seeking quick, affordable impulse purchases, with no premium category sales.","Prioritize counter-top displays and visible merchandising for single-serve, grab-and-go beverage and snack SKUs. Introduce combo offers (e.g., beverage + snack) at Rs. 20-30 price points."
120006.0,2673774,Bhopal,2673774,Manbhawan Pan Massla,Retail,23.2274269,77.4374179,Madhya Pradesh,Bhopal,Huzur,Bhopal,Urban,Maharana Pratab Nagar,Cig / Paan Kiosk,Shobha Associate,3.39,0.27,0.16,0.32,0.3,162.85,0.63,0.75,0.07,0.07,0.07,0.07,0.07,0.07,9,53,130,7.0,14.0,31.0,137.0,114.0,143.0,258.0,238.0,389.0,354.0,299.0,278.0,59.0,48.0,74.0,366.0,641.0,962.0,Medium (30 to 100),77.0,35.0,40.0,9.0,153833.0,Yes,No,No,No,No,No,No,Rs. 5,Rs. 5,,,GT,Urban,3.8,No,45.0,<200 sqft,Micro Outlet,MADHYA PRADESH,Bhopal,yes,72.7272,,,,3638.7338,,412.848,,,,110.0928,,,109.0908,,,272.727,399.9996,,,321.104,3727.269,,,,,,9064.5922,1133.074025,7.88,8,MADHYA PRADESH,Retail,131.33333333333334,248.0,371.5,288.5,60.333333333333336,0.07,0.16,0.63,0.07,16.0,26.78,D,,0.0,1,0.0,1.0,1898.57,765.5,40.3,True,D+,1015.0,0.0,1.0,0.0,0.0,0.0,0.0,0.0,0.0,1,1.0,5.0,5.0,,1.0,1,4,Urban Transit Impulse GT,"This cluster consists of small urban GT outlets like paan kiosks, dairies, and tea shops, often near transit points. They cater to on-the-move shoppers seeking quick, affordable impulse purchases, with no premium category sales.","Prioritize counter-top displays and visible merchandising for single-serve, grab-and-go beverage and snack SKUs. Introduce combo offers (e.g., beverage + snack) at Rs. 20-30 price points."
101812.0,2204477,Bikaner,2204477,Vyas Pan Pallace,Retail,28.004623,73.303128,Rajasthan,Bikaner,Bikaner,Bikaner,Urban,Hammalon Ki Bari,Cig / Paan Kiosk,Jai Marketing,28.34,118.93,0.67,193.19,1.16,164.93,1.68,0.82,0.02,0.02,0.02,0.02,0.02,0.02,35,142,256,7.0,26.0,35.0,22.0,46.0,47.0,66.0,167.0,183.0,228.0,283.0,233.0,47.0,52.0,68.0,112.0,244.0,979.0,Low (<30),76.0,17.0,2.0,2.0,1972727.0,Yes,No,No,No,No,No,No,Rs. 5,Rs. 5,,,GT,Urban,3.1,No,45.0,<200 sqft,Micro Outlet,RAJASTHAN,Bikaner,yes,,,,,945.4536,90.909,205.7985,,,,164.6388,,,90.909,,,109.0908,927.2718,,,251.1284,1527.2712,,,,,,4312.4711,1078.117775,9.25,4,North India,Retail,38.333333333333336,116.5,205.5,258.0,55.66666666666666,0.02,0.67,1.68,0.02,42.0,25.0,D,15.0,0.0,1,0.0,1.0,2035.09,956.97,47.0,True,D+,886.0,0.0,1.0,0.0,0.0,0.0,0.0,0.0,0.0,1,1.0,5.0,5.0,,1.0,1,4,Urban Transit Impulse GT,"This cluster consists of small urban GT outlets like paan kiosks, dairies, and tea shops, often near transit points. They cater to on-the-move shoppers seeking quick, affordable impulse purchases, with no premium category sales.","Prioritize counter-top displays and visible merchandising for single-serve, grab-and-go beverage and snack SKUs. Introduce combo offers (e.g., beverage + snack) at Rs. 20-30 price points."
113064.0,S00048604,Karnal,S00048604,Surender Pan,Retail,29.684837,76.98705,Haryana,Karnal,Karnal,Karnal,Urban,Dayalpura Colony,Cig / Paan Kiosk,Radiance Enterprises - SDP,4.14,0.34,1.38,0.31,0.07,0.0,2.01,0.26,0.26,0.26,0.26,0.26,0.26,0.26,26,59,92,0.0,1.0,1.0,190.0,234.0,229.0,402.0,656.0,688.0,725.0,1064.0,968.0,225.0,281.0,259.0,683.0,1347.0,3347.0,Low (<30),31.0,33.0,11.0,1.0,146760.0,Yes,No,No,No,No,No,No,Rs. 5,Rs. 5,,,GT,Urban,2.9,No,45.0,<200 sqft,Micro Outlet,HARYANA,Karnal,yes,9399.9906,,181.818,,3399.9966,636.363,232.1436,836.3628,,,,,,2636.361,,,9490.8996,999.999,709.0902,,513.3945,8072.7192,,,,,,37109.1381,3092.428175,17.67,12,North India,Retail,217.66666666666663,529.0,706.5,1016.0,255.0,0.26,0.34,0.0,0.26,26.0,67.14,B,15.0,0.0,1,0.0,1.0,4659.92,1567.49,33.6,True,B+,372.0,0.0,1.0,0.0,0.0,0.0,0.0,0.0,0.0,1,1.0,5.0,5.0,,1.0,3,4,Urban Transit Impulse GT,"This cluster consists of small urban GT outlets like paan kiosks, dairies, and tea shops, often near transit points. They cater to on-the-move shoppers seeking quick, affordable impulse purchases, with no premium category sales.","Prioritize counter-top displays and visible merchandising for single-serve, grab-and-go beverage and snack SKUs. Introduce combo offers (e.g., beverage + snack) at Rs. 20-30 price points."
118711.0,2595165,,2595165,Chaurasia Pan,Retail,23.9593164,78.896112,Madhya Pradesh,Sagar,Banda,Alampur Bheda,Rural,,Cig / Paan Kiosk,Aditya Sales,8.24,6.0,21.21,21.0,11.78,330.85,12.09,133.63,59.29,133.02,133.02,133.02,133.02,133.02,0,4,6,0.0,0.0,0.0,0.0,0.0,0.0,2.0,2.0,1.0,2.0,2.0,2.0,30.0,4.0,2.0,6.0,10.0,14.0,Low (<30),0.0,0.0,0.0,0.0,49716.0,Yes,No,No,No,No,No,No,Rs. 5,Rs. 5,,,GT,,,No,45.0,<200 sqft,Micro Outlet,MADHYA PRADESH,Balance,yes,1761.2631,,,,681.8175,,421.8212,,,,,,,,,,449.802,199.9998,,,452.9256,4774.6998,,,,,,8742.329,728.527417,5.67,12,MADHYA PRADESH,Retail,0.0,2.0,1.5,2.0,12.0,133.02,6.0,12.09,21.0,0.0,14.5,D,15.0,0.0,1,0.0,0.0,1709.75,981.22,57.4,True,D+,869.0,0.0,1.0,0.0,0.0,0.0,0.0,0.0,0.0,1,1.0,5.0,5.0,,0.0,1,4,Urban Transit Impulse GT,"This cluster consists of small urban GT outlets like paan kiosks, dairies, and tea shops, often near transit points. They cater to on-the-move shoppers seeking quick, affordable impulse purchases, with no premium category sales.","Prioritize counter-top displays and visible merchandising for single-serve, grab-and-go beverage and snack SKUs. Introduce combo offers (e.g., beverage + snack) at Rs. 20-30 price points."
117127.0,1899496,,1899496,Rizwan Game,Retail,29.69222667,77.67928667,Uttar Pradesh,Saharanpur,Deoband,Deoband,Urban,Deoband,,Tayal Traders-Tt,1.1,0.11,0.97,0.54,0.24,0.72,1.62,29.74,13.97,14.19,13.97,13.97,13.97,13.97,8,15,27,2.0,3.0,6.0,64.0,151.0,663.0,515.0,1872.0,3001.0,2070.0,2600.0,2010.0,882.0,1201.0,600.0,1689.0,2942.0,12097.0,High (>100),0.0,0.0,0.0,0.0,134148.0,No,No,No,No,No,No,No,,,,,Others,,,No,115.0,<200 sqft,Micro Outlet,UTTAR PRADESH,Balance,yes,5054.5404,,,,3299.9967,,1625.0052,,,,160.7148,,,90.909,,,363.636,1518.1803,,,1383.933,5049.0744,,,,,,18545.9898,1545.49915,10.17,12,UTTAR PRADESH,Retail,292.6666666666667,1193.5,2535.5,2305.0,894.3333333333334,13.97,0.11,0.72,0.54,10.0,38.94,C,150.0,0.0,1,0.0,0.0,2804.43,1258.93,44.9,True,C+,784.0,0.0,0.0,0.0,0.0,0.0,0.0,0.0,0.0,1,1.0,,,,1.0,2,4,Urban Transit Impulse GT,"This cluster consists of small urban GT outlets like paan kiosks, dairies, and tea shops, often near transit points. They cater to on-the-move shoppers seeking quick, affordable impulse purchases, with no premium category sales.","Prioritize counter-top displays and visible merchandising for single-serve, grab-and-go beverage and snack SKUs. Introduce combo offers (e.g., beverage + snack) at Rs. 20-30 price points."
120687.0,1899295,,1899295,M Chandra Amul Parlour,Retail,27.229875,79.03072167,Uttar Pradesh,Mainpuri,Mainpuri,Mainpuri,Urban,N'brhd No. 18,Ice Cream Parlour (Chain),Shri Bihari Ji Agencies-Tt,2.78,0.26,0.06,97.6,0.6,0.19,1.49,63.15,0.58,44.96,44.96,44.96,44.96,44.96,62,135,190,15.0,16.0,16.0,20.0,25.0,25.0,47.0,79.0,92.0,97.0,109.0,95.0,13.0,19.0,13.0,70.0,118.0,377.0,High (>100),0.0,0.0,0.0,0.0,66618.0,No,No,No,No,No,No,No,,,,,Ice Cream Parlour,,,Yes,115.0,<200 sqft,Micro Outlet,UTTAR PRADESH,Balance,yes,5327.2674,,,,5471.1436,454.545,1861.6131,,,,1111.6107,,,2818.179,,,4363.632,4999.2072,,,2812.509,12248.2152,,,,,,41467.9222,3455.660183,12.33,12,UTTAR PRADESH,Retail,23.33333333333333,63.0,94.5,102.0,15.0,44.96,0.06,0.19,0.58,77.0,70.64,B,150.0,1.0,1,0.0,0.0,3336.54,-119.12,-3.6,False,B,755.0,1.0,0.0,0.0,0.0,0.0,0.0,0.0,0.0,1,1.0,,,,1.0,3,4,Urban Transit Impulse GT,"This cluster consists of small urban GT outlets like paan kiosks, dairies, and tea shops, often near transit points. They cater to on-the-move shoppers seeking quick, affordable impulse purchases, with no premium category sales.","Prioritize counter-top displays and visible merchandising for single-serve, grab-and-go beverage and snack SKUs. Introduce combo offers (e.g., beverage + snack) at Rs. 20-30 price points."
120006.0,2770543,Bhopal,2770543,Yadav Doodh Dairy,Retail,23.27122,77.51148,Madhya Pradesh,Bhopal,Huzur,Kanasaiya,Rural,,Dairy str,Shobha Associate,7.16,0.43,1.48,8.72,3.35,171.57,8.15,5.33,2.27,2.27,2.27,2.27,2.27,2.27,6,16,29,0.0,3.0,6.0,2.0,7.0,11.0,13.0,1.0,129.0,211.0,226.0,356.0,171.0,186.0,74.0,152.0,279.0,780.0,Low (<30),81.0,21.0,7.0,25.0,52989.0,No,No,No,No,No,No,No,,,,,GT,Periphery,0.2,Yes,105.0,<200 sqft,Micro Outlet,MADHYA PRADESH,Bhopal,yes,4909.086,,,,4899.9951,581.8176,1100.928,672.7266,,,770.6496,,,799.9992,,,3636.36,1527.2712,,,2931.2208,6327.2664,,,,,,28157.3205,3519.665063,21.13,8,MADHYA PRADESH,Retail,6.666666666666667,7.0,170.0,291.0,143.66666666666666,2.27,0.43,8.15,2.27,6.0,71.38,B,15.0,1.0,1,0.0,0.0,6294.83,2775.16,44.1,True,B+,158.0,1.0,0.0,0.0,0.0,0.0,0.0,0.0,0.0,1,1.0,,,,0.0,3,4,Urban Transit Impulse GT,"This cluster consists of small urban GT outlets like paan kiosks, dairies, and tea shops, often near transit points. They cater to on-the-move shoppers seeking quick, affordable impulse purchases, with no premium category sales.","Prioritize counter-top displays and visible merchandising for single-serve, grab-and-go beverage and snack SKUs. Introduce combo offers (e.g., beverage + snack) at Rs. 20-30 price points."
121436.0,2481815,,2481815,Amardip Pan,Retail,23.596738,72.9720944,Gujarat,Sabar Kantha,Himatnagar,Himatnagar,Urban,Khed Tasiya Rd,Cig / Paan Kiosk,Safal Distributors,4.02,0.2,0.26,60.3,1.81,63.86,1.31,57.61,1.13,1.13,1.13,1.13,1.13,1.13,21,59,78,6.0,15.0,22.0,122.0,112.0,135.0,136.0,179.0,238.0,242.0,196.0,221.0,30.0,32.0,74.0,247.0,496.0,744.0,Medium (30 to 100),,,,,479401.0,Yes,No,No,No,No,No,No,Rs. 5,Rs. 5,,,GT,,,No,55.0,<200 sqft,Micro Outlet,GUJARAT,Balance,yes,109.0908,,,,7469.1643,,,,,,,,,,,,654.5448,,,,613.6425,2785.77,,,,,,11632.2124,1163.22124,6.4,10,GUJARAT,Retail,123.0,157.5,240.0,208.5,45.333333333333336,1.13,0.2,1.31,1.13,27.0,27.58,D,,0.0,1,0.0,0.0,1463.0,299.78,20.5,True,D+,1268.0,0.0,1.0,0.0,0.0,0.0,0.0,0.0,0.0,1,1.0,5.0,5.0,,1.0,1,4,Urban Transit Impulse GT,"This cluster consists of small urban GT outlets like paan kiosks, dairies, and tea shops, often near transit points. They cater to on-the-move shoppers seeking quick, affordable impulse purchases, with no premium category sales.","Prioritize counter-top displays and visible merchandising for single-serve, grab-and-go beverage and snack SKUs. Introduce combo offers (e.g., beverage + snack) at Rs. 20-30 price points."
120773.0,1914592,,1914592,Milkbar,AFH - Others,29.970042,78.174028,Uttaranchal,Hardwar,Hardwar,Hardwar,Urban,Hardwar +OG,Dairy str,Shree Ram Provision Store-Tt,5.09,0.2,24.82,9.33,7.72,0.0,1.24,9.77,2.94,9.77,9.77,9.77,9.77,9.77,11,18,28,0.0,0.0,0.0,699.0,1524.0,3239.0,3448.0,6057.0,8611.0,5436.0,6851.0,5518.0,2270.0,2400.0,1200.0,7954.0,13934.0,32432.0,High (>100),0.0,0.0,0.0,0.0,265446.0,No,No,No,No,No,No,No,,,,,GT,,,Yes,95.0,<200 sqft,Micro Outlet,UTTARANCHAL,Balance,yes,6820.7072,,,,4853.8491,263.6361,370.7438,308.3001,,,,,,1596.0459,,545.454,2575.5337,1035.5722,272.727,185.185,659.5362,7207.2105,148.148,,,,,26842.6488,2440.2408,29.45,11,North India,OPSC21-AFH - Others,1820.6666666666667,4752.5,7023.5,6184.5,1956.6666666666667,9.77,0.2,0.0,2.94,11.0,57.54,C,150.0,1.0,1,0.0,0.0,8542.02,6101.78,71.4,True,C+,2.0,1.0,0.0,0.0,0.0,0.0,0.0,0.0,0.0,1,1.0,,,,1.0,2,4,Urban Transit Impulse GT,"This cluster consists of small urban GT outlets like paan kiosks, dairies, and tea shops, often near transit points. They cater to on-the-move shoppers seeking quick, affordable impulse purchases, with no premium category sales.","Prioritize counter-top displays and visible merchandising for single-serve, grab-and-go beverage and snack SKUs. Introduce combo offers (e.g., beverage + snack) at Rs. 20-30 price points."
120553.0,S00790663,Patna,S00790663,Budha Stationary,Retail,25.599915,85.130277,Bihar,Patna,Patna Rural,Patna,Urban,Hanuman Mandir,Stationary Str,Manu Enterprises - Tt,1.97,0.13,0.51,1.24,1.06,0.0,0.77,0.68,0.03,0.03,0.03,0.03,0.03,0.03,29,112,225,7.0,48.0,75.0,125.0,143.0,154.0,457.0,482.0,658.0,484.0,534.0,459.0,190.0,171.0,234.0,433.0,820.0,2444.0,Low (<30),62.0,35.0,22.0,8.0,249469.0,No,No,No,No,No,No,No,,,,,GT,Urban,2.6,No,90.0,<200 sqft,Micro Outlet,BIHAR,Patna,yes,,,,,81.8181,,1704.656,,,,,,,,,,,,,,232.6962,63.6363,,,,,,2082.8066,173.567217,5.17,12,East India,Retail,140.66666666666666,469.5,571.0,496.5,198.3333333333333,0.03,0.13,0.0,0.03,36.0,1.48,D,15.0,0.0,1,0.0,1.0,1166.27,992.71,85.1,True,D+,861.0,0.0,0.0,0.0,0.0,0.0,0.0,0.0,0.0,1,1.0,,,,1.0,1,4,Urban Transit Impulse GT,"This cluster consists of small urban GT outlets like paan kiosks, dairies, and tea shops, often near transit points. They cater to on-the-move shoppers seeking quick, affordable impulse purchases, with no premium category sales.","Prioritize counter-top displays and visible merchandising for single-serve, grab-and-go beverage and snack SKUs. Introduce combo offers (e.g., beverage + snack) at Rs. 20-30 price points."
120777.0,2131270,Gwalior,2131270,Mangal Ice Cream,Retail,26.235941,78.154476,Madhya Pradesh,Gwalior,Gird,Gwalior,Urban,Suraj Nagar Colony,Ice Cream Parlour (Stand-alone),Jai Shiv Agency-Gwalior,2.81,0.05,0.37,32.54,0.29,445.66,1.96,3.17,0.2,0.2,0.2,0.2,0.2,0.2,23,53,120,5.0,13.0,32.0,22.0,26.0,31.0,47.0,61.0,94.0,94.0,108.0,107.0,15.0,18.0,11.0,65.0,151.0,376.0,Medium (30 to 100),0.0,0.0,0.0,0.0,121617.0,No,No,No,No,No,No,No,,,,,GT,Urban,0.7,Yes,165.0,<200 sqft,Micro Outlet,MADHYA PRADESH,Gwalior,yes,61625.2356,,,,16765.2108,,275.232,7758.0954,3136.3605,,,,234.5454,12980.2245,,,39331.1874,109.0908,11368.764,,206.424,18365.2092,,,,,,172155.5796,14346.2983,20.5,12,MADHYA PRADESH,Retail,26.33333333333333,54.0,94.0,107.5,14.666666666666666,0.2,0.05,1.96,0.2,28.0,97.22,A,,1.0,1,0.0,1.0,6047.14,-8299.16,-137.2,False,A,873.0,1.0,0.0,0.0,0.0,0.0,0.0,0.0,0.0,1,1.0,,,,1.0,4,4,Urban Transit Impulse GT,"This cluster consists of small urban GT outlets like paan kiosks, dairies, and tea shops, often near transit points. They cater to on-the-move shoppers seeking quick, affordable impulse purchases, with no premium category sales.","Prioritize counter-top displays and visible merchandising for single-serve, grab-and-go beverage and snack SKUs. Introduce combo offers (e.g., beverage + snack) at Rs. 20-30 price points."
118690.0,2699753,Delhi,2699753,S K Paan Bhandar,Retail,28.576497,77.079352,Delhi,Delhi,Delhi,Delhi,Urban,Bijwasan,Cig / Paan Kiosk,Nirman Retail Holdings,5.71,0.15,0.27,4.92,0.3,0.29,1.4,1.05,0.36,0.36,0.36,0.36,0.36,0.36,17,45,93,3.0,14.0,20.0,1773.0,930.0,1118.0,1873.0,1691.0,2412.0,2335.0,2063.0,1945.0,435.0,344.0,122.0,2466.0,4972.0,7650.0,High (>100),17.0,546.0,2166.0,127.0,342287.0,Yes,No,No,No,No,No,No,Rs. 5,Rs. 5,,,GT,Urban,6.471760000000001,Yes,50.0,<200 sqft,Micro Outlet,NEW DELHI,Delhi,yes,,,199.9998,,4145.4504,,3398.9346,,,,482.1444,,,,,,,763.6356,,,2477.6865,4754.5407,,,,,,16222.392,1474.762909,10.09,11,North India,Retail,1273.6666666666667,1782.0,2373.5,2004.0,300.3333333333333,0.36,0.15,0.29,0.36,20.0,36.9,C,150.0,1.0,1,0.0,1.0,2837.61,1362.85,48.0,True,C+,728.0,1.0,1.0,0.0,0.0,0.0,0.0,0.0,0.0,1,1.0,5.0,5.0,,1.0,2,4,Urban Transit Impulse GT,"This cluster consists of small urban GT outlets like paan kiosks, dairies, and tea shops, often near transit points. They cater to on-the-move shoppers seeking quick, affordable impulse purchases, with no premium category sales.","Prioritize counter-top displays and visible merchandising for single-serve, grab-and-go beverage and snack SKUs. Introduce combo offers (e.g., beverage + snack) at Rs. 20-30 price points."
106293.0,2494198,,2494198,Prince Tea Stall,Retail,29.576312,74.335128,Rajasthan,Hanumangarh,Hanumangarh,Hanumangarh,Urban,Mukherjee Colony,Tea Shop (Hot),Shubham Trading Company,9.6,0.4,7.81,287.54,0.87,153.94,0.42,198.76,26.7,151.59,151.59,151.59,151.59,151.59,22,53,60,0.0,0.0,0.0,96.0,85.0,105.0,114.0,143.0,197.0,178.0,177.0,180.0,33.0,42.0,139.0,168.0,364.0,817.0,Low (<30),0.0,0.0,0.0,0.0,3894459.0,No,Yes,No,No,No,No,No,Rs. 5,,Rs. 5,,GT,,,No,85.0,<200 sqft,Micro Outlet,RAJASTHAN,Balance,yes,,,,,7545.447,727.272,218.184,,,,109.092,,,,,,,3545.451,,,218.184,9745.4448,,,,,,22109.0748,1842.4229,10.25,12,North India,Retail,95.33333333333331,128.5,187.5,178.5,71.33333333333333,151.59,0.4,0.42,26.7,22.0,46.18,C,15.0,0.0,1,0.0,0.0,2870.55,1028.12,35.8,True,C+,891.0,0.0,0.0,1.0,0.0,0.0,0.0,0.0,0.0,1,1.0,5.0,,5.0,1.0,2,4,Urban Transit Impulse GT,"This cluster consists of small urban GT outlets like paan kiosks, dairies, and tea shops, often near transit points. They cater to on-the-move shoppers seeking quick, affordable impulse purchases, with no premium category sales.","Prioritize counter-top displays and visible merchandising for single-serve, grab-and-go beverage and snack SKUs. Introduce combo offers (e.g., beverage + snack) at Rs. 20-30 price points."
116922.0,2143554,Delhi,2143554,Ss Pan,Retail,28.693848,77.060903,Delhi,Delhi,Delhi,Delhi,Urban,Prem Nagar,Cig / Paan Kiosk,Super Agencies,4.79,0.14,0.77,4.21,0.64,0.01,0.9,2.81,1.01,1.01,1.01,1.01,1.01,1.01,27,111,185,1.0,7.0,10.0,1611.0,728.0,677.0,827.0,1547.0,1694.0,2261.0,4452.0,3786.0,931.0,991.0,577.0,1759.0,3752.0,12923.0,High (>100),185.0,1893.0,1233.0,0.0,189579.0,Yes,No,No,No,No,No,No,Rs. 5,Rs. 5,,,GT,Urban,9.23668,No,45.0,<200 sqft,Micro Outlet,NEW DELHI,Delhi,yes,1286.1648,,90.909,,17894.8458,4409.0865,7464.3096,,,,2035.7208,,,431.6202,,,781.8174,3117.7848,,,7968.7755,28830.0168,,,,,,74311.0512,6192.5876,24.0,12,North India,Retail,1005.3333333333334,1187.0,1977.5,4119.0,833.0,1.01,0.14,0.01,1.01,28.0,86.48,A,150.0,0.0,1,0.0,1.0,6469.58,277.0,4.3,True,A+,285.0,0.0,1.0,0.0,0.0,0.0,0.0,0.0,0.0,1,1.0,5.0,5.0,,1.0,4,4,Urban Transit Impulse GT,"This cluster consists of small urban GT outlets like paan kiosks, dairies, and tea shops, often near transit points. They cater to on-the-move shoppers seeking quick, affordable impulse purchases, with no premium category sales.","Prioritize counter-top displays and visible merchandising for single-serve, grab-and-go beverage and snack SKUs. Introduce combo offers (e.g., beverage + snack) at Rs. 20-30 price points."
119463.0,S01062340,,S01062340,Dinesh Vijay Ghee Wala,Retail,21.626249,73.000063,Gujarat,Bharuch,Anklesvar,Anklesvar,Urban,Anklesvar,Dairy str,Nilkanth Trading,3.7,0.13,1.23,52.61,8.88,105.63,0.14,49.0,1.0,1.0,1.0,1.0,1.0,1.0,11,28,41,0.0,1.0,1.0,258.0,479.0,1367.0,1126.0,2656.0,3981.0,2450.0,3044.0,2237.0,911.0,876.0,438.0,3515.0,6505.0,9655.0,High (>100),,,,,196577.0,No,No,No,No,No,No,No,,,,,GT,,,Yes,90.0,<200 sqft,Micro Outlet,GUJARAT,Balance,yes,1636.362,,,,1399.9986,,,109.0908,,,,,,,,,109.0908,227.2725,,,504.5505,1709.0892,,,,,,5695.4544,711.9318,4.38,8,GUJARAT,Retail,701.3333333333334,1891.0,3215.5,2640.5,741.6666666666666,1.0,0.13,0.14,1.0,11.0,14.12,D,150.0,1.0,1,0.0,0.0,1286.11,574.17,44.6,True,D+,1138.0,1.0,0.0,0.0,0.0,0.0,0.0,0.0,0.0,1,1.0,,,,1.0,1,4,Urban Transit Impulse GT,"This cluster consists of small urban GT outlets like paan kiosks, dairies, and tea shops, often near transit points. They cater to on-the-move shoppers seeking quick, affordable impulse purchases, with no premium category sales.","Prioritize counter-top displays and visible merchandising for single-serve, grab-and-go beverage and snack SKUs. Introduce combo offers (e.g., beverage + snack) at Rs. 20-30 price points."
115470.0,1860611,Ahmadabad,1860611,Khodiyar Dairy Parlour,Retail,22.969715,72.599625,Gujarat,Ahmedabad,Ahmedabad City,Ahmedabad,Urban,Isanpur,Dairy str,Netlink Systems-Ahmedabad,4.39,0.29,0.79,7.25,3.95,0.58,3.34,0.72,0.47,0.47,0.47,0.47,0.47,0.47,20,77,144,1.0,1.0,5.0,23.0,46.0,155.0,124.0,342.0,527.0,297.0,375.0,314.0,127.0,127.0,64.0,467.0,1046.0,1456.0,High (>100),,,,,164569.0,No,No,No,No,No,No,No,,,,,GT,Urban,1.9,Yes,85.0,<200 sqft,Micro Outlet,GUJARAT,Ahmadabad,yes,,,,,11120.941,,,,,,,,,,,,,,,,381.822,958.893,,,,,,12461.656,1038.471333,3.83,12,GUJARAT,Retail,74.66666666666667,233.0,412.0,344.5,106.0,0.47,0.29,0.58,0.47,21.0,24.04,D,150.0,1.0,1,0.0,1.0,1126.85,88.38,7.8,True,D+,1371.0,1.0,0.0,0.0,0.0,0.0,0.0,0.0,0.0,1,1.0,,,,1.0,1,4,Urban Transit Impulse GT,"This cluster consists of small urban GT outlets like paan kiosks, dairies, and tea shops, often near transit points. They cater to on-the-move shoppers seeking quick, affordable impulse purchases, with no premium category sales.","Prioritize counter-top displays and visible merchandising for single-serve, grab-and-go beverage and snack SKUs. Introduce combo offers (e.g., beverage + snack) at Rs. 20-30 price points."
115470.0,1662100,Ahmadabad,1662100,Tawwkal Parlor,Retail,22.978785,72.5101,Gujarat,Ahmedabad,Ahmedabad City,Ahmedabad,Urban,Sarkhej-Lambha I,Dairy str,Netlink Systems-Ahmedabad,6.25,0.65,3.63,3.71,4.29,0.95,1.34,1.3,0.54,0.67,0.54,0.54,0.54,0.54,9,45,78,0.0,0.0,0.0,3.0,5.0,15.0,13.0,32.0,49.0,35.0,45.0,42.0,17.0,17.0,9.0,49.0,89.0,200.0,Medium (30 to 100),,,,,126087.0,No,No,No,No,No,No,No,,,,,GT,Urban,1.8,Yes,95.0,<200 sqft,Micro Outlet,GUJARAT,Ahmadabad,yes,90.909,,399.9996,,3195.2544,,68.1825,,,,,,,,,,90.909,236.3634,,,1993.1021,1249.8018,,,,,,7324.5218,915.565225,8.38,8,GUJARAT,Retail,7.666666666666667,22.5,42.0,43.5,14.333333333333334,0.54,0.65,0.95,0.54,9.0,20.12,D,,1.0,1,0.0,1.0,2454.28,1538.71,62.7,True,D+,466.0,1.0,0.0,0.0,0.0,0.0,0.0,0.0,0.0,1,1.0,,,,1.0,1,4,Urban Transit Impulse GT,"This cluster consists of small urban GT outlets like paan kiosks, dairies, and tea shops, often near transit points. They cater to on-the-move shoppers seeking quick, affordable impulse purchases, with no premium category sales.","Prioritize counter-top displays and visible merchandising for single-serve, grab-and-go beverage and snack SKUs. Introduce combo offers (e.g., beverage + snack) at Rs. 20-30 price points."
118772.0,S01132744,Ahmadabad,S01132744,Luxmi Corner,Retail,22.994948,72.613687,Gujarat,Ahmedabad,Ahmedabad City,Ahmedabad,Urban,Maninagar,Chats & Snacks (Stand-alone),Nisarg Services And Sales Pvt Ltd,6.06,0.18,0.44,6.43,0.83,0.08,0.48,0.2,0.1,0.1,0.1,0.1,0.1,0.1,35,107,233,5.0,14.0,21.0,51.0,95.0,278.0,232.0,634.0,987.0,629.0,798.0,669.0,261.0,231.0,115.0,770.0,1313.0,2721.0,High (>100),,,,,131209.0,No,No,No,No,No,No,No,,,,,GT,Urban,1.3,No,100.0,<200 sqft,Micro Outlet,GUJARAT,Ahmadabad,yes,6588.1359,,1599.9984,,13184.1788,1745.4528,409.095,1254.5442,,,,,,1577.0736,,,9660.8601,1358.8926,,,500.005,10076.6718,,,,,,47954.9082,3996.24235,21.42,12,GUJARAT,Retail,141.33333333333334,433.0,808.0,733.5,202.3333333333333,0.1,0.18,0.08,0.1,40.0,75.54,B,150.0,0.0,1,0.0,1.0,5796.12,1799.88,31.1,True,B+,325.0,0.0,0.0,0.0,0.0,0.0,0.0,0.0,0.0,1,1.0,,,,1.0,3,4,Urban Transit Impulse GT,"This cluster consists of small urban GT outlets like paan kiosks, dairies, and tea shops, often near transit points. They cater to on-the-move shoppers seeking quick, affordable impulse purchases, with no premium category sales.","Prioritize counter-top displays and visible merchandising for single-serve, grab-and-go beverage and snack SKUs. Introduce combo offers (e.g., beverage + snack) at Rs. 20-30 price points."
116910.0,2527885,,2527885,Harsidhhi Parlour,Retail,23.247342,72.642464,Gujarat,Gandhinagar,Gandhinagar,Gandhinagar (Guj),Urban,Gandhinagar (Guj),Dairy str,Dhanlaxmi Traders,3.57,0.33,3.21,16.53,14.68,16.38,1.87,7.67,1.92,7.67,7.67,7.67,7.67,7.67,10,41,63,0.0,0.0,0.0,1318.0,2263.0,3768.0,4094.0,5633.0,7687.0,4217.0,5444.0,5310.0,2115.0,2195.0,1097.0,7351.0,14651.0,21952.0,High (>100),,,,,162796.0,No,No,No,No,No,No,No,,,,,GT,,,Yes,100.0,<200 sqft,Micro Outlet,GUJARAT,Balance,yes,,,,,1436.3622,,272.73,,,,,,,,,,,,,,8189.7952,3906.7236,,,,,,13805.611,1150.467583,2.83,12,GUJARAT,Retail,2449.6666666666665,4863.5,5952.0,5377.0,1802.3333333333333,7.67,0.33,1.87,1.92,10.0,27.24,D,150.0,1.0,1,0.0,0.0,956.59,-193.88,-20.3,False,D,1451.0,1.0,0.0,0.0,0.0,0.0,0.0,0.0,0.0,1,1.0,,,,1.0,1,4,Urban Transit Impulse GT,"This cluster consists of small urban GT outlets like paan kiosks, dairies, and tea shops, often near transit points. They cater to on-the-move shoppers seeking quick, affordable impulse purchases, with no premium category sales.","Prioritize counter-top displays and visible merchandising for single-serve, grab-and-go beverage and snack SKUs. Introduce combo offers (e.g., beverage + snack) at Rs. 20-30 price points."
117439.0,2300842,,2300842,Coffie Housen,Retail,22.723522,88.395677,West Bengal,N. 24 Parganas,Khardaha unassignd,Khardaha,Urban,Kalyan Nagar (E),,Maa Enterprise,1.01,0.54,1.53,11.56,1.56,10.17,1.91,5.27,2.72,5.27,2.93,2.93,2.93,2.93,8,36,89,0.0,3.0,6.0,91.0,133.0,114.0,228.0,289.0,250.0,308.0,375.0,329.0,112.0,139.0,260.0,809.0,733.0,712.0,Low (<30),0.0,0.0,0.0,0.0,159823.0,No,No,No,No,No,No,No,,,,,Others,,,No,60.0,<200 sqft,Micro Outlet,WEST BENGAL,Balance,yes,,,,,90.909,,3231.162,,,,,,,,,,,,,,2114.721,272.727,,,,,,5709.519,519.047182,3.18,11,East India,Retail,112.66666666666669,258.5,279.0,352.0,170.33333333333334,2.93,0.54,1.91,2.72,8.0,8.54,D,15.0,0.0,1,0.0,0.0,676.7,157.65,23.3,True,D+,1342.0,0.0,0.0,0.0,0.0,0.0,0.0,0.0,0.0,1,1.0,,,,1.0,1,4,Urban Transit Impulse GT,"This cluster consists of small urban GT outlets like paan kiosks, dairies, and tea shops, often near transit points. They cater to on-the-move shoppers seeking quick, affordable impulse purchases, with no premium category sales.","Prioritize counter-top displays and visible merchandising for single-serve, grab-and-go beverage and snack SKUs. Introduce combo offers (e.g., beverage + snack) at Rs. 20-30 price points."
121402.0,2439462,,2439462,Shiv Diary,Retail,30.142848,77.283668,Haryana,Yamunanagar,Jagadhri,Yamunanagar,Urban,Bank Colony,Dairy str,Pooja Enterprises-Sdp,5.38,0.3,42.92,49.89,0.95,0.0,2.86,30.24,2.1,30.24,30.24,30.24,30.24,30.24,17,54,116,0.0,0.0,0.0,150.0,116.0,144.0,201.0,226.0,334.0,262.0,177.0,194.0,28.0,30.0,5.0,248.0,527.0,900.0,Medium (30 to 100),0.0,0.0,0.0,0.0,127304.0,No,No,No,No,No,No,No,,,,,GT,,,Yes,110.0,<200 sqft,Micro Outlet,HARYANA,Balance,yes,18236.3454,,,,7454.538,845.4537,133.929,1599.9984,,,,,,3290.9058,,,9290.8998,5401.5858,,,4.4643,15306.7122,,,,,,61564.8324,5596.802945,18.55,11,North India,Retail,136.66666666666666,213.5,298.0,185.5,21.0,30.24,0.3,0.0,2.1,17.0,84.66,A,,1.0,1,0.0,0.0,5410.63,-186.17,-3.4,False,A,347.0,1.0,0.0,0.0,0.0,0.0,0.0,0.0,0.0,1,1.0,,,,1.0,4,4,Urban Transit Impulse GT,"This cluster consists of small urban GT outlets like paan kiosks, dairies, and tea shops, often near transit points. They cater to on-the-move shoppers seeking quick, affordable impulse purchases, with no premium category sales.","Prioritize counter-top displays and visible merchandising for single-serve, grab-and-go beverage and snack SKUs. Introduce combo offers (e.g., beverage + snack) at Rs. 20-30 price points."
114537.0,S01416733,,S01416733,Bittu Saluja Tea Stall,Retail,29.926801,75.559063,Punjab,Mansa,Budhlada,Budhlada,Urban,Budhlada,Tea Shop (Hot),Sai Trading Co,4.7,0.24,1.09,49.87,0.83,29.89,1.04,9.56,0.18,9.56,9.56,9.56,0.18,0.18,14,19,21,1.0,2.0,2.0,68.0,128.0,334.0,291.0,626.0,923.0,576.0,735.0,647.0,274.0,343.0,172.0,556.0,1430.0,3309.0,High (>100),0.0,0.0,0.0,0.0,262683.0,No,Yes,No,No,No,No,No,Rs. 5,,Rs. 5,,GT,,,No,90.0,<200 sqft,Micro Outlet,PUNJAB,Balance,yes,6218.9664,,,,3941.1034,409.0905,439.4538,727.272,,,,,,1297.2321,,,3109.0881,1236.3624,,,1446.8864,10705.1282,,,,,,29530.5833,2460.881942,14.58,12,North India,Retail,176.66666666666666,458.5,749.5,691.0,263.0,0.18,0.24,1.04,0.18,15.0,57.86,C,150.0,0.0,1,0.0,0.0,3962.52,1501.63,37.9,True,C+,653.0,0.0,0.0,1.0,0.0,0.0,0.0,0.0,0.0,1,1.0,5.0,,5.0,1.0,2,4,Urban Transit Impulse GT,"This cluster consists of small urban GT outlets like paan kiosks, dairies, and tea shops, often near transit points. They cater to on-the-move shoppers seeking quick, affordable impulse purchases, with no premium category sales.","Prioritize counter-top displays and visible merchandising for single-serve, grab-and-go beverage and snack SKUs. Introduce combo offers (e.g., beverage + snack) at Rs. 20-30 price points."
120744.0,2463268,Visakhapatnam,2463268,Sai Srinvas Panshop,Retail,17.742097,83.342987,Andhra Pradesh,Visakhapatnam,Visakhapatnam (Urban),Visakhapatnam,Urban,Muvvalavanipalem,Cig / Paan Kiosk,Sri Vigneswara Agencies,0.9,0.3,0.44,3.31,0.1,0.0,6.02,2.74,0.3,0.3,0.3,0.3,0.3,0.3,18,50,86,15.0,44.0,82.0,207.0,177.0,211.0,404.0,354.0,532.0,457.0,385.0,301.0,88.0,55.0,168.0,649.0,1235.0,844.0,Medium (30 to 100),39.0,23.0,34.0,2.0,99327.0,Yes,No,No,No,No,No,No,Rs. 5,Rs. 5,,,GT,Urban,0.2,No,55.0,<200 sqft,Micro Outlet,ANDHRA PRADESH,Visakhapatnam,yes,,,90.909,,927.2718,90.909,6806.9895,,,,,,,,,,,,,,6452.331,1840.3164,,,,,,16208.7267,1620.87267,12.3,10,South India,Retail,198.3333333333333,379.0,494.5,343.0,103.66666666666669,0.3,0.3,0.0,0.3,33.0,40.68,C,,0.0,1,0.0,1.0,3166.03,1545.16,48.8,True,C+,623.0,0.0,1.0,0.0,0.0,0.0,0.0,0.0,0.0,1,1.0,5.0,5.0,,1.0,2,4,Urban Transit Impulse GT,"This cluster consists of small urban GT outlets like paan kiosks, dairies, and tea shops, often near transit points. They cater to on-the-move shoppers seeking quick, affordable impulse purchases, with no premium category sales.","Prioritize counter-top displays and visible merchandising for single-serve, grab-and-go beverage and snack SKUs. Introduce combo offers (e.g., beverage + snack) at Rs. 20-30 price points."
111828.0,2281594,,2281594,Bittu Dhaba,Retail,31.117733,76.162337,Punjab,Nawanshahr,Nawanshahr,Jethu Mazara,Rural,,N. Ind Restaurnt,Narinder Pal & Co,10.44,2.54,4.36,30.71,1.44,38.97,5.13,2.9,1.38,2.9,2.9,2.9,1.38,1.38,2,8,12,0.0,0.0,0.0,4.0,7.0,10.0,8.0,1.0,46.0,75.0,35.0,107.0,18.0,11.0,4.0,45.0,75.0,173.0,Low (<30),0.0,0.0,0.0,0.0,213790.0,No,No,No,No,No,No,No,,,,,Restaurants,,,Yes,235.0,200–300 sqft,Small Outlet,PUNJAB,Balance,yes,134843.3577,,,,9454.536,3127.2696,91.7391,8664.8136,5579.0465,,,,,23052.9417,,681.8175,89330.3463,40190.8689,19895.2405,2202.02,32.0687,6054.5394,,,,,,343200.6055,28600.050458,32.25,12,North India,Retail,7.0,4.5,60.5,71.0,11.0,1.38,2.54,5.13,1.38,2.0,99.08,A,15.0,1.0,1,0.0,0.0,9874.4,-18725.65,-189.6,False,A,950.0,1.0,0.0,0.0,0.0,0.0,0.0,0.0,0.0,1,2.0,,,,0.0,4,4,Urban Transit Impulse GT,"This cluster consists of small urban GT outlets like paan kiosks, dairies, and tea shops, often near transit points. They cater to on-the-move shoppers seeking quick, affordable impulse purchases, with no premium category sales.","Prioritize counter-top displays and visible merchandising for single-serve, grab-and-go beverage and snack SKUs. Introduce combo offers (e.g., beverage + snack) at Rs. 20-30 price points."
118872.0,2205113,Delhi,2205113,Ananya Dairy,Retail,28.728835,77.213966,Delhi,Delhi,Delhi,Delhi,Urban,Jharoda,Dairy Str (Stand-alone),Rudhra Food Products Pvt Ltd,3.61,0.07,1.92,4.11,0.64,0.76,3.5,2.17,0.63,1.08,0.63,0.63,0.63,0.63,8,39,73,0.0,1.0,2.0,2247.0,1071.0,1174.0,1703.0,2124.0,2441.0,2506.0,2745.0,2522.0,527.0,449.0,246.0,2164.0,4827.0,10771.0,Medium (30 to 100),23.0,474.0,1947.0,139.0,302507.0,No,No,No,No,No,No,No,Rs. 5,,,,GT,Urban,4.2269,Yes,105.0,<200 sqft,Micro Outlet,NEW DELHI,Delhi,yes,0.0,,,,1877.4704,272.727,1199.637,,,,211.9968,,,0.0,,,0.0,863.2416,,,910.7172,3875.8902,,,,,,9211.6802,1023.520022,12.3,9,North India,Retail,1497.3333333333333,1913.5,2473.5,2633.5,407.3333333333333,0.63,0.07,0.76,0.63,8.0,23.64,D,,1.0,1,0.0,1.0,3624.88,2601.36,71.8,True,D+,104.0,1.0,0.0,0.0,0.0,0.0,0.0,0.0,0.0,1,1.0,5.0,,,1.0,1,4,Urban Transit Impulse GT,"This cluster consists of small urban GT outlets like paan kiosks, dairies, and tea shops, often near transit points. They cater to on-the-move shoppers seeking quick, affordable impulse purchases, with no premium category sales.","Prioritize counter-top displays and visible merchandising for single-serve, grab-and-go beverage and snack SKUs. Introduce combo offers (e.g., beverage + snack) at Rs. 20-30 price points."
115561.0,1504100,Muzaffarpur,1504100,Sachin Pan,Retail,26.1268,85.374442,Bihar,Muzaffarpur,Musahari,Muzaffarpur,Urban,Imli Chatti Chowk,Cig / Paan Kiosk,Prabhat Traders,1.5,0.24,0.94,1.87,1.33,0.0,0.72,1.6,1.6,1.6,1.6,1.6,1.6,1.6,18,77,151,37.0,47.0,59.0,63.0,97.0,92.0,187.0,294.0,316.0,340.0,402.0,352.0,94.0,110.0,255.0,265.0,496.0,1566.0,Low (<30),87.0,55.0,19.0,3.0,91089.0,Yes,No,No,No,No,No,No,Rs. 5,Rs. 5,,,GT,Urban,1.3,No,55.0,<200 sqft,Micro Outlet,BIHAR,Muzaffarpur,yes,,,,,1736.3619,,6482.2567,,,,,,,,,,54.5454,,,,3884.8165,3627.2691,,,,,,15785.2496,1315.437467,5.83,12,East India,Retail,84.0,240.5,328.0,377.0,153.0,1.6,0.24,0.0,1.6,55.0,32.6,C,15.0,0.0,1,0.0,1.0,1363.18,47.74,3.5,True,C+,1269.0,0.0,1.0,0.0,0.0,0.0,0.0,0.0,0.0,1,1.0,5.0,5.0,,1.0,2,4,Urban Transit Impulse GT,"This cluster consists of small urban GT outlets like paan kiosks, dairies, and tea shops, often near transit points. They cater to on-the-move shoppers seeking quick, affordable impulse purchases, with no premium category sales.","Prioritize counter-top displays and visible merchandising for single-serve, grab-and-go beverage and snack SKUs. Introduce combo offers (e.g., beverage + snack) at Rs. 20-30 price points."
114773.0,2417711,Bengaluru,2417711,Sri Adhibyraveshwara Vegitables And Frui,Retail,13.067088,77.62725,Karnataka,Bengaluru Urban,Bengaluru,Bengaluru,Urban,Thanisandra,Fruit / Veg Str,Bagaria Medmark Private Limited,4.0,0.44,0.8,4.91,0.16,0.22,1.36,0.88,0.32,0.61,0.32,0.53,0.32,0.32,17,54,103,3.0,10.0,19.0,42.0,49.0,50.0,113.0,144.0,185.0,197.0,188.0,168.0,46.0,29.0,27.0,216.0,364.0,497.0,Low (<30),0.0,0.0,0.0,0.0,384329.0,No,No,No,No,No,No,No,,,,,GT,Urban,1.8,No,125.0,<200 sqft,Micro Outlet,KARNATAKA,Bengaluru,yes,54.5454,,181.818,,7875.8862,781.8174,10448.904,,,,,,,,,,,,,,6834.9825,17807.1036,,,,,,43985.0571,3998.641555,22.18,11,West India,Retail,47.0,128.5,191.0,178.0,34.0,0.32,0.44,0.22,0.32,20.0,75.56,B,15.0,0.0,1,0.0,1.0,6179.81,2181.17,35.3,True,B+,250.0,0.0,0.0,0.0,0.0,0.0,0.0,0.0,0.0,1,1.0,,,,1.0,3,4,Urban Transit Impulse GT,"This cluster consists of small urban GT outlets like paan kiosks, dairies, and tea shops, often near transit points. They cater to on-the-move shoppers seeking quick, affordable impulse purchases, with no premium category sales.","Prioritize counter-top displays and visible merchandising for single-serve, grab-and-go beverage and snack SKUs. Introduce combo offers (e.g., beverage + snack) at Rs. 20-30 price points."
116772.0,2308685,,2308685,Jiya Pan,Retail,26.794555,89.030473,West Bengal,Jalpaiguri,Dhupguri,Banarhat Tea Garden,Urban,Banarhat Tea Garden,Cig / Paan Kiosk,Gupta Enterprise - Rd,10.69,2.35,13.24,66.84,10.61,45.58,0.6,36.56,23.53,36.56,36.56,36.56,36.56,36.56,8,10,15,0.0,0.0,0.0,10.0,22.0,105.0,76.0,302.0,487.0,409.0,529.0,480.0,228.0,543.0,272.0,696.0,901.0,1748.0,Medium (30 to 100),0.0,0.0,0.0,0.0,36716.0,Yes,No,No,No,No,No,No,Rs. 5,Rs. 5,,,GT,,,No,50.0,<200 sqft,Micro Outlet,WEST BENGAL,Balance,yes,5599.9944,,,,2614.2272,,3630.06,1799.9982,,,5660.772,,,2127.2706,,,,3290.9058,,,2633.22,7214.2226,,,,,,34570.6708,2880.889233,10.92,12,East India,Retail,45.66666666666666,189.0,448.0,504.5,347.6666666666667,36.56,2.35,0.6,23.53,8.0,64.24,B,,0.0,1,0.0,0.0,3054.91,174.03,5.7,True,B+,695.0,0.0,1.0,0.0,0.0,0.0,0.0,0.0,0.0,1,1.0,5.0,5.0,,1.0,3,4,Urban Transit Impulse GT,"This cluster consists of small urban GT outlets like paan kiosks, dairies, and tea shops, often near transit points. They cater to on-the-move shoppers seeking quick, affordable impulse purchases, with no premium category sales.","Prioritize counter-top displays and visible merchandising for single-serve, grab-and-go beverage and snack SKUs. Introduce combo offers (e.g., beverage + snack) at Rs. 20-30 price points."
116454.0,2372407,,2372407,Wagheshwar Dairy,Retail,18.487615,74.132266,Maharashtra,Pune,Haveli,Uruli Kanchan,Rural,,Dairy str,Shree Gurudatta Enterprises,9.43,0.12,0.54,7.35,4.86,10.76,0.86,19.02,3.99,3.99,3.99,3.99,3.99,3.99,9,13,18,1.0,2.0,2.0,187.0,179.0,170.0,383.0,81.0,841.0,1312.0,1061.0,1963.0,588.0,474.0,173.0,1159.0,2192.0,3211.0,Low (<30),0.0,0.0,0.0,0.0,98549.0,No,No,No,No,No,No,No,,,,,GT,,,Yes,85.0,<200 sqft,Micro Outlet,MAHARASHTRA,Balance,yes,2927.2698,,,,6223.3145,999.999,,381.8178,,,,,,181.818,,,4399.9956,,,,68.1825,8988.135,,,,,,24170.5322,2014.211017,12.75,12,MAHARASHTRA,Retail,178.66666666666666,232.0,1076.5,1512.0,411.6666666666667,3.99,0.12,0.86,3.99,10.0,50.22,C,15.0,1.0,1,0.0,0.0,3922.6,1908.39,48.7,True,C+,447.0,1.0,0.0,0.0,0.0,0.0,0.0,0.0,0.0,1,1.0,,,,0.0,2,4,Urban Transit Impulse GT,"This cluster consists of small urban GT outlets like paan kiosks, dairies, and tea shops, often near transit points. They cater to on-the-move shoppers seeking quick, affordable impulse purchases, with no premium category sales.","Prioritize counter-top displays and visible merchandising for single-serve, grab-and-go beverage and snack SKUs. Introduce combo offers (e.g., beverage + snack) at Rs. 20-30 price points."
121792.0,2797830,Indore,2797830,RAJ RATAN TOURS AND TRAVELS,Retail,22.6831,75.82144667,Madhya Pradesh,Indore,Indore,Indore,Urban,Gumasta Nagar,,Shri Shyam Distributor,8.07,0.17,1.18,5.38,1.08,0.09,1.66,4.77,1.05,4.77,2.45,2.45,2.45,1.05,10,60,132,1.0,7.0,12.0,45.0,42.0,52.0,87.0,95.0,148.0,140.0,146.0,137.0,42.0,38.0,34.0,133.0,253.0,498.0,Medium (30 to 100),143.0,0.0,0.0,0.0,182777.0,No,No,No,No,No,No,No,,,,,Others,Urban,0.1,No,75.0,<200 sqft,Micro Outlet,MADHYA PRADESH,Balance,yes,,,,,,,,,,,,,,,,,,129272.598,,,,16363.62,,,,,,145636.218,48545.406,1.33,3,MADHYA PRADESH,Retail,46.333333333333336,91.0,144.0,141.5,38.0,1.05,0.17,0.09,1.05,11.0,99.64,A,,0.0,1,0.0,1.0,6.72,-48538.69,-722301.9,False,A,985.0,0.0,0.0,0.0,0.0,0.0,0.0,0.0,0.0,1,1.0,,,,1.0,4,4,Urban Transit Impulse GT,"This cluster consists of small urban GT outlets like paan kiosks, dairies, and tea shops, often near transit points. They cater to on-the-move shoppers seeking quick, affordable impulse purchases, with no premium category sales.","Prioritize counter-top displays and visible merchandising for single-serve, grab-and-go beverage and snack SKUs. Introduce combo offers (e.g., beverage + snack) at Rs. 20-30 price points."
109669.0,S01099514,Kolkata,S01099514,Roy Pan Shop,Retail,22.508562,88.36788,West Bengal,Kolkata,Kolkata,Kolkata,Urban,Dhakuria,Cig / Paan Kiosk,Starlet Enterprises,2.27,0.03,0.29,2.3,0.5,0.09,0.86,0.02,0.02,0.02,0.02,0.02,0.02,0.02,29,112,257,0.0,20.0,42.0,280.0,281.0,258.0,615.0,501.0,553.0,651.0,623.0,489.0,205.0,78.0,76.0,1268.0,1064.0,1148.0,High (>100),0.0,0.0,0.0,0.0,386400.0,Yes,No,No,No,No,No,No,Rs. 5,Rs. 5,,,GT,Urban,1.4,No,45.0,<200 sqft,Micro Outlet,WEST BENGAL,Kolkata,yes,5651.3781,,,,6595.251,327.2724,59.6336,,,,,,,415.8099,,,1454.544,1652.1726,,,13.7616,9224.1045,,,,,,25393.9277,2116.160642,17.58,12,East India,Retail,273.0,558.0,602.0,556.0,119.66666666666669,0.02,0.03,0.09,0.02,29.0,52.08,C,150.0,0.0,1,0.0,1.0,4611.36,2495.2,54.1,True,C+,239.0,0.0,1.0,0.0,0.0,0.0,0.0,0.0,0.0,1,1.0,5.0,5.0,,1.0,2,4,Urban Transit Impulse GT,"This cluster consists of small urban GT outlets like paan kiosks, dairies, and tea shops, often near transit points. They cater to on-the-move shoppers seeking quick, affordable impulse purchases, with no premium category sales.","Prioritize counter-top displays and visible merchandising for single-serve, grab-and-go beverage and snack SKUs. Introduce combo offers (e.g., beverage + snack) at Rs. 20-30 price points."
118772.0,S01161136,Ahmadabad,S01161136,Dudh Sarita,Retail,23.03205,72.623791,Gujarat,Ahmedabad,Ahmedabad City,Ahmedabad,Urban,Saraspur,Dairy str,Nisarg Services And Sales Pvt Ltd,4.46,0.15,0.15,4.05,1.36,0.23,1.73,0.44,0.01,0.01,0.01,0.01,0.01,0.01,34,99,233,2.0,6.0,11.0,49.0,123.0,422.0,389.0,1146.0,1782.0,1245.0,1615.0,1560.0,632.0,702.0,351.0,1400.0,2458.0,4640.0,High (>100),,,,,173102.0,No,No,No,No,No,No,No,,,,,GT,Urban,0.9,Yes,85.0,<200 sqft,Micro Outlet,GUJARAT,Ahmadabad,yes,,,2145.4524,,20483.7776,1818.18,,,,,,,,,,,,545.454,,,9190.9962,17926.467,,,,,,52110.3272,4342.527267,17.0,12,GUJARAT,Retail,198.0,767.5,1513.5,1587.5,561.6666666666666,0.01,0.15,0.23,0.01,36.0,78.46,B,150.0,1.0,1,0.0,1.0,4792.66,450.13,9.4,True,B+,626.0,1.0,0.0,0.0,0.0,0.0,0.0,0.0,0.0,1,1.0,,,,1.0,3,4,Urban Transit Impulse GT,"This cluster consists of small urban GT outlets like paan kiosks, dairies, and tea shops, often near transit points. They cater to on-the-move shoppers seeking quick, affordable impulse purchases, with no premium category sales.","Prioritize counter-top displays and visible merchandising for single-serve, grab-and-go beverage and snack SKUs. Introduce combo offers (e.g., beverage + snack) at Rs. 20-30 price points."
119951.0,2448532,Patna,2448532,Mithlesh Pan Dukan,Retail,25.585117,85.191587,Bihar,Patna,Patna Rural,Patna,Urban,Ranipur,Cig / Paan Kiosk,Sri Sai Traders - Tt,3.37,0.53,1.08,1.74,2.05,0.0,1.92,3.17,1.55,1.55,1.55,1.55,1.55,1.55,6,34,106,0.0,7.0,16.0,7.0,11.0,11.0,28.0,44.0,51.0,43.0,72.0,54.0,27.0,27.0,78.0,35.0,72.0,315.0,Low (<30),102.0,64.0,33.0,3.0,148970.0,Yes,No,No,No,No,No,No,Rs. 5,Rs. 5,,,GT,Urban,0.9,No,40.0,<200 sqft,Micro Outlet,BIHAR,Patna,yes,,,,,90.909,,68.4817,,,,,,,,,,,,,,1041.2944,90.909,,,,,,1291.5941,215.265683,2.33,6,East India,Retail,9.666666666666666,36.0,47.0,63.0,44.0,1.55,0.53,0.0,1.55,6.0,2.14,D,15.0,0.0,1,0.0,1.0,299.1,83.84,28.0,True,D+,1374.0,0.0,1.0,0.0,0.0,0.0,0.0,0.0,0.0,1,1.0,5.0,5.0,,1.0,1,4,Urban Transit Impulse GT,"This cluster consists of small urban GT outlets like paan kiosks, dairies, and tea shops, often near transit points. They cater to on-the-move shoppers seeking quick, affordable impulse purchases, with no premium category sales.","Prioritize counter-top displays and visible merchandising for single-serve, grab-and-go beverage and snack SKUs. Introduce combo offers (e.g., beverage + snack) at Rs. 20-30 price points."
114868.0,2687940,,2687940,Dutta Pan Stall,Retail,21.676055,87.4011,Orissa,Baleshwar,Bhograi,Mirkasimpur,Rural,,Cig / Paan Kiosk,Mm Marketing - Rd,23.35,9.7,56.03,184.56,9.24,0.0,23.07,204.88,52.94,200.35,200.35,200.35,200.35,200.35,11.0,25.0,46.0,0.0,0.0,0.0,0.0,0.0,0.0,0.0,0.0,5.0,8.0,5.0,12.0,3.0,3.0,1.0,5.0,8.0,14.0,Low (<30),0.0,0.0,0.0,0.0,62888.0,Yes,No,No,No,No,No,No,Rs. 5,Rs. 5,,,GT,,,No,45.0,<200 sqft,Micro Outlet,ORISSA,Balance,yes,127.2726,,,,999.999,,7715.1706,,,,,,,,,,327.2724,,,,6998.6083,1781.8164,,,,,,17950.1393,1994.459922,5.11,9,East India,Retail,0.0,0.0,6.5,8.5,2.333333333333333,200.35,9.7,0.0,52.94,11.0,49.78,C,15.0,0.0,1,0.0,0.0,1685.69,-308.77,-18.3,False,C,1367.0,0.0,1.0,0.0,0.0,0.0,0.0,0.0,0.0,1,1.0,5.0,5.0,,0.0,2,4,Urban Transit Impulse GT,"This cluster consists of small urban GT outlets like paan kiosks, dairies, and tea shops, often near transit points. They cater to on-the-move shoppers seeking quick, affordable impulse purchases, with no premium category sales.","Prioritize counter-top displays and visible merchandising for single-serve, grab-and-go beverage and snack SKUs. Introduce combo offers (e.g., beverage + snack) at Rs. 20-30 price points."
119156.0,2496120,,2496120,Tea Stall,Retail,23.872292,88.536098,West Bengal,Nadia,Tehatta - I,Nazirpur,Rural,,Tea Shop (Hot),Arijit Saha - Rd,3.21,0.6,7.71,36.54,4.49,7.7,27.61,20.32,7.07,7.07,7.07,7.07,7.07,7.07,5,11,27,0.0,0.0,0.0,3.0,11.0,19.0,28.0,4.0,77.0,122.0,146.0,212.0,132.0,142.0,58.0,193.0,295.0,377.0,Low (<30),0.0,0.0,0.0,0.0,139455.0,No,Yes,No,No,No,No,No,Rs. 5,,Rs. 5,,GT,,,No,75.0,<200 sqft,Micro Outlet,WEST BENGAL,Balance,yes,,,,,1363.635,,7453.8989,,,,,,,,,,,1699.9983,,,5039.8331,2263.6341,,,,,,17820.9994,1620.090855,10.91,11,East India,Retail,11.0,16.0,99.5,179.0,110.66666666666669,7.07,0.6,7.7,7.07,5.0,40.66,C,15.0,0.0,1,0.0,0.0,3118.32,1498.23,48.0,True,C+,654.0,0.0,0.0,1.0,0.0,0.0,0.0,0.0,0.0,1,1.0,5.0,,5.0,0.0,2,4,Urban Transit Impulse GT,"This cluster consists of small urban GT outlets like paan kiosks, dairies, and tea shops, often near transit points. They cater to on-the-move shoppers seeking quick, affordable impulse purchases, with no premium category sales.","Prioritize counter-top displays and visible merchandising for single-serve, grab-and-go beverage and snack SKUs. Introduce combo offers (e.g., beverage + snack) at Rs. 20-30 price points."
120744.0,1598343,Visakhapatnam,1598343,Sbm Pan Shop,Retail,17.731635,83.31635,Andhra Pradesh,Visakhapatnam,Visakhapatnam (Urban),Visakhapatnam,Urban,Resapuvanipalem,Cig / Paan Kiosk,Durga Shanmukha Enterprises,1.13,0.24,0.06,1.22,0.64,0.0,2.97,0.28,0.08,0.26,0.08,0.26,0.08,0.08,24,102,177,60.0,173.0,227.0,159.0,198.0,225.0,615.0,738.0,1096.0,1084.0,987.0,770.0,171.0,122.0,270.0,1274.0,2477.0,1760.0,Medium (30 to 100),37.0,38.0,40.0,19.0,86990.0,Yes,No,No,No,No,No,No,Rs. 5,Rs. 5,,,GT,Urban,0.7,No,35.0,<200 sqft,Micro Outlet,ANDHRA PRADESH,Visakhapatnam,yes,3494.8584,,,,9355.7256,,68.808,,,,,,,,,,996.0465,,,,,14520.9402,,,,,,28436.3787,2369.698225,11.42,12,South India,Retail,194.0,676.5,1090.0,878.5,187.66666666666663,0.08,0.06,0.0,0.08,84.0,56.4,C,,0.0,1,0.0,1.0,2861.55,491.85,17.2,True,C+,1124.0,0.0,1.0,0.0,0.0,0.0,0.0,0.0,0.0,1,1.0,5.0,5.0,,1.0,2,4,Urban Transit Impulse GT,"This cluster consists of small urban GT outlets like paan kiosks, dairies, and tea shops, often near transit points. They cater to on-the-move shoppers seeking quick, affordable impulse purchases, with no premium category sales.","Prioritize counter-top displays and visible merchandising for single-serve, grab-and-go beverage and snack SKUs. Introduce combo offers (e.g., beverage + snack) at Rs. 20-30 price points."
103425.0,S01327696,Vizianagaram,S01327696,Bhagya Laxmi Pan Shop,Retail,18.116281,83.422271,Andhra Pradesh,Vizianagaram,Vizianagaram,Vizianagaram,Urban,Vizianagaram,Cig / Paan Kiosk,Sri.P.Satyanarayana & Sons,2.24,0.25,0.64,40.37,2.65,0.0,2.83,33.97,1.13,32.95,28.01,32.95,28.01,28.01,23,83,120,2.0,60.0,90.0,364.0,809.0,2774.0,2321.0,6576.0,10112.0,7549.0,9590.0,7893.0,3391.0,4359.0,2180.0,12149.0,22755.0,18962.0,High (>100),115.0,46.0,5.0,0.0,108487.0,Yes,No,No,No,No,No,No,Rs. 5,Rs. 5,,,GT,,,No,45.0,<200 sqft,Micro Outlet,ANDHRA PRADESH,Vizianagaram,yes,90.909,,,,399.9996,45.4545,6705.3932,,,,,163.6365,469.0908,,190.9091,,109.0908,,,,2568.4152,2745.4518,,,,,,13488.3505,1124.029208,9.67,12,South India,Retail,1315.6666666666667,4448.5,8830.5,8741.5,3310.0,28.01,0.25,0.0,1.13,25.0,26.54,D,150.0,0.0,1,0.0,0.0,2399.72,1275.69,53.2,True,D+,664.0,0.0,1.0,0.0,0.0,0.0,0.0,0.0,0.0,1,1.0,5.0,5.0,,1.0,1,4,Urban Transit Impulse GT,"This cluster consists of small urban GT outlets like paan kiosks, dairies, and tea shops, often near transit points. They cater to on-the-move shoppers seeking quick, affordable impulse purchases, with no premium category sales.","Prioritize counter-top displays and visible merchandising for single-serve, grab-and-go beverage and snack SKUs. Introduce combo offers (e.g., beverage + snack) at Rs. 20-30 price points."
101035.0,2668651,Delhi,2668651,Guddu Pan Bhander,Retail,28.5101841,77.3169034,Delhi,Delhi,Delhi,Delhi,Urban,Jaitpur,Cig / Paan Kiosk,Shri Shivji Enterprises-Sdp,4.5,0.0,1.31,1.68,1.37,1.1,1.87,3.07,0.6,1.37,0.6,0.6,0.6,0.6,10,68,138,0.0,5.0,9.0,2567.0,1209.0,1268.0,1750.0,2549.0,2803.0,3144.0,4296.0,3886.0,1015.0,910.0,530.0,2602.0,5772.0,15172.0,Medium (30 to 100),95.0,590.0,1368.0,5.0,263018.0,Yes,No,No,No,No,No,No,Rs. 5,Rs. 5,,,GT,Urban,2.15187,No,70.0,<200 sqft,Micro Outlet,NEW DELHI,Delhi,yes,,,,,317.3911,,124.8096,,,,,,,,,,72.7272,354.5451,,,84.6309,843.8729,,,,,,1797.9768,199.7752,6.22,9,North India,Retail,1681.3333333333333,2149.5,2973.5,4091.0,818.3333333333334,0.6,0.0,1.1,0.6,10.0,1.92,D,,0.0,1,0.0,1.0,1501.3,1301.52,86.7,True,D+,646.0,0.0,1.0,0.0,0.0,0.0,0.0,0.0,0.0,1,1.0,5.0,5.0,,1.0,1,4,Urban Transit Impulse GT,"This cluster consists of small urban GT outlets like paan kiosks, dairies, and tea shops, often near transit points. They cater to on-the-move shoppers seeking quick, affordable impulse purchases, with no premium category sales.","Prioritize counter-top displays and visible merchandising for single-serve, grab-and-go beverage and snack SKUs. Introduce combo offers (e.g., beverage + snack) at Rs. 20-30 price points."
120999.0,2691867,,2691867,Baba Hotel,Retail,30.224915,78.819112,Uttaranchal,Garhwal,Srinagar,Srikot Gagnali,Rural,,S. Ind Restaurnt,Kalapatru Traders-Rdc,2.4,1.86,62.95,74.77,2.9,0.0,52.7,71.11,40.04,71.11,71.11,71.11,71.11,71.11,6.0,16.0,38.0,0.0,0.0,0.0,66.0,55.0,43.0,141.0,55.0,186.0,274.0,238.0,402.0,132.0,91.0,32.0,301.0,534.0,630.0,Low (<30),0.0,0.0,0.0,0.0,188446.0,No,No,No,No,No,No,No,,,,,Restaurants,,,Yes,170.0,<200 sqft,Micro Outlet,UTTARANCHAL,Balance,yes,1418.1804,,,,10636.353,999.999,,272.727,,,,,,381.8178,,,545.454,3763.6326,,,,18418.1634,,,,,,36436.3272,3312.393382,16.55,11,North India,Retail,54.66666666666666,98.0,230.0,320.0,85.0,71.11,1.86,0.0,40.04,6.0,69.24,B,15.0,1.0,1,0.0,0.0,5503.35,2190.96,39.8,True,B+,247.0,1.0,0.0,0.0,0.0,0.0,0.0,0.0,0.0,1,1.0,,,,0.0,3,4,Urban Transit Impulse GT,"This cluster consists of small urban GT outlets like paan kiosks, dairies, and tea shops, often near transit points. They cater to on-the-move shoppers seeking quick, affordable impulse purchases, with no premium category sales.","Prioritize counter-top displays and visible merchandising for single-serve, grab-and-go beverage and snack SKUs. Introduce combo offers (e.g., beverage + snack) at Rs. 20-30 price points."
120338.0,2134636,,2134636,Vaisanavi Parlour,Retail,13.551747,78.511445,Andhra Pradesh,Chittoor,Madanapalle,Madanapalle,Urban,Madanapalle,Dairy str,Lucky Marketing,2.05,0.13,0.52,73.93,1.2,0.0,11.36,181.71,0.43,181.55,181.43,181.43,181.43,181.43,31,76,106,1.0,2.0,2.0,135.0,455.0,1770.0,1767.0,5684.0,8920.0,6708.0,8190.0,5128.0,2130.0,2021.0,1011.0,9048.0,16669.0,16374.0,High (>100),0.0,0.0,0.0,0.0,84889.0,No,No,No,No,No,No,No,,,,,GT,,,Yes,95.0,<200 sqft,Micro Outlet,ANDHRA PRADESH,Balance,yes,36.3636,,45.4545,,718.1811,45.4545,2327.3786,,,,,,,,,,23.9996,,309.0906,,1186.8338,1372.7259,,,,,,6065.4822,606.54822,11.7,10,South India,Retail,786.6666666666666,3725.5,7814.0,6659.0,1720.6666666666667,181.43,0.13,0.0,0.43,32.0,10.8,D,150.0,1.0,1,0.0,0.0,3287.15,2680.6,81.5,True,D+,97.0,1.0,0.0,0.0,0.0,0.0,0.0,0.0,0.0,1,1.0,,,,1.0,1,4,Urban Transit Impulse GT,"This cluster consists of small urban GT outlets like paan kiosks, dairies, and tea shops, often near transit points. They cater to on-the-move shoppers seeking quick, affordable impulse purchases, with no premium category sales.","Prioritize counter-top displays and visible merchandising for single-serve, grab-and-go beverage and snack SKUs. Introduce combo offers (e.g., beverage + snack) at Rs. 20-30 price points."
114996.0,1602089,,1602089,Bhandari Fast Food,Retail,21.87019,88.185238,West Bengal,S. 24 Parganas,Kakdwip,Ganespur,Rural,,Fast Food,Santosh Mahapa &  Sons,8.52,0.65,0.27,72.32,21.64,66.41,1.37,23.88,0.5,20.73,20.73,20.73,20.73,20.73,18,32,42,0.0,3.0,3.0,43.0,70.0,97.0,391.0,129.0,591.0,887.0,1350.0,1761.0,1046.0,1100.0,433.0,1489.0,2104.0,3357.0,Low (<30),0.0,0.0,0.0,0.0,151284.0,No,No,No,No,No,No,No,,,,,Restaurants,,,No,115.0,<200 sqft,Micro Outlet,WEST BENGAL,Balance,yes,1436.3622,,,,590.9085,199.9998,6172.6416,,,,436.8684,,,436.3632,,,3054.5424,836.3628,,,3461.418,1090.908,,,,,,17716.3749,1476.364575,11.25,12,East India,Retail,70.0,260.0,739.0,1555.5,859.6666666666666,20.73,0.27,1.37,0.5,18.0,36.96,C,15.0,0.0,1,0.0,0.0,3181.52,1705.16,53.6,True,C+,539.0,0.0,0.0,0.0,0.0,0.0,0.0,0.0,0.0,1,1.0,,,,0.0,2,4,Urban Transit Impulse GT,"This cluster consists of small urban GT outlets like paan kiosks, dairies, and tea shops, often near transit points. They cater to on-the-move shoppers seeking quick, affordable impulse purchases, with no premium category sales.","Prioritize counter-top displays and visible merchandising for single-serve, grab-and-go beverage and snack SKUs. Introduce combo offers (e.g., beverage + snack) at Rs. 20-30 price points."
108381.0,2695569,,2695569,Sahni Stationer,Retail,30.742569,76.669319,Punjab,Rupnagar,Kharar,Kharar,Urban,Kharar,Stationary Str,Bhushan Enterprises-Sdp,5.72,0.34,2.72,26.57,1.07,47.59,3.65,1.06,0.18,1.06,1.06,1.06,0.18,0.18,11,22,45,0.0,0.0,1.0,563.0,1045.0,1387.0,1840.0,2018.0,2639.0,1513.0,1898.0,1511.0,612.0,603.0,302.0,2612.0,5242.0,8792.0,Medium (30 to 100),58.0,94.0,40.0,9.0,59718.0,No,No,No,No,No,No,No,,,,,GT,,,No,110.0,<200 sqft,Micro Outlet,PUNJAB,Balance,yes,2254.5432,,454.545,,8239.5222,381.8178,1282.331,309.0906,,,,,,327.2724,,,1636.362,2499.6036,,,1153.8894,11212.2465,,,,,,29751.2237,2975.12237,20.9,10,North India,Retail,998.3333333333334,1929.0,2076.0,1704.5,505.6666666666667,0.18,0.34,3.65,0.18,11.0,65.52,B,,0.0,1,0.0,0.0,5799.89,2824.77,48.7,True,B+,152.0,0.0,0.0,0.0,0.0,0.0,0.0,0.0,0.0,1,1.0,,,,1.0,3,4,Urban Transit Impulse GT,"This cluster consists of small urban GT outlets like paan kiosks, dairies, and tea shops, often near transit points. They cater to on-the-move shoppers seeking quick, affordable impulse purchases, with no premium category sales.","Prioritize counter-top displays and visible merchandising for single-serve, grab-and-go beverage and snack SKUs. Introduce combo offers (e.g., beverage + snack) at Rs. 20-30 price points."
112076.0,2414888,,2414888,Hashamolla Tea Stall,Retail,22.577193,88.482982,West Bengal,N. 24 Parganas,Rajarhat,Chakpachuria,Rural,,Tea Shop (Hot),Dutson Enterprise,8.24,0.34,0.67,4.67,4.42,7.16,8.87,2.39,2.39,2.39,2.39,2.39,2.39,2.39,3,14,30,0.0,9.0,12.0,2.0,11.0,21.0,15.0,1.0,123.0,201.0,205.0,332.0,121.0,101.0,37.0,168.0,343.0,560.0,High (>100),0.0,0.0,0.0,0.0,94011.0,No,Yes,No,No,No,No,No,Rs. 5,,Rs. 5,,GT,,,No,75.0,<200 sqft,Micro Outlet,WEST BENGAL,Kolkata,yes,2580.2346,,,,908.6948,126.8774,384.52,636.363,,,,,,525.6912,,,834.7818,890.1178,,,306.7388,4216.2016,,,,,,11410.221,1901.7035,20.5,6,East India,Retail,11.333333333333334,8.0,162.0,268.5,86.33333333333333,2.39,0.34,7.16,2.39,3.0,47.68,C,150.0,0.0,1,0.0,0.0,5744.25,3842.55,66.9,True,C+,32.0,0.0,0.0,1.0,0.0,0.0,0.0,0.0,0.0,1,1.0,5.0,,5.0,0.0,2,4,Urban Transit Impulse GT,"This cluster consists of small urban GT outlets like paan kiosks, dairies, and tea shops, often near transit points. They cater to on-the-move shoppers seeking quick, affordable impulse purchases, with no premium category sales.","Prioritize counter-top displays and visible merchandising for single-serve, grab-and-go beverage and snack SKUs. Introduce combo offers (e.g., beverage + snack) at Rs. 20-30 price points."
117468.0,1831584,Chennai,1831584,A K Water,Retail,13.102965,80.19873,Tamil Nadu,Chennai,Chennai,Chennai,Urban,Anna Nagar West,,Ara Traders,4.52,0.08,1.35,2.59,0.37,0.02,1.37,1.13,0.34,0.58,0.34,0.34,0.0,0.34,18,63,127,0.0,3.0,19.0,360.0,324.0,387.0,821.0,688.0,1074.0,986.0,816.0,812.0,208.0,158.0,27.0,1546.0,2343.0,1786.0,Low (<30),0.0,0.0,0.0,0.0,201597.0,No,No,No,No,No,No,No,,,,,Others,Urban,0.4,No,105.0,<200 sqft,Micro Outlet,TAMIL NADU,Chennai,yes,,,490.9086,,8199.9918,218.1816,1169.736,,,,,,,,,,,,,,1169.736,16239.5298,,,,,,27488.0838,3436.010475,9.25,8,South India,Retail,357.0,754.5,1030.0,814.0,131.0,0.0,0.08,0.02,0.34,18.0,70.42,B,15.0,0.0,1,0.0,1.0,2372.83,-1063.18,-44.8,False,B,885.0,0.0,0.0,0.0,0.0,0.0,0.0,0.0,0.0,1,1.0,,,,1.0,3,4,Urban Transit Impulse GT,"This cluster consists of small urban GT outlets like paan kiosks, dairies, and tea shops, often near transit points. They cater to on-the-move shoppers seeking quick, affordable impulse purchases, with no premium category sales.","Prioritize counter-top displays and visible merchandising for single-serve, grab-and-go beverage and snack SKUs. Introduce combo offers (e.g., beverage + snack) at Rs. 20-30 price points."
101679.0,2677562,,2677562,Sardar Ji Eating Hub,Retail,30.673533,76.288736,Punjab,Fatehgarh Sahib,Amloh,Nasrali,Rural,,QSRs (Ind) Stand-alone,Shiv Confectionary House,3.52,0.31,1.3,4.12,1.48,18.67,7.38,1.61,0.28,1.61,1.61,1.61,0.28,0.28,8,36,46,0.0,3.0,3.0,0.0,0.0,0.0,0.0,0.0,0.0,0.0,0.0,0.0,0.0,0.0,0.0,0.0,0.0,0.0,Medium (30 to 100),0.0,0.0,0.0,0.0,0.0,No,No,No,No,No,No,No,,,,,Restaurants,,,Yes,105.0,<200 sqft,Micro Outlet,PUNJAB,Balance,yes,4072.7232,,,,6528.4531,799.9992,4712.3167,181.818,,,,,,1290.9078,,,527.2722,,,,5378.3054,11882.9932,,,,,,35374.7888,3215.889891,13.36,11,North India,Retail,0.0,0.0,0.0,0.0,0.0,0.28,0.31,7.38,0.28,8.0,68.34,B,,1.0,1,0.0,0.0,4101.38,885.49,21.6,True,B+,535.0,1.0,0.0,0.0,0.0,0.0,0.0,0.0,0.0,1,1.0,,,,0.0,3,4,Urban Transit Impulse GT,"This cluster consists of small urban GT outlets like paan kiosks, dairies, and tea shops, often near transit points. They cater to on-the-move shoppers seeking quick, affordable impulse purchases, with no premium category sales.","Prioritize counter-top displays and visible merchandising for single-serve, grab-and-go beverage and snack SKUs. Introduce combo offers (e.g., beverage + snack) at Rs. 20-30 price points."
111836.0,S01304560,,S01304560,Mama's Corner,Retail,15.615031,73.757089,Goa,N. Goa,Bardez,Assagao,Rural,,Chats & Snacks (Stand-alone),Ganesh Traders - Trade,5.55,0.0,0.0,15.45,0.69,0.0,12.08,12.44,12.41,0.0,0.0,0.0,0.0,0.0,0,8,18,0.0,0.0,0.0,52.0,62.0,71.0,70.0,20.0,121.0,185.0,86.0,252.0,43.0,31.0,11.0,171.0,258.0,420.0,Low (<30),,,,,194634.0,No,No,No,No,No,No,No,,,,,GT,,,Yes,205.0,200–300 sqft,Small Outlet,GOA,Goa,yes,23932.7838,,90.909,,7543.8688,1909.089,9352.257,1781.8164,,,,327.273,,4509.0864,,,11680.6212,2220.5534,,,4580.673,13720.1532,,,,,,81649.0842,6804.09035,18.25,12,West India,Retail,61.66666666666666,45.0,153.0,169.0,28.33333333333333,0.0,0.0,0.0,12.41,0.0,88.32,A,15.0,1.0,1,0.0,0.0,5905.42,-898.67,-15.2,False,A,432.0,1.0,0.0,0.0,0.0,0.0,0.0,0.0,0.0,1,2.0,,,,0.0,4,4,Urban Transit Impulse GT,"This cluster consists of small urban GT outlets like paan kiosks, dairies, and tea shops, often near transit points. They cater to on-the-move shoppers seeking quick, affordable impulse purchases, with no premium category sales.","Prioritize counter-top displays and visible merchandising for single-serve, grab-and-go beverage and snack SKUs. Introduce combo offers (e.g., beverage + snack) at Rs. 20-30 price points."
106367.0,2145918,Rajkot,2145918,Shree Hari Amul Parlour,Retail,22.298315,70.748775,Gujarat,Rajkot,Rajkot,Rajkot,Urban,Yogi Nagar,Dairy str,Hetal Enterprise,4.89,0.15,0.58,2.04,1.49,10.86,4.91,0.84,0.23,0.23,0.23,0.23,0.23,0.23,8,33,86,3.0,12.0,29.0,125.0,126.0,160.0,229.0,279.0,451.0,429.0,384.0,376.0,122.0,92.0,32.0,555.0,891.0,1046.0,Medium (30 to 100),,,,,227819.0,No,No,No,No,No,No,No,,,,,GT,Urban,1.0,Yes,95.0,<200 sqft,Micro Outlet,GUJARAT,Rajkot,yes,5579.4411,,,,32058.4706,,,1395.2556,,,,,,1288.5363,,,14145.4407,90.909,,,,9558.4905,,,,,,64116.5438,5343.045317,18.42,12,GUJARAT,Retail,137.0,254.0,440.0,380.0,82.0,0.23,0.15,4.91,0.23,11.0,83.66,A,,1.0,1,0.0,1.0,5404.26,61.21,1.1,True,A+,311.0,1.0,0.0,0.0,0.0,0.0,0.0,0.0,0.0,1,1.0,,,,1.0,4,4,Urban Transit Impulse GT,"This cluster consists of small urban GT outlets like paan kiosks, dairies, and tea shops, often near transit points. They cater to on-the-move shoppers seeking quick, affordable impulse purchases, with no premium category sales.","Prioritize counter-top displays and visible merchandising for single-serve, grab-and-go beverage and snack SKUs. Introduce combo offers (e.g., beverage + snack) at Rs. 20-30 price points."
113556.0,S00442426,Lucknow,S00442426,Umair Cafe,Retail,26.875861,80.917153,Uttar Pradesh,Lucknow,Lucknow,Lucknow,Urban,Kadam Rasul,Tea Shop (Hot),Primewest Marketing P.Ltd.-Sdp,7.73,0.25,0.81,4.2,10.72,0.43,1.04,3.05,0.03,0.03,0.03,0.03,0.03,0.03,17,58,105,2.0,13.0,26.0,317.0,235.0,288.0,541.0,504.0,767.0,573.0,546.0,558.0,159.0,149.0,72.0,579.0,1085.0,2580.0,High (>100),24.0,18.0,4.0,4.0,185912.0,No,Yes,No,No,No,No,No,Rs. 5,,Rs. 5,,GT,Urban,1.9,No,55.0,<200 sqft,Micro Outlet,UTTAR PRADESH,Lucknow,yes,454.545,,,,5872.7214,181.818,5785.7328,,,,3607.1544,,,145.4544,,,363.636,4236.3594,,,4741.0866,10327.2624,,,,,,35715.7704,3246.888218,19.36,11,UTTAR PRADESH,Retail,280.0,522.5,670.0,552.0,126.66666666666669,0.03,0.25,0.43,0.03,19.0,68.62,B,150.0,0.0,1,0.0,1.0,5208.6,1961.71,37.7,True,B+,293.0,0.0,0.0,1.0,0.0,0.0,0.0,0.0,0.0,1,1.0,5.0,,5.0,1.0,3,4,Urban Transit Impulse GT,"This cluster consists of small urban GT outlets like paan kiosks, dairies, and tea shops, often near transit points. They cater to on-the-move shoppers seeking quick, affordable impulse purchases, with no premium category sales.","Prioritize counter-top displays and visible merchandising for single-serve, grab-and-go beverage and snack SKUs. Introduce combo offers (e.g., beverage + snack) at Rs. 20-30 price points."
117359.0,1788163,Amritsar,1788163,Bablu Tea Stall,AFH - Others,31.605904,74.587152,Punjab,Amritsar,Amritsar - II,Dhanoia Kalan,Rural,,Tea Shop (Hot),Dhir Agencies,10.69,15.8,9.16,29.12,13.0,23.28,2.32,15.63,7.14,15.63,15.63,15.63,7.14,7.14,2,11,14,0.0,0.0,0.0,1.0,5.0,8.0,5.0,0.0,47.0,78.0,56.0,118.0,31.0,26.0,10.0,36.0,87.0,236.0,Low (<30),0.0,0.0,0.0,0.0,88287.0,No,Yes,No,No,No,No,No,Rs. 5,,Rs. 5,,GT,Periphery,17.9,No,95.0,<200 sqft,Micro Outlet,PUNJAB,Amritsar,yes,8127.4272,,,,5817.3856,481.8177,1995.8492,,,,173.0626,,,799.9992,,,3827.7229,3063.6333,,,405.7588,13931.6073,,,,,,38624.2638,3218.68865,25.17,12,North India,OPSC21-AFH - Others,4.666666666666667,2.5,62.5,87.0,22.33333333333333,7.14,9.16,2.32,7.14,2.0,68.38,B,15.0,0.0,1,0.0,0.0,7282.92,4064.23,55.8,True,B+,36.0,0.0,0.0,1.0,0.0,0.0,0.0,0.0,0.0,1,1.0,5.0,,5.0,0.0,3,4,Urban Transit Impulse GT,"This cluster consists of small urban GT outlets like paan kiosks, dairies, and tea shops, often near transit points. They cater to on-the-move shoppers seeking quick, affordable impulse purchases, with no premium category sales.","Prioritize counter-top displays and visible merchandising for single-serve, grab-and-go beverage and snack SKUs. Introduce combo offers (e.g., beverage + snack) at Rs. 20-30 price points."
109630.0,S01010051,,S01010051,Santoshi Maa Fast Food Centre,Retail,22.658737,88.377482,West Bengal,N. 24 Parganas,Kamarhati unassignd,Kamarhati,Urban,Narendra Nagar,Fast Food,Smart Infotech,4.38,0.08,0.37,6.89,0.19,2.82,0.57,4.13,0.62,2.9,2.9,2.9,2.9,2.9,12,71,132,0.0,11.0,16.0,152.0,171.0,152.0,346.0,239.0,285.0,356.0,402.0,360.0,146.0,88.0,23.0,777.0,691.0,738.0,High (>100),0.0,0.0,0.0,0.0,189223.0,No,No,No,No,No,No,No,,,,,Restaurants,,,No,120.0,<200 sqft,Micro Outlet,WEST BENGAL,Balance,yes,72.7272,,,,254.5452,18.1818,1266.0672,90.909,,,,,,,,,72.7272,27.2727,,,784.4112,799.9992,,,,,,3386.8407,564.47345,10.83,6,East India,Retail,158.33333333333334,292.5,320.5,381.0,85.66666666666667,2.9,0.08,0.57,0.62,12.0,9.68,D,150.0,0.0,1,0.0,0.0,2866.36,2301.89,80.3,True,D+,170.0,0.0,0.0,0.0,0.0,0.0,0.0,0.0,0.0,1,1.0,,,,1.0,1,4,Urban Transit Impulse GT,"This cluster consists of small urban GT outlets like paan kiosks, dairies, and tea shops, often near transit points. They cater to on-the-move shoppers seeking quick, affordable impulse purchases, with no premium category sales.","Prioritize counter-top displays and visible merchandising for single-serve, grab-and-go beverage and snack SKUs. Introduce combo offers (e.g., beverage + snack) at Rs. 20-30 price points."
119645.0,2590500,,2590500,Haris Milk Dairy,Retail,29.143623,78.263308,Uttar Pradesh,Bijnor,Chandpur,Saraishekh Habib,Rural,,Dairy str,Bhatia Agencies-Tt,3.89,0.26,0.99,44.07,0.58,0.29,1.78,52.2,0.43,52.2,52.2,52.2,52.2,52.2,9,18,25,1.0,3.0,3.0,2.0,3.0,4.0,8.0,1.0,41.0,67.0,83.0,120.0,54.0,51.0,19.0,26.0,56.0,335.0,Medium (30 to 100),0.0,0.0,0.0,0.0,46599.0,No,No,No,No,No,No,No,,,,,GT,,,Yes,105.0,<200 sqft,Micro Outlet,UTTAR PRADESH,Balance,yes,671.9361,,,,1381.8168,,638.3949,107.5098,,,303.5724,,,2527.2702,,,309.0906,5336.3583,,,517.8588,20663.2205,,,,,,32457.0284,2704.752367,11.92,12,UTTAR PRADESH,Retail,3.0,4.5,54.0,101.5,41.333333333333336,52.2,0.26,0.29,0.43,10.0,61.76,B,,1.0,1,0.0,0.0,3702.74,997.99,27.0,True,B+,514.0,1.0,0.0,0.0,0.0,0.0,0.0,0.0,0.0,1,1.0,,,,0.0,3,4,Urban Transit Impulse GT,"This cluster consists of small urban GT outlets like paan kiosks, dairies, and tea shops, often near transit points. They cater to on-the-move shoppers seeking quick, affordable impulse purchases, with no premium category sales.","Prioritize counter-top displays and visible merchandising for single-serve, grab-and-go beverage and snack SKUs. Introduce combo offers (e.g., beverage + snack) at Rs. 20-30 price points."
112507.0,2489711,,2489711,Lata Hotel,Retail,28.934068,73.865997,Rajasthan,Bikaner,Lunkaransar,Jaswantsar,Rural,,S. Ind Restaurnt,Kamal Agencies-Rdb,30.59,83.59,91.11,282.3,42.2,127.19,0.57,114.24,78.03,111.77,111.77,111.77,111.77,111.77,5,8,12,0.0,0.0,0.0,0.0,0.0,0.0,2.0,2.0,1.0,2.0,8.0,76.0,45.0,48.0,19.0,11.0,24.0,154.0,Low (<30),0.0,0.0,0.0,0.0,39631.0,No,No,No,No,No,No,No,,,,,Restaurants,,,Yes,235.0,200–300 sqft,Small Outlet,RAJASTHAN,Balance,yes,36709.0542,,,,4090.905,,,109.0908,,,,,,18995.874,,,32826.6516,1636.362,,,,5999.994,,,,,,100367.9316,8363.9943,6.08,12,North India,Retail,0.0,2.0,1.5,42.0,37.333333333333336,111.77,83.59,0.57,78.03,5.0,91.74,A,15.0,1.0,1,0.0,0.0,2992.15,-5371.84,-179.5,False,A,771.0,1.0,0.0,0.0,0.0,0.0,0.0,0.0,0.0,1,2.0,,,,0.0,4,4,Urban Transit Impulse GT,"This cluster consists of small urban GT outlets like paan kiosks, dairies, and tea shops, often near transit points. They cater to on-the-move shoppers seeking quick, affordable impulse purchases, with no premium category sales.","Prioritize counter-top displays and visible merchandising for single-serve, grab-and-go beverage and snack SKUs. Introduce combo offers (e.g., beverage + snack) at Rs. 20-30 price points."
121459.0,2803547,Mumbai,2803547,SHIV SAGAR DAIRY,Retail,19.04675333,72.89736167,Maharashtra,Mumbai (Combined),Mumbai,Mumbai (Grtr),Urban,Anushakti Nagar (Chembur E.),Dairy str,Shreedhar Enterprises,3.16,0.03,0.27,0.37,0.13,0.13,1.8,0.76,0.13,0.13,0.13,0.13,0.13,0.13,24,76,136,19.0,40.0,63.0,428.0,437.0,427.0,1025.0,829.0,1107.0,1322.0,1581.0,1235.0,238.0,115.0,277.0,1415.0,2217.0,3977.0,High (>100),386.0,386.0,92.0,29.0,225984.0,No,No,No,No,No,No,No,,,,,GT,Urban,3.9,Yes,90.0,<200 sqft,Micro Outlet,MAHARASHTRA,Mumbai,yes,,,,,2272.7034,,1323.078,,,,,,,,,,,218.1816,,,1391.112,4145.4072,,,,,,9350.4822,2337.62055,12.75,4,MAHARASHTRA,Retail,430.6666666666667,927.0,1214.5,1408.0,210.0,0.13,0.03,0.13,0.13,43.0,55.96,C,150.0,1.0,1,0.0,1.0,3510.85,1173.23,33.4,True,C+,817.0,1.0,0.0,0.0,0.0,0.0,0.0,0.0,0.0,1,1.0,,,,1.0,2,4,Urban Transit Impulse GT,"This cluster consists of small urban GT outlets like paan kiosks, dairies, and tea shops, often near transit points. They cater to on-the-move shoppers seeking quick, affordable impulse purchases, with no premium category sales.","Prioritize counter-top displays and visible merchandising for single-serve, grab-and-go beverage and snack SKUs. Introduce combo offers (e.g., beverage + snack) at Rs. 20-30 price points."
118502.0,S00815820,Vadodara,S00815820,Shakti Pan,Retail,22.347502,73.173343,Gujarat,Vadodara,Vadodara,Vadodara,Urban,Sayajigaunj North,Cig / Paan Kiosk,Kuber Enterprise,2.85,0.11,2.69,2.78,2.48,83.32,1.5,2.94,0.37,0.43,0.43,0.43,0.43,0.43,7,30,70,0.0,0.0,3.0,238.0,215.0,270.0,436.0,436.0,714.0,691.0,660.0,613.0,197.0,161.0,131.0,1486.0,876.0,748.0,Medium (30 to 100),,,,,189397.0,Yes,No,No,No,No,No,No,Rs. 5,Rs. 5,,,GT,Urban,0.5,No,60.0,<200 sqft,Micro Outlet,GUJARAT,Vadodara,yes,,,1363.635,,8690.9004,1545.453,,,,,,,,,,,127.2726,327.2724,45.4545,,222.7295,6999.993,,,,,,19322.7104,1610.225867,7.0,12,GUJARAT,Retail,241.0,436.0,702.5,636.5,163.0,0.43,0.11,1.5,0.37,7.0,40.5,C,,0.0,1,0.0,1.0,1773.95,163.72,9.2,True,C+,1224.0,0.0,1.0,0.0,0.0,0.0,0.0,0.0,0.0,1,1.0,5.0,5.0,,1.0,2,4,Urban Transit Impulse GT,"This cluster consists of small urban GT outlets like paan kiosks, dairies, and tea shops, often near transit points. They cater to on-the-move shoppers seeking quick, affordable impulse purchases, with no premium category sales.","Prioritize counter-top displays and visible merchandising for single-serve, grab-and-go beverage and snack SKUs. Introduce combo offers (e.g., beverage + snack) at Rs. 20-30 price points."
120955.0,1428439,Amritsar,1428439,Raj Chowdhary Tea Stall,Retail,31.629614,74.867874,Punjab,Amritsar,Amritsar - II,Amritsar,Urban,Gole Bagh,Tea Shop (Hot),Baba Deep Singh Trading Co-Tt,1.11,0.09,0.73,7.26,0.4,0.0,0.41,0.44,0.32,0.19,0.83,0.64,0.66,1.37,24,116,215,3.0,4.0,11.0,150.0,144.0,173.0,262.0,283.0,505.0,597.0,739.0,665.0,54.0,59.0,88.0,116.0,20.0,2.0,Medium (30 to 100),82.0,32.0,6.0,0.0,154203.0,No,Yes,No,No,No,No,No,,,Rs. 5,,GT,Urban,3.9,No,120.0,<200 sqft,Micro Outlet,PUNJAB,Amritsar,yes,472.7268,,,,5354.1462,472.7268,795.1704,,,,109.092,,,127.2726,,,290.9088,2927.2698,,,465.3924,9258.4908,,,,,,20273.1966,1843.017873,13.27,11,North India,Retail,155.66666666666666,272.5,551.0,702.0,67.0,0.19,0.09,0.0,0.32,27.0,46.22,C,,0.0,1,0.0,1.0,3571.15,1728.13,48.4,True,C+,525.0,0.0,0.0,1.0,0.0,0.0,0.0,0.0,0.0,1,1.0,,,5.0,1.0,2,4,Urban Transit Impulse GT,"This cluster consists of small urban GT outlets like paan kiosks, dairies, and tea shops, often near transit points. They cater to on-the-move shoppers seeking quick, affordable impulse purchases, with no premium category sales.","Prioritize counter-top displays and visible merchandising for single-serve, grab-and-go beverage and snack SKUs. Introduce combo offers (e.g., beverage + snack) at Rs. 20-30 price points."
101350.0,S01301301,Amritsar,S01301301,Bobby Dhaba,Retail,31.567718,75.042357,Punjab,Amritsar,Amritsar - I,Jandiala,Urban,,N. Ind Restaurnt,Sat Pal Rakesh Kumar,49.17,0.628447683,2.510167159,11.01,12.35,10.63,2.76,13.92,0.74,11.91,10.37,11.91,0.74,0.74,4,19,29,0.0,0.0,1.0,25.0,65.0,114.0,151.0,219.0,300.0,198.0,258.0,258.0,103.0,111.0,55.0,259.0,534.0,998.0,Low (<30),73.0,24.0,3.0,0.0,174410.0,No,No,No,No,No,No,No,,,,,Restaurants,Periphery,11.2,No,180.0,<200 sqft,Micro Outlet,PUNJAB,Balance,yes,3181.815,,,,1409.0895,90.909,831.868,,,,,,,709.0902,,,2363.634,454.545,,,726.0288,2172.7251,,,,,,11939.7046,1989.950767,14.5,6,North India,Retail,68.0,185.0,249.0,258.0,89.66666666666667,0.74,0.628447683,2.76,0.74,4.0,49.68,C,15.0,0.0,1,0.0,0.0,4111.55,2121.6,51.6,True,C+,362.0,0.0,0.0,0.0,0.0,0.0,0.0,0.0,0.0,1,1.0,,,,1.0,2,4,Urban Transit Impulse GT,"This cluster consists of small urban GT outlets like paan kiosks, dairies, and tea shops, often near transit points. They cater to on-the-move shoppers seeking quick, affordable impulse purchases, with no premium category sales.","Prioritize counter-top displays and visible merchandising for single-serve, grab-and-go beverage and snack SKUs. Introduce combo offers (e.g., beverage + snack) at Rs. 20-30 price points."
116829.0,1885139,,1885139,Hs Food Hub,Retail,31.123857,75.769817,Punjab,Jalandhar,Phillaur,Goraya,Urban,Goraya,QSRs (Ind) Stand-alone,Parth Enterprises-Tt,10.04,0.12,2.67,24.29,1.87,26.28,0.78,0.62,0.56,0.62,0.62,0.62,0.56,0.56,6,10,23,0.0,0.0,1.0,79.0,142.0,259.0,273.0,411.0,567.0,371.0,482.0,481.0,195.0,219.0,110.0,516.0,972.0,1905.0,Medium (30 to 100),0.0,0.0,0.0,0.0,244485.0,No,No,No,No,No,No,No,,,,,Restaurants,,,Yes,170.0,<200 sqft,Micro Outlet,PUNJAB,Balance,yes,3509.0874,,,,1218.1806,,,,,,,,,1145.4534,,,2636.361,690.9084,,,224.7728,2663.6337,,,,,,12088.3973,1726.9139,15.29,7,North India,SC05-Retail,160.0,342.0,469.0,481.5,174.66666666666666,0.56,0.12,0.78,0.56,6.0,43.32,C,,1.0,1,0.0,0.0,4606.44,2879.52,62.5,True,C+,139.0,1.0,0.0,0.0,0.0,0.0,0.0,0.0,0.0,1,1.0,,,,1.0,2,4,Urban Transit Impulse GT,"This cluster consists of small urban GT outlets like paan kiosks, dairies, and tea shops, often near transit points. They cater to on-the-move shoppers seeking quick, affordable impulse purchases, with no premium category sales.","Prioritize counter-top displays and visible merchandising for single-serve, grab-and-go beverage and snack SKUs. Introduce combo offers (e.g., beverage + snack) at Rs. 20-30 price points."
116254.0,2432829,,2432829,Vaishnav Pan,Retail,21.768233,81.811589,Chattisgarh,Durg,Nawagarh,Nandghat,Rural,,Cig / Paan Kiosk,Kavita Agencies - Rd,10.66,10.67,49.99,45.84,7.35,0.0,12.93,58.68,13.12,55.66,55.66,55.66,55.66,55.66,3,7,12,0.0,0.0,0.0,4.0,6.0,8.0,6.0,0.0,40.0,66.0,39.0,97.0,158.0,64.0,27.0,62.0,103.0,253.0,Low (<30),0.0,0.0,0.0,0.0,266132.0,Yes,No,No,No,No,No,No,Rs. 5,Rs. 5,,,GT,,,No,40.0,<200 sqft,Micro Outlet,CHHATTISGARH,Balance,yes,545.454,,,,6310.668,,8729.859,,,,,,,,,,1999.998,563.6358,,,6761.116,7899.9921,,,,,,32810.7229,2734.226908,14.5,12,East India,Retail,6.0,3.0,53.0,68.0,83.0,55.66,10.67,0.0,13.12,3.0,62.28,B,15.0,0.0,1,0.0,0.0,4145.99,1411.76,34.1,True,B+,410.0,0.0,1.0,0.0,0.0,0.0,0.0,0.0,0.0,1,1.0,5.0,5.0,,0.0,3,4,Urban Transit Impulse GT,"This cluster consists of small urban GT outlets like paan kiosks, dairies, and tea shops, often near transit points. They cater to on-the-move shoppers seeking quick, affordable impulse purchases, with no premium category sales.","Prioritize counter-top displays and visible merchandising for single-serve, grab-and-go beverage and snack SKUs. Introduce combo offers (e.g., beverage + snack) at Rs. 20-30 price points."
119248.0,2321239,,2321239,Antao Love Of Food,Retail,15.33512,73.989532,Goa,S. Goa,Salcete,Camurlim,Rural,,QSRs (Ind) Stand-alone,Gurukripa Traders,3.01,0.0,0.0,7.16,0.44,0.0,7.21,20.97,6.54,0.0,0.0,0.0,0.0,0.0,2,3,8,0.0,0.0,0.0,40.0,43.0,46.0,59.0,23.0,77.0,113.0,41.0,148.0,20.0,13.0,5.0,115.0,176.0,203.0,Low (<30),,,,,209653.0,No,No,No,No,No,No,No,,,,,Restaurants,,,Yes,155.0,<200 sqft,Micro Outlet,GOA,Goa,yes,,,1577.8646,297.2727,3605.5318,1086.956,613.6425,,,,,436.364,469.0908,,,,,1795.2558,,,490.914,7881.4164,,,,,,18254.3086,2028.256511,11.7,9,West India,Retail,43.0,41.0,95.0,94.5,12.666666666666666,0.0,0.0,0.0,6.54,2.0,50.42,C,15.0,1.0,1,0.0,0.0,3798.65,1770.39,46.6,True,C+,509.0,1.0,0.0,0.0,0.0,0.0,0.0,0.0,0.0,1,1.0,,,,0.0,2,4,Urban Transit Impulse GT,"This cluster consists of small urban GT outlets like paan kiosks, dairies, and tea shops, often near transit points. They cater to on-the-move shoppers seeking quick, affordable impulse purchases, with no premium category sales.","Prioritize counter-top displays and visible merchandising for single-serve, grab-and-go beverage and snack SKUs. Introduce combo offers (e.g., beverage + snack) at Rs. 20-30 price points."
117030.0,2393011,,2393011,Jay Shree Pan,Retail,21.511613,70.451808,Gujarat,Junagadh,Junagadh,Junagadh,Urban,Junagadh,Cig / Paan Kiosk,Everest Agency,0.41,0.05,0.22,66.58,2.35,25.0,2.08,24.63,0.75,1.12,1.12,1.12,1.12,1.12,8,47,83,2.0,9.0,11.0,562.0,1164.0,4032.0,3221.0,9217.0,14278.0,8714.0,10842.0,8049.0,3277.0,3169.0,1585.0,13829.0,23948.0,36175.0,High (>100),,,,,209919.0,Yes,No,No,No,No,No,No,Rs. 5,Rs. 5,,,GT,,,No,55.0,<200 sqft,Micro Outlet,GUJARAT,Balance,yes,,,,,7999.992,,,,,,,,,,,,,,,,,1163.6352,,,,,,9163.6272,763.6356,2.33,12,GUJARAT,Retail,1919.3333333333333,6219.0,11496.0,9445.5,2677.0,1.12,0.05,2.08,0.75,10.0,15.48,D,150.0,0.0,1,0.0,0.0,424.12,-339.52,-80.1,False,D,1466.0,0.0,1.0,0.0,0.0,0.0,0.0,0.0,0.0,1,1.0,5.0,5.0,,1.0,1,4,Urban Transit Impulse GT,"This cluster consists of small urban GT outlets like paan kiosks, dairies, and tea shops, often near transit points. They cater to on-the-move shoppers seeking quick, affordable impulse purchases, with no premium category sales.","Prioritize counter-top displays and visible merchandising for single-serve, grab-and-go beverage and snack SKUs. Introduce combo offers (e.g., beverage + snack) at Rs. 20-30 price points."
120782.0,2572023,,2572023,Sri Ram Fancy Stors,Retail,21.195153,81.963242,Kerala,Ernakulam,Kunnathunad,Vengoor West,Rural,,Cosmetc / Fancy Str (Stand-alone),Anmol Agencies - Rd,93.14,1196.6,1233.87,1274.37,1202.15,1273.35,624.96,1220.81,546.65,1220.81,1220.81,1220.81,1220.81,1220.81,15,17,21,0.0,0.0,0.0,133.0,160.0,187.0,256.0,52.0,587.0,918.0,470.0,1285.0,247.0,213.0,79.0,869.0,1524.0,1492.0,Low (<30),0.0,0.0,0.0,0.0,214895.0,No,No,No,No,No,No,No,Rs. 5,,,,GT,,,No,90.0,<200 sqft,Micro Outlet,CHHATTISGARH,Balance,yes,,,,,409.0905,,5820.8604,,,,,,,,,,,,,,3286.6455,518.1813,,,,,,10034.7777,912.252518,6.64,11,East India,Retail,160.0,154.0,752.5,877.5,179.66666666666666,1220.81,1196.6,624.96,546.65,15.0,20.06,D,15.0,0.0,1,0.0,0.0,6238.35,5326.1,85.4,True,D+,4.0,0.0,0.0,0.0,0.0,0.0,0.0,0.0,0.0,1,1.0,5.0,,,0.0,1,4,Urban Transit Impulse GT,"This cluster consists of small urban GT outlets like paan kiosks, dairies, and tea shops, often near transit points. They cater to on-the-move shoppers seeking quick, affordable impulse purchases, with no premium category sales.","Prioritize counter-top displays and visible merchandising for single-serve, grab-and-go beverage and snack SKUs. Introduce combo offers (e.g., beverage + snack) at Rs. 20-30 price points."
119195.0,2457027,,2457027,Suvam Snacks  Parjang Market,Retail,20.922835,85.316823,Orissa,Dhenkanal,Parajang,Garhaparajang,Rural,,Chats & Snacks (Stand-alone),Purusottam Trading Co - Rd,11.85,7.71,71.37,80.4,0.84,0.0,10.01,71.63,13.06,68.73,68.73,68.73,68.73,68.73,3,9,18,0.0,0.0,0.0,8.0,9.0,11.0,19.0,2.0,90.0,147.0,142.0,236.0,114.0,123.0,50.0,178.0,245.0,398.0,Low (<30),0.0,0.0,0.0,0.0,53564.0,No,No,No,No,No,No,No,,,,,GT,,,No,230.0,200–300 sqft,Small Outlet,ORISSA,Balance,yes,4381.8138,,,,8981.8092,,5558.436,,,,,,,563.6358,,,1381.8168,4199.9958,,,4689.3279,5181.813,,,,,,34938.6483,3882.072033,9.33,9,East India,Retail,9.333333333333334,10.5,118.5,189.0,95.66666666666669,68.73,7.71,0.0,13.06,3.0,74.7,B,15.0,0.0,1,0.0,0.0,3051.62,-830.45,-27.2,False,B,848.0,0.0,0.0,0.0,0.0,0.0,0.0,0.0,0.0,1,2.0,,,,0.0,3,4,Urban Transit Impulse GT,"This cluster consists of small urban GT outlets like paan kiosks, dairies, and tea shops, often near transit points. They cater to on-the-move shoppers seeking quick, affordable impulse purchases, with no premium category sales.","Prioritize counter-top displays and visible merchandising for single-serve, grab-and-go beverage and snack SKUs. Introduce combo offers (e.g., beverage + snack) at Rs. 20-30 price points."
119309.0,2681094,,2681094,Chai Sutta Bar,Retail,24.97865,84.658557,Bihar,Aurangabad,Goh,Goh,Rural,,Tea Cafe (Chain),Anand Enterprises-Rd,12.2,0.3,38.2,85.03,13.62,0.0,17.85,39.28,37.91,38.71,38.66,38.66,38.66,38.66,15,21,29,0.0,0.0,0.0,13.0,23.0,33.0,74.0,19.0,136.0,208.0,405.0,541.0,337.0,337.0,130.0,140.0,268.0,1722.0,Low (<30),0.0,0.0,0.0,0.0,56050.0,No,No,No,No,No,No,No,Rs. 10,,,,Tea Café,,,Yes,115.0,<200 sqft,Micro Outlet,BIHAR,Balance,yes,399.9996,,,,510.2773,,4625.5756,,,,,,,,,,,,,,7585.4265,2117.7858,,,,,,15239.0648,1523.90648,5.6,10,East India,Retail,23.0,46.5,172.0,473.0,268.0,38.66,0.3,0.0,37.91,15.0,38.28,C,15.0,1.0,1,0.0,0.0,2145.47,621.56,29.0,True,C+,1068.0,1.0,0.0,0.0,0.0,0.0,0.0,0.0,0.0,1,1.0,10.0,,,0.0,2,4,Urban Transit Impulse GT,"This cluster consists of small urban GT outlets like paan kiosks, dairies, and tea shops, often near transit points. They cater to on-the-move shoppers seeking quick, affordable impulse purchases, with no premium category sales.","Prioritize counter-top displays and visible merchandising for single-serve, grab-and-go beverage and snack SKUs. Introduce combo offers (e.g., beverage + snack) at Rs. 20-30 price points."
120592.0,2588377,,2588377,Kaushik Automobile,Retail,22.361235,88.132415,West Bengal,S. 24 Parganas,Budge Budge - II,Chandua,Rural,,,Maa Sitala Enterprise-Rd,3.53,0.24,1.17,24.19,5.03,19.56,6.74,19.43,10.1,10.1,10.1,10.1,10.1,10.1,1,16,47,0.0,1.0,1.0,1.0,2.0,3.0,4.0,0.0,24.0,39.0,37.0,63.0,27.0,29.0,12.0,85.0,70.0,61.0,Low (<30),0.0,0.0,0.0,0.0,101053.0,No,No,No,No,No,No,No,,,,,Others,,,No,115.0,<200 sqft,Micro Outlet,WEST BENGAL,Balance,yes,,,,,653.3592,,20002.2856,,,,,,,,,,,162.8458,,,4072.6288,1560.4732,,,,,,26451.5926,2204.299383,9.08,12,East India,Retail,2.0,2.0,31.5,50.0,22.666666666666668,10.1,0.24,6.74,10.1,1.0,53.9,C,15.0,0.0,1,0.0,0.0,2758.44,554.14,20.1,True,C+,1095.0,0.0,0.0,0.0,0.0,0.0,0.0,0.0,0.0,1,1.0,,,,0.0,2,4,Urban Transit Impulse GT,"This cluster consists of small urban GT outlets like paan kiosks, dairies, and tea shops, often near transit points. They cater to on-the-move shoppers seeking quick, affordable impulse purchases, with no premium category sales.","Prioritize counter-top displays and visible merchandising for single-serve, grab-and-go beverage and snack SKUs. Introduce combo offers (e.g., beverage + snack) at Rs. 20-30 price points."
121307.0,2441941,,2441941,Rakeeb Pan,Retail,27.1467803,81.9664101,Uttar Pradesh,Gonda,Gonda,Gonda,Urban,Gonda,Cig / Paan Kiosk,M/S Siddhi Enterprises-Tt,9.22,0.3,1.23,47.98,1.38,1.41,1.35,98.4,0.82,97.29,97.29,97.29,97.29,97.29,17,58,104,0.0,4.0,4.0,156.0,355.0,1047.0,957.0,2332.0,3512.0,2224.0,2861.0,2656.0,1113.0,1386.0,693.0,2015.0,3789.0,14039.0,High (>100),0.0,0.0,0.0,0.0,116655.0,Yes,No,No,No,No,No,No,Rs. 5,Rs. 5,,,GT,,,No,55.0,<200 sqft,Micro Outlet,UTTAR PRADESH,Balance,yes,5945.4486,,,,1990.9071,218.1816,3147.3315,,,,2035.7208,,1240.7112,1090.908,,,1909.089,1309.0896,,,2156.2569,3890.9052,,,,,,24934.5495,2770.5055,15.78,9,UTTAR PRADESH,Retail,519.3333333333334,1644.5,2868.0,2758.5,1064.0,97.29,0.3,1.35,0.82,17.0,62.86,B,150.0,0.0,1,0.0,0.0,4154.0,1383.49,33.3,True,B+,418.0,0.0,1.0,0.0,0.0,0.0,0.0,0.0,0.0,1,1.0,5.0,5.0,,1.0,3,4,Urban Transit Impulse GT,"This cluster consists of small urban GT outlets like paan kiosks, dairies, and tea shops, often near transit points. They cater to on-the-move shoppers seeking quick, affordable impulse purchases, with no premium category sales.","Prioritize counter-top displays and visible merchandising for single-serve, grab-and-go beverage and snack SKUs. Introduce combo offers (e.g., beverage + snack) at Rs. 20-30 price points."
116667.0,1856527,,1856527,Bandhan Ladies Corner,Retail,22.268278,87.776315,West Bengal,Purba Medinipur,Moyna,Chongra,Rural,,Cosmetc / Fancy Str (Stand-alone),Sarada Agency - Rd,1.8,0.95,3.3,60.2,3.99,56.55,9.69,29.46,0.91,8.31,8.31,8.31,8.31,8.31,6,21,45,0.0,0.0,0.0,2.0,2.0,2.0,115.0,124.0,64.0,72.0,151.0,193.0,229.0,232.0,96.0,251.0,397.0,471.0,Low (<30),0.0,0.0,0.0,0.0,192706.0,No,No,No,No,No,No,No,Rs. 5,,,,GT,,,No,85.0,<200 sqft,Micro Outlet,WEST BENGAL,Balance,yes,2181.816,,,,571.1459,,1427.9955,,,,,,,618.1812,,,1434.7812,254.5452,,,1116.9418,2536.3611,,,,,,10141.7679,845.147325,8.92,12,East India,Retail,2.0,119.5,68.0,172.0,185.66666666666663,8.31,0.95,9.69,0.91,6.0,17.82,D,15.0,0.0,1,0.0,0.0,2532.53,1687.38,66.6,True,D+,379.0,0.0,0.0,0.0,0.0,0.0,0.0,0.0,0.0,1,1.0,5.0,,,0.0,1,4,Urban Transit Impulse GT,"This cluster consists of small urban GT outlets like paan kiosks, dairies, and tea shops, often near transit points. They cater to on-the-move shoppers seeking quick, affordable impulse purchases, with no premium category sales.","Prioritize counter-top displays and visible merchandising for single-serve, grab-and-go beverage and snack SKUs. Introduce combo offers (e.g., beverage + snack) at Rs. 20-30 price points."
115164.0,2599297,Delhi,2599297,Sharma Paneer,Retail,28.782543,77.1422247,Delhi,Delhi,Delhi,Delhi,Urban,Alipur,Dairy Str (Stand-alone),Super Agencies-Sdp,4.04,0.33,0.27,8.15,0.77,0.08,2.94,4.92,0.59,0.59,0.59,0.59,0.59,0.59,5,17,36,2.0,5.0,5.0,1031.0,493.0,542.0,703.0,986.0,1210.0,1395.0,1922.0,1729.0,337.0,322.0,362.0,1098.0,2505.0,6431.0,High (>100),11.0,132.0,75.0,3.0,253540.0,No,No,No,No,No,No,No,Rs. 5,,,,GT,Urban,5.54405,Yes,105.0,<200 sqft,Micro Outlet,NEW DELHI,Delhi,yes,,,,,363.636,,,,,,,,,,,,,181.818,,,,927.2718,,,,,,1472.7258,736.3629,6.0,2,North India,SC05-Retail,688.6666666666666,844.5,1302.5,1825.5,340.3333333333333,0.59,0.27,0.08,0.59,7.0,14.74,D,150.0,1.0,1,0.0,1.0,1713.73,977.37,57.0,True,D+,873.0,1.0,0.0,0.0,0.0,0.0,0.0,0.0,0.0,1,1.0,5.0,,,1.0,1,4,Urban Transit Impulse GT,"This cluster consists of small urban GT outlets like paan kiosks, dairies, and tea shops, often near transit points. They cater to on-the-move shoppers seeking quick, affordable impulse purchases, with no premium category sales.","Prioritize counter-top displays and visible merchandising for single-serve, grab-and-go beverage and snack SKUs. Introduce combo offers (e.g., beverage + snack) at Rs. 20-30 price points."
119951.0,2448205,Patna,2448205,Golden Corner,Retail,25.580735,85.141766,Bihar,Patna,Patna Rural,Patna,Urban,Dasratha Nagar,Chats & Snacks (Stand-alone),Pandav Brothers-Rd,1.44,0.16,0.28,3.29,1.19,0.0,2.56,2.72,0.4,0.4,0.4,0.4,0.4,0.4,28,106,208,3.0,10.0,30.0,53.0,87.0,96.0,284.0,403.0,600.0,383.0,458.0,420.0,163.0,161.0,47.0,268.0,597.0,2080.0,Low (<30),45.0,93.0,81.0,6.0,214385.0,No,No,No,No,No,No,No,,,,,GT,Urban,0.6,No,105.0,<200 sqft,Micro Outlet,BIHAR,Patna,yes,,,,,27917.7678,,9091.4696,,,,160.552,,,,,,,436.3632,,,4202.5976,19732.7988,,,,,,61541.549,5128.462417,9.42,12,East India,Retail,78.66666666666667,343.5,491.5,439.0,123.66666666666669,0.4,0.16,0.0,0.4,31.0,82.8,A,15.0,0.0,1,0.0,1.0,2426.6,-2701.87,-111.3,False,A,594.0,0.0,0.0,0.0,0.0,0.0,0.0,0.0,0.0,1,1.0,,,,1.0,4,4,Urban Transit Impulse GT,"This cluster consists of small urban GT outlets like paan kiosks, dairies, and tea shops, often near transit points. They cater to on-the-move shoppers seeking quick, affordable impulse purchases, with no premium category sales.","Prioritize counter-top displays and visible merchandising for single-serve, grab-and-go beverage and snack SKUs. Introduce combo offers (e.g., beverage + snack) at Rs. 20-30 price points."
113762.0,2587576,Kanpur,2587576,Nehru Tea Shop,Retail,26.470988,80.319867,Uttar Pradesh,Kanpur Nagar,Kanpur,Kanpur,Urban,Ashok Nagar,Tea Shop (Hot),Jai Maa Traders-Tt,1.24,0.07,0.51,1.68,0.37,0.93,1.94,1.72,0.13,0.13,0.13,0.13,0.13,0.13,50,174,344,4.0,16.0,52.0,220.0,196.0,227.0,448.0,483.0,688.0,575.0,741.0,673.0,212.0,186.0,321.0,676.0,1085.0,2509.0,High (>100),27.0,22.0,6.0,2.0,153007.0,No,Yes,No,No,No,No,No,Rs. 5,,Rs. 5,,GT,Urban,1.4,No,85.0,<200 sqft,Micro Outlet,UTTAR PRADESH,Kanpur,yes,,,,,109.0908,,2940.714,,,,1403.9649,,,,,,,9.0909,,,2298.9996,272.3318,,,,,,7034.192,703.4192,7.7,10,UTTAR PRADESH,Retail,214.3333333333333,465.5,631.5,707.0,239.66666666666663,0.13,0.07,0.93,0.13,54.0,13.7,D,150.0,0.0,1,0.0,1.0,1696.07,992.65,58.5,True,D+,863.0,0.0,0.0,1.0,0.0,0.0,0.0,0.0,0.0,1,1.0,5.0,,5.0,1.0,1,4,Urban Transit Impulse GT,"This cluster consists of small urban GT outlets like paan kiosks, dairies, and tea shops, often near transit points. They cater to on-the-move shoppers seeking quick, affordable impulse purchases, with no premium category sales.","Prioritize counter-top displays and visible merchandising for single-serve, grab-and-go beverage and snack SKUs. Introduce combo offers (e.g., beverage + snack) at Rs. 20-30 price points."
119765.0,2677401,,2677401,Sanjeeva Pan,Retail,13.21688441,74.82542077,Karnataka,Udupi,Udupi,Shirva,Rural,,Cig / Paan Kiosk,M/S Adithya Enterprises,12.79,1.09,6.05,30.49,5.26,10.63,6.6,18.45,5.31,5.31,5.31,5.31,5.31,5.31,3,8,12,0.0,0.0,0.0,63.0,89.0,115.0,141.0,21.0,417.0,663.0,485.0,984.0,264.0,212.0,77.0,606.0,874.0,1328.0,Low (<30),0.0,0.0,0.0,0.0,288370.0,Yes,No,No,No,No,No,No,Rs. 5,Rs. 5,,,GT,,,No,55.0,<200 sqft,Micro Outlet,KARNATAKA,Balance,yes,,,,,,,2976.228,,,,,,,,,,,,,,1921.104,218.1816,,,,,,5115.5136,465.046691,3.27,11,West India,Retail,89.0,81.0,540.0,734.5,184.3333333333333,5.31,1.09,6.6,5.31,3.0,7.22,D,15.0,0.0,1,0.0,0.0,886.24,421.19,47.5,True,D+,1215.0,0.0,1.0,0.0,0.0,0.0,0.0,0.0,0.0,1,1.0,5.0,5.0,,0.0,1,4,Urban Transit Impulse GT,"This cluster consists of small urban GT outlets like paan kiosks, dairies, and tea shops, often near transit points. They cater to on-the-move shoppers seeking quick, affordable impulse purchases, with no premium category sales.","Prioritize counter-top displays and visible merchandising for single-serve, grab-and-go beverage and snack SKUs. Introduce combo offers (e.g., beverage + snack) at Rs. 20-30 price points."
114622.0,2560666,,2560666,Siba Deva Snax,Retail,20.834093,85.090766,Orissa,Anugul,Anugul,Anugul,Urban,Anugul,Chats & Snacks (Stand-alone),Manoj Supply Agency,0.91,0.06,85.04,93.45,1.04,0.0,3.14,85.34,0.26,82.67,82.67,82.67,82.67,82.67,14,38,54,0.0,0.0,0.0,153.0,294.0,675.0,641.0,1216.0,1758.0,999.0,1280.0,1175.0,508.0,720.0,360.0,2159.0,3094.0,4061.0,High (>100),0.0,0.0,0.0,0.0,461817.0,No,No,No,No,No,No,No,,,,,GT,,,No,175.0,<200 sqft,Micro Outlet,ORISSA,Balance,yes,6145.4484,,,,6654.5388,,1822.1718,,,,,,,781.8174,,,1727.271,1009.0899,,,2216.2162,6409.0845,,,,,,26765.638,2230.469833,17.75,12,East India,Retail,374.0,928.5,1378.5,1227.5,529.3333333333334,82.67,0.06,0.0,0.26,14.0,54.34,C,150.0,0.0,1,0.0,0.0,5067.57,2837.1,56.0,True,C+,148.0,0.0,0.0,0.0,0.0,0.0,0.0,0.0,0.0,1,1.0,,,,1.0,2,4,Urban Transit Impulse GT,"This cluster consists of small urban GT outlets like paan kiosks, dairies, and tea shops, often near transit points. They cater to on-the-move shoppers seeking quick, affordable impulse purchases, with no premium category sales.","Prioritize counter-top displays and visible merchandising for single-serve, grab-and-go beverage and snack SKUs. Introduce combo offers (e.g., beverage + snack) at Rs. 20-30 price points."
112076.0,S00015286,Kolkata,S00015286,Sanjoy Pan,Retail,22.612711,88.387877,West Bengal,Kolkata,Kolkata,Kolkata,Urban,Paikpara,Cig / Paan Kiosk,Baba Lokenath Agency,2.12,0.07,0.69,2.85,0.68,0.19,0.76,1.43,0.06,0.06,0.06,0.06,0.06,0.06,40,119,236,0.0,17.0,34.0,257.0,361.0,298.0,616.0,711.0,657.0,850.0,1096.0,830.0,358.0,177.0,317.0,1524.0,1499.0,2405.0,High (>100),0.0,0.0,0.0,0.0,292921.0,Yes,No,No,No,No,No,No,Rs. 5,Rs. 5,,,GT,Urban,0.4,No,45.0,<200 sqft,Micro Outlet,WEST BENGAL,Kolkata,yes,18.1818,,,,2771.9341,90.909,947.4654,,,,54.546,,,,,,,1145.4534,,,815.5208,6351.7727,,,,,,12195.7832,1016.315267,12.83,12,East India,Retail,305.3333333333333,663.5,753.5,963.0,284.0,0.06,0.07,0.19,0.06,40.0,23.38,D,150.0,0.0,1,0.0,1.0,3176.64,2160.33,68.0,True,D+,198.0,0.0,1.0,0.0,0.0,0.0,0.0,0.0,0.0,1,1.0,5.0,5.0,,1.0,1,4,Urban Transit Impulse GT,"This cluster consists of small urban GT outlets like paan kiosks, dairies, and tea shops, often near transit points. They cater to on-the-move shoppers seeking quick, affordable impulse purchases, with no premium category sales.","Prioritize counter-top displays and visible merchandising for single-serve, grab-and-go beverage and snack SKUs. Introduce combo offers (e.g., beverage + snack) at Rs. 20-30 price points."
120936.0,2540003,,2540003,Ksg Cafe,Retail,26.5820235,74.8311254,Rajasthan,Ajmer,Kishangarh,Kishangarh (Ajmer distt),Urban,Krishnapuri,Coffee Shop (Stand-alone),Shri Shyam Egency,6.23,87.3,22.2,22.62,1.77,115.68,2.63,20.99,2.36,20.25,20.25,20.25,20.25,20.25,12,59,101,0.0,0.0,0.0,13.0,13.0,12.0,14.0,33.0,31.0,36.0,86.0,77.0,19.0,22.0,55.0,41.0,95.0,244.0,Low (<30),0.0,0.0,0.0,0.0,2426378.0,No,No,No,No,No,No,No,,,,,Coffee Shop,,,No,90.0,<200 sqft,Micro Outlet,RAJASTHAN,Balance,yes,,,,,,,944.6715,,,,437.8692,,,,,,,,,,590.2476,,,,,,,1972.7883,493.197075,4.5,4,North India,Retail,12.666666666666666,23.5,33.5,81.5,32.0,20.25,22.2,2.63,2.36,12.0,7.94,D,15.0,0.0,1,0.0,0.0,960.9,467.7,48.7,True,D+,1190.0,0.0,0.0,0.0,0.0,0.0,0.0,0.0,0.0,1,1.0,,,,1.0,1,4,Urban Transit Impulse GT,"This cluster consists of small urban GT outlets like paan kiosks, dairies, and tea shops, often near transit points. They cater to on-the-move shoppers seeking quick, affordable impulse purchases, with no premium category sales.","Prioritize counter-top displays and visible merchandising for single-serve, grab-and-go beverage and snack SKUs. Introduce combo offers (e.g., beverage + snack) at Rs. 20-30 price points."
117461.0,2570162,,2570162,Naga Vaishnavi Fancy  Cd,Retail,16.29093833,80.63545,Andhra Pradesh,Guntur,Tenali,Gudivada,Rural,,Cosmetc / Fancy Str (Stand-alone),Sri Lakshmivenkateswara Enterprises,2.53,1.04,2.45,21.88,0.79,0.0,0.96,19.37,5.67,17.07,16.88,16.88,16.88,16.88,2,5,6,0.0,0.0,1.0,6.0,6.0,5.0,35.0,3.0,187.0,304.0,278.0,482.0,193.0,208.0,83.0,370.0,547.0,343.0,Low (<30),0.0,0.0,0.0,0.0,129597.0,No,No,No,No,No,No,No,Rs. 5,,,,GT,,,No,100.0,<200 sqft,Micro Outlet,ANDHRA PRADESH,Balance,yes,,,,,872.7264,,3436.647,,,,,,,,,,,,,,1856.565,1627.2711,,,,,,7793.2095,779.32095,9.0,10,South India,Retail,5.666666666666667,19.0,245.5,380.0,161.33333333333334,16.88,1.04,0.0,5.67,2.0,16.12,D,15.0,0.0,1,0.0,0.0,2621.03,1841.71,70.3,True,D+,300.0,0.0,0.0,0.0,0.0,0.0,0.0,0.0,0.0,1,1.0,5.0,,,0.0,1,4,Urban Transit Impulse GT,"This cluster consists of small urban GT outlets like paan kiosks, dairies, and tea shops, often near transit points. They cater to on-the-move shoppers seeking quick, affordable impulse purchases, with no premium category sales.","Prioritize counter-top displays and visible merchandising for single-serve, grab-and-go beverage and snack SKUs. Introduce combo offers (e.g., beverage + snack) at Rs. 20-30 price points."
118664.0,1814672,Kolkata,1814672,Matri Stmaa Anapurna Hotel,Retail,22.459073,88.395693,West Bengal,S. 24 Parganas,Rajpur Sonarpur unassignd,Rajpur Sonarpur,Urban,Fartabad,S. Ind Restaurnt,Tarama Enterprise,2.66,0.26,1.57,6.44,1.1,0.81,0.88,2.17,1.97,1.97,1.97,1.97,1.97,1.97,6,35,75,0.0,12.0,22.0,184.0,229.0,208.0,524.0,513.0,573.0,685.0,617.0,545.0,141.0,109.0,58.0,1361.0,1137.0,1046.0,Medium (30 to 100),0.0,0.0,0.0,0.0,90963.0,No,No,No,No,No,No,No,,,,,Restaurants,Periphery,0.6,Yes,100.0,<200 sqft,Micro Outlet,WEST BENGAL,Kolkata,yes,,,,,1736.3619,,1103.6387,,,,,,,,,,,690.9084,,,7843.9257,4027.2687,,,,,,15402.1034,1283.508617,9.33,12,East India,Retail,207.0,518.5,629.0,581.0,102.66666666666669,1.97,0.26,0.81,1.97,6.0,31.64,C,,1.0,1,0.0,0.0,2844.27,1560.76,54.9,True,C+,611.0,1.0,0.0,0.0,0.0,0.0,0.0,0.0,0.0,1,1.0,,,,1.0,2,4,Urban Transit Impulse GT,"This cluster consists of small urban GT outlets like paan kiosks, dairies, and tea shops, often near transit points. They cater to on-the-move shoppers seeking quick, affordable impulse purchases, with no premium category sales.","Prioritize counter-top displays and visible merchandising for single-serve, grab-and-go beverage and snack SKUs. Introduce combo offers (e.g., beverage + snack) at Rs. 20-30 price points."
115676.0,1909895,Chennai,1909895,Ankitha Chat House,Retail,13.096872,80.278411,Tamil Nadu,Chennai,Chennai,Chennai,Urban,Perumal Koil Garden,Chats & Snacks (Stand-alone),Sree Sai Agencies-Tt,1.32,0.1,0.82,1.4,0.23,0.36,0.72,0.45,0.2,0.28,0.28,0.28,0.0,0.2,42,140,259,3.0,19.0,29.0,525.0,689.0,750.0,1405.0,1480.0,1978.0,1955.0,1773.0,1675.0,357.0,252.0,139.0,1917.0,3870.0,5903.0,Medium (30 to 100),0.0,0.0,0.0,0.0,172849.0,No,No,No,No,No,No,No,,,,,GT,Urban,1.8,No,50.0,<200 sqft,Micro Outlet,TAMIL NADU,Chennai,yes,1018.1808,,727.272,,5099.9949,,4265.7634,,,,,,,,,318.182,145.4544,,1887.7468,,2677.257,9990.8991,,,,,,26130.7504,2903.416711,15.22,9,South India,Retail,654.6666666666666,1442.5,1966.5,1724.0,249.3333333333333,0.0,0.1,0.36,0.2,45.0,64.66,B,,0.0,1,0.0,1.0,3803.44,900.02,23.7,True,B+,531.0,0.0,0.0,0.0,0.0,0.0,0.0,0.0,0.0,1,1.0,,,,1.0,3,4,Urban Transit Impulse GT,"This cluster consists of small urban GT outlets like paan kiosks, dairies, and tea shops, often near transit points. They cater to on-the-move shoppers seeking quick, affordable impulse purchases, with no premium category sales.","Prioritize counter-top displays and visible merchandising for single-serve, grab-and-go beverage and snack SKUs. Introduce combo offers (e.g., beverage + snack) at Rs. 20-30 price points."
114905.0,2513895,Agra,2513895,Shri Radhe Dairy,Retail,27.225042,78.021655,Uttar Pradesh,Agra,Agra,Agra,Urban,Bhur Ka Bagh,Dairy str,Maa Lakshmi Trading Company-Tt,5.54,0.54,0.84,3.49,0.29,1.9,3.44,1.42,0.28,0.28,0.28,0.28,0.28,0.28,6,42,110,1.0,8.0,28.0,87.0,91.0,116.0,186.0,241.0,402.0,260.0,204.0,200.0,14.0,18.0,3.0,184.0,455.0,1078.0,High (>100),0.0,0.0,0.0,0.0,155851.0,No,No,No,No,No,No,No,,,,,GT,Urban,0.2,Yes,80.0,<200 sqft,Micro Outlet,UTTAR PRADESH,Agra,yes,506.7189,,,,2650.5908,541.502,2833.1892,,,,1439.5644,,,1086.165,,,145.4544,1926.8769,,,2753.7858,5417.3886,,,,,,19301.236,1608.436333,17.17,12,UTTAR PRADESH,Retail,98.0,213.5,331.0,202.0,11.666666666666666,0.28,0.54,1.9,0.28,7.0,40.38,C,150.0,1.0,1,0.0,1.0,5026.47,3418.04,68.0,True,C+,65.0,1.0,0.0,0.0,0.0,0.0,0.0,0.0,0.0,1,1.0,,,,1.0,2,4,Urban Transit Impulse GT,"This cluster consists of small urban GT outlets like paan kiosks, dairies, and tea shops, often near transit points. They cater to on-the-move shoppers seeking quick, affordable impulse purchases, with no premium category sales.","Prioritize counter-top displays and visible merchandising for single-serve, grab-and-go beverage and snack SKUs. Introduce combo offers (e.g., beverage + snack) at Rs. 20-30 price points."
113913.0,2621301,Nagpur,2621301,Anvi Ice Cream And Namkeen,Retail,21.1771768,79.0944194,Maharashtra,Nagpur,Nagpur (Urban),Nagpur,Urban,Chacks Colony,Ice Cream Parlour (Stand-alone),Arnav Traders,3.55,0.09,0.4,3.73,0.14,467.98,2.83,0.77,0.15,0.15,0.15,0.15,0.15,0.15,24,78,185,4.0,18.0,49.0,40.0,96.0,215.0,234.0,451.0,658.0,397.0,522.0,559.0,216.0,209.0,104.0,667.0,1261.0,1792.0,High (>100),72.0,35.0,1.0,1.0,221818.0,No,No,No,No,No,No,No,,,,,GT,Urban,4.02456,Yes,135.0,<200 sqft,Micro Outlet,MAHARASHTRA,Nagpur,yes,,,0.0,,11365.9988,999.999,,,,,,,,,,,,1899.6042,,,3750.0375,12567.1845,,,,,,30582.824,3058.2824,15.2,10,MAHARASHTRA,Retail,117.0,342.5,527.5,540.5,176.33333333333334,0.15,0.09,2.83,0.15,28.0,66.56,B,150.0,1.0,1,0.0,1.0,4416.76,1358.48,30.8,True,B+,423.0,1.0,0.0,0.0,0.0,0.0,0.0,0.0,0.0,1,1.0,,,,1.0,3,4,Urban Transit Impulse GT,"This cluster consists of small urban GT outlets like paan kiosks, dairies, and tea shops, often near transit points. They cater to on-the-move shoppers seeking quick, affordable impulse purchases, with no premium category sales.","Prioritize counter-top displays and visible merchandising for single-serve, grab-and-go beverage and snack SKUs. Introduce combo offers (e.g., beverage + snack) at Rs. 20-30 price points."
103938.0,1590414,Kalaburagi,1590414,Shree Sangameshwar Gvb,Retail,17.675682,75.906372,Maharashtra,Solapur,Solapur North,Solapur,Urban,Sidheshwar Peth,,Varad Agency,4.38,0.09,0.3,2.22,0.04,0.46,1.87,0.11,0.06,0.11,0.11,0.11,0.11,0.06,45,109,166,10.0,27.0,32.0,144.0,206.0,232.0,397.0,488.0,770.0,896.0,843.0,848.0,178.0,160.0,230.0,638.0,1168.0,2874.0,High (>100),0.0,0.0,0.0,0.0,214451.0,No,No,No,No,No,No,No,,,,,Others,Urban,0.9,No,60.0,<200 sqft,Micro Outlet,MAHARASHTRA,Balance,yes,88.5375,,,,660.0802,,,,78.261,,,,,,,,,,,,,535.9692,,,,,,1362.8479,454.282633,5.0,3,MAHARASHTRA,Retail,194.0,442.5,833.0,845.5,189.3333333333333,0.06,0.09,0.46,0.06,55.0,7.02,D,150.0,0.0,1,0.0,1.0,770.28,316.0,41.0,True,D+,1258.0,0.0,0.0,0.0,0.0,0.0,0.0,0.0,0.0,1,1.0,,,,1.0,1,4,Urban Transit Impulse GT,"This cluster consists of small urban GT outlets like paan kiosks, dairies, and tea shops, often near transit points. They cater to on-the-move shoppers seeking quick, affordable impulse purchases, with no premium category sales.","Prioritize counter-top displays and visible merchandising for single-serve, grab-and-go beverage and snack SKUs. Introduce combo offers (e.g., beverage + snack) at Rs. 20-30 price points."
114036.0,2673382,Patiala,2673382,Dream Puff,Retail,30.348228,76.441961,Punjab,Patiala,Patiala,Patiala,Urban,,Chats & Snacks (Stand-alone),Durga Trading Company,11.68,0.35,1.08,4.08,0.54,34.16,2.43,4.72,0.24,3.05,3.05,3.05,0.24,0.24,9,26,52,1.0,6.0,7.0,7079.0,5354.0,6739.0,10939.0,10986.0,17874.0,17033.0,15870.0,15962.0,2005.0,2277.0,805.0,17502.0,35250.0,57189.0,High (>100),0.0,0.0,0.0,0.0,99943.0,No,No,No,No,No,No,No,,,,,GT,Periphery,0.7,No,150.0,<200 sqft,Micro Outlet,PUNJAB,Patiala,yes,5978.6508,,109.0908,,1990.9071,199.9998,343.5396,327.2724,595.9065,,,,,1856.9154,,581.8176,3758.0994,463.6359,2672.7246,259.259,132.5284,3163.6332,,,,,,22433.9805,2243.39805,18.3,10,North India,Retail,6390.666666666667,10962.5,17453.5,15916.0,1695.6666666666667,0.24,0.35,2.43,0.24,10.0,54.56,C,150.0,0.0,1,0.0,0.0,5163.66,2920.27,56.6,True,C+,128.0,0.0,0.0,0.0,0.0,0.0,0.0,0.0,0.0,1,1.0,,,,1.0,2,4,Urban Transit Impulse GT,"This cluster consists of small urban GT outlets like paan kiosks, dairies, and tea shops, often near transit points. They cater to on-the-move shoppers seeking quick, affordable impulse purchases, with no premium category sales.","Prioritize counter-top displays and visible merchandising for single-serve, grab-and-go beverage and snack SKUs. Introduce combo offers (e.g., beverage + snack) at Rs. 20-30 price points."
121527.0,S01196197,,S01196197,Vedas Snacks N More,Retail,25.643479,85.100891,Bihar,Patna,Patna Rural,Digha Diara,Rural,,Chats & Snacks (Stand-alone),Kamla Trading - Tt,1.88,0.06,0.8,5.12,1.26,0.0,4.06,1.18,1.18,1.18,1.18,1.18,1.18,1.18,18,39,74,2.0,6.0,13.0,0.0,0.0,0.0,0.0,0.0,1.0,1.0,1.0,2.0,1.0,0.0,0.0,1.0,2.0,3.0,Low (<30),16.0,12.0,4.0,0.0,155818.0,No,No,No,No,No,No,No,,,,,GT,,,No,230.0,200–300 sqft,Small Outlet,BIHAR,Patna,yes,4090.905,,,,6117.3853,172.7271,320.3607,1090.908,327.2724,,,,,1636.362,,,5672.7216,1772.7255,916.3632,,397.3496,8462.8388,,,,,,30977.9192,3097.79192,15.9,10,East India,Retail,0.0,0.0,1.0,1.5,0.3333333333333333,1.18,0.06,0.0,1.18,20.0,67.18,B,15.0,0.0,1,0.0,0.0,4748.07,1650.28,34.8,True,B+,358.0,0.0,0.0,0.0,0.0,0.0,0.0,0.0,0.0,1,2.0,,,,0.0,3,4,Urban Transit Impulse GT,"This cluster consists of small urban GT outlets like paan kiosks, dairies, and tea shops, often near transit points. They cater to on-the-move shoppers seeking quick, affordable impulse purchases, with no premium category sales.","Prioritize counter-top displays and visible merchandising for single-serve, grab-and-go beverage and snack SKUs. Introduce combo offers (e.g., beverage + snack) at Rs. 20-30 price points."
101268.0,S00899224,,S00899224,Munna Std,Retail,34.209941,74.339694,Jammu & Kashmir,Baramula,Baramula,Baramula,Urban,Baramula,,Shafqat Enterprises,6.66,0.24,2.41,173.77,42.8,0.0,41.14,174.42,170.94,0.0,0.0,0.0,0.0,0.0,26,45,62,0.0,0.0,1.0,205.0,402.0,788.0,830.0,1345.0,1868.0,1571.0,2038.0,1890.0,532.0,171.0,86.0,1025.0,2604.0,9626.0,High (>100),0.0,0.0,0.0,0.0,126027.0,No,No,No,No,No,No,No,,,,,Others,,,No,90.0,<200 sqft,Micro Outlet,JAMMU & KASHMIR,Balance,yes,37254.5082,,,,7436.3562,272.727,4266.096,1527.2712,,,,,625.4544,7509.0834,1718.1819,,11854.5336,2581.8156,,,1032.12,15754.5297,,,,,,91832.6772,8348.4252,23.27,11,North India,Retail,465.0,1087.5,1719.5,1964.0,263.0,0.0,0.24,0.0,170.94,26.0,91.66,A,150.0,0.0,1,0.0,0.0,7740.67,-607.76,-7.9,False,A,389.0,0.0,0.0,0.0,0.0,0.0,0.0,0.0,0.0,1,1.0,,,,1.0,4,4,Urban Transit Impulse GT,"This cluster consists of small urban GT outlets like paan kiosks, dairies, and tea shops, often near transit points. They cater to on-the-move shoppers seeking quick, affordable impulse purchases, with no premium category sales.","Prioritize counter-top displays and visible merchandising for single-serve, grab-and-go beverage and snack SKUs. Introduce combo offers (e.g., beverage + snack) at Rs. 20-30 price points."
114036.0,1532600,Patiala,1532600,Verka Booth,Retail,30.331944,76.389055,Punjab,Patiala,Patiala,Patiala,Urban,Baradari (S),Dairy str,Durga Trading Company,6.43,0.19,0.23,9.34,0.26,30.75,1.4,0.79,0.13,0.79,0.79,0.79,0.17,0.17,6,68,114,3.0,8.0,19.0,125.0,84.0,109.0,186.0,153.0,262.0,255.0,235.0,245.0,30.0,32.0,7.0,261.0,472.0,950.0,Low (<30),0.0,0.0,0.0,0.0,99943.0,No,No,No,No,No,No,No,,,,,GT,Urban,2.0,Yes,80.0,<200 sqft,Micro Outlet,PUNJAB,Patiala,yes,3199.9968,,418.1814,,3972.7233,,1457.6037,72.7272,,,165.1392,,,799.9992,190.9091,,1909.089,899.9991,,,1067.6917,6825.4248,,,,,,20979.4845,1748.290375,14.08,12,North India,Retail,106.0,169.5,258.5,240.0,23.0,0.17,0.19,1.4,0.13,9.0,43.92,C,15.0,1.0,1,0.0,1.0,4140.8,2392.51,57.8,True,C+,271.0,1.0,0.0,0.0,0.0,0.0,0.0,0.0,0.0,1,1.0,,,,1.0,2,4,Urban Transit Impulse GT,"This cluster consists of small urban GT outlets like paan kiosks, dairies, and tea shops, often near transit points. They cater to on-the-move shoppers seeking quick, affordable impulse purchases, with no premium category sales.","Prioritize counter-top displays and visible merchandising for single-serve, grab-and-go beverage and snack SKUs. Introduce combo offers (e.g., beverage + snack) at Rs. 20-30 price points."
114156.0,2793737,,2793737,ONE MINUTE PAN SHOP,Retail,25.473902,80.335843,Uttar Pradesh,Banda,Banda,Banda (UP),Urban,Pili Koti,Cig / Paan Kiosk,Chaurasiya Agency,1.71,0.13,0.71,68.03,0.65,0.46,0.36,107.13,0.13,97.38,97.38,97.38,97.38,97.38,64,122,150,1.0,3.0,4.0,106.0,132.0,132.0,276.0,406.0,452.0,402.0,497.0,442.0,118.0,145.0,221.0,357.0,662.0,2005.0,High (>100),0.0,0.0,0.0,0.0,81937.0,Yes,No,No,No,No,No,No,Rs. 5,Rs. 5,,,GT,,,No,55.0,<200 sqft,Micro Outlet,UTTAR PRADESH,Balance,yes,,,,,218.1816,,1205.361,,,,910.7172,,,,,,399.9996,,,,642.8592,1309.0896,,,,,,4686.2082,1171.55205,8.5,4,UTTAR PRADESH,Retail,123.33333333333331,341.0,427.0,469.5,161.33333333333334,97.38,0.13,0.36,0.13,65.0,27.82,D,150.0,0.0,1,0.0,0.0,1646.81,475.25,28.9,True,D+,1186.0,0.0,1.0,0.0,0.0,0.0,0.0,0.0,0.0,1,1.0,5.0,5.0,,1.0,1,4,Urban Transit Impulse GT,"This cluster consists of small urban GT outlets like paan kiosks, dairies, and tea shops, often near transit points. They cater to on-the-move shoppers seeking quick, affordable impulse purchases, with no premium category sales.","Prioritize counter-top displays and visible merchandising for single-serve, grab-and-go beverage and snack SKUs. Introduce combo offers (e.g., beverage + snack) at Rs. 20-30 price points."
117610.0,2709438,,2709438,Rajlaxmi Pan Shop,Retail,20.516127,86.392678,Orissa,Kendrapara,Kendrapara,Kendrapara,Urban,Kendrapara,Cig / Paan Kiosk,Biswa Marketing Co - Rd,3.87,0.83,40.98,47.18,0.63,0.0,24.26,49.22,39.29,47.12,47.12,47.12,47.12,47.12,13,27,60,0.0,0.0,0.0,31.0,70.0,341.0,248.0,995.0,1625.0,980.0,1277.0,1308.0,575.0,961.0,480.0,1419.0,2402.0,5241.0,High (>100),0.0,0.0,0.0,0.0,732994.0,Yes,No,No,No,No,No,No,Rs. 5,Rs. 5,,,GT,,,No,55.0,<200 sqft,Micro Outlet,ORISSA,Balance,yes,1958.8914,,,,2286.1644,,17482.2284,,,,3377.6504,,,836.3628,,,1252.9632,309.0906,327.2724,,5450.8664,3363.2391,,,,,,36644.7291,3664.47291,19.0,10,East India,Retail,147.33333333333334,621.5,1302.5,1292.5,672.0,47.12,0.83,0.0,39.29,13.0,72.62,B,150.0,0.0,1,0.0,0.0,5435.38,1770.91,32.6,True,B+,333.0,0.0,1.0,0.0,0.0,0.0,0.0,0.0,0.0,1,1.0,5.0,5.0,,1.0,3,4,Urban Transit Impulse GT,"This cluster consists of small urban GT outlets like paan kiosks, dairies, and tea shops, often near transit points. They cater to on-the-move shoppers seeking quick, affordable impulse purchases, with no premium category sales.","Prioritize counter-top displays and visible merchandising for single-serve, grab-and-go beverage and snack SKUs. Introduce combo offers (e.g., beverage + snack) at Rs. 20-30 price points."
121112.0,1419577,Mysore,1419577,Priya Dharshan Hotel,Retail,12.357332,76.580376,Karnataka,Mysore,Mysore,Belvata,Urban,Belvata,S. Ind Restaurnt,Jumbotail Wholesale Private Limited,2.14,1.31,1.62,13.45,2.11,1.1,3.28,3.97,1.35,1.35,1.35,1.35,1.35,1.35,1,9,22,0.0,1.0,3.0,37.0,85.0,162.0,191.0,299.0,416.0,261.0,331.0,277.0,100.0,67.0,34.0,573.0,997.0,807.0,High (>100),270.0,56.0,16.0,0.0,0.0,No,No,No,No,No,No,No,,,,,Restaurants,Periphery,2.6397,Yes,190.0,<200 sqft,Micro Outlet,KARNATAKA,Mysuru,yes,598.4187,,,,2244.2732,,3410.872,,,,,,,,,,208.6956,,,,4264.5345,4430.0412,,,,,,15156.8352,1684.0928,13.0,9,West India,Retail,94.66666666666669,245.0,338.5,304.0,67.0,1.35,1.31,1.1,1.35,1.0,42.28,C,150.0,1.0,1,0.0,0.0,4076.66,2392.57,58.7,True,C+,270.0,1.0,0.0,0.0,0.0,0.0,0.0,0.0,0.0,1,1.0,,,,1.0,2,4,Urban Transit Impulse GT,"This cluster consists of small urban GT outlets like paan kiosks, dairies, and tea shops, often near transit points. They cater to on-the-move shoppers seeking quick, affordable impulse purchases, with no premium category sales.","Prioritize counter-top displays and visible merchandising for single-serve, grab-and-go beverage and snack SKUs. Introduce combo offers (e.g., beverage + snack) at Rs. 20-30 price points."
120653.0,S00270135,Delhi,S00270135,Ashok Pan 1,AFH - Others,28.500306,77.183967,Delhi,Delhi,Delhi,Delhi,Urban,Chhatarpur,Cig / Paan Kiosk,Nirman Retail Holdings,3.53,0.24,0.34,2.43,1.01,0.04,1.14,2.38,0.15,0.15,0.15,0.15,0.15,0.15,9,27,56,1.0,7.0,15.0,2519.0,1168.0,1408.0,2304.0,2186.0,3002.0,2795.0,2657.0,2485.0,529.0,418.0,239.0,2912.0,5122.0,10922.0,High (>100),80.0,455.0,1145.0,165.0,314102.0,Yes,No,No,No,No,No,No,Rs. 5,Rs. 5,,,GT,Urban,6.04404,Yes,50.0,<200 sqft,Micro Outlet,NEW DELHI,Gurugram,yes,35109.6224,,727.272,,27015.7914,1636.362,334.8225,3127.2696,163.6362,,53.5716,,,6953.3532,,1172.7261,16203.326,8094.8556,2754.5427,333.333,53.5716,37029.2234,222.222,,,,,140985.5013,12816.863755,31.82,11,North India,OPSC21-AFH - Others,1698.3333333333333,2245.0,2898.5,2571.0,395.3333333333333,0.15,0.24,0.04,0.15,10.0,96.32,A,150.0,1.0,1,0.0,1.0,9106.69,-3710.18,-40.7,False,A,671.0,1.0,1.0,0.0,0.0,0.0,0.0,0.0,0.0,1,1.0,5.0,5.0,,1.0,4,4,Urban Transit Impulse GT,"This cluster consists of small urban GT outlets like paan kiosks, dairies, and tea shops, often near transit points. They cater to on-the-move shoppers seeking quick, affordable impulse purchases, with no premium category sales.","Prioritize counter-top displays and visible merchandising for single-serve, grab-and-go beverage and snack SKUs. Introduce combo offers (e.g., beverage + snack) at Rs. 20-30 price points."
121774.0,1860555,Udaipur,1860555,Asha Dudh Dairy,Retail,24.624387,73.71438,Rajasthan,Udaipur,Girwa,Udaipur,Urban,,Dairy str,Subham Agencies,4.54,93.45,2.92,3.21,0.15,358.95,4.85,1.8,1.75,1.8,1.8,1.8,1.8,1.8,8,22,51,0.0,0.0,4.0,6155.0,5217.0,6521.0,9185.0,10007.0,16145.0,16402.0,16843.0,16600.0,3488.0,2770.0,3069.0,15292.0,30025.0,52683.0,High (>100),0.0,0.0,0.0,0.0,205121.0,No,No,No,No,No,No,No,,,,,GT,Periphery,2.3,Yes,105.0,<200 sqft,Micro Outlet,RAJASTHAN,Balance,yes,,,,,3854.5416,363.636,,,,,,,,,,,,909.09,,,,1090.908,,,,,,6218.1756,888.3108,5.22,7,North India,Retail,5964.333333333333,9596.0,16273.5,16721.5,3109.0,1.8,2.92,4.85,1.75,8.0,19.12,D,150.0,1.0,1,0.0,0.0,1563.86,675.54,43.2,True,D+,1070.0,1.0,0.0,0.0,0.0,0.0,0.0,0.0,0.0,1,1.0,,,,1.0,1,4,Urban Transit Impulse GT,"This cluster consists of small urban GT outlets like paan kiosks, dairies, and tea shops, often near transit points. They cater to on-the-move shoppers seeking quick, affordable impulse purchases, with no premium category sales.","Prioritize counter-top displays and visible merchandising for single-serve, grab-and-go beverage and snack SKUs. Introduce combo offers (e.g., beverage + snack) at Rs. 20-30 price points."
118101.0,2802775,,2802775,KHODIYAR PAN,Retail,21.751399,72.100347,Gujarat,Bhavnagar,Bhavnagar,Bhavnagar,Urban,Indiranagar,Cig / Paan Kiosk,Moralidhar Sales,5.52,0.25,0.61,92.76,5.97,92.77,2.09,0.98,0.39,0.39,0.39,0.39,0.39,0.39,5,20,34,1.0,2.0,3.0,26.0,27.0,32.0,42.0,69.0,103.0,116.0,252.0,223.0,44.0,57.0,102.0,123.0,275.0,599.0,Low (<30),,,,,229712.0,Yes,No,No,No,No,No,No,Rs. 5,Rs. 5,,,GT,,,No,65.0,<200 sqft,Micro Outlet,GUJARAT,Balance,yes,,,,,818.181,,,,,,,,,,,,,,,,,,,,,,,818.181,204.54525,1.0,4,GUJARAT,Retail,28.33333333333333,55.5,109.5,237.5,67.66666666666667,0.39,0.25,2.09,0.39,6.0,2.0,D,15.0,0.0,1,0.0,0.0,0.0,-204.55,,False,D,1453.0,0.0,1.0,0.0,0.0,0.0,0.0,0.0,0.0,1,1.0,5.0,5.0,,1.0,1,4,Urban Transit Impulse GT,"This cluster consists of small urban GT outlets like paan kiosks, dairies, and tea shops, often near transit points. They cater to on-the-move shoppers seeking quick, affordable impulse purchases, with no premium category sales.","Prioritize counter-top displays and visible merchandising for single-serve, grab-and-go beverage and snack SKUs. Introduce combo offers (e.g., beverage + snack) at Rs. 20-30 price points."
104590.0,2413495,,2413495,Vijay Tea Stall,Retail,32.273498,75.636522,Punjab,Gurdaspur,Pathankot,Pathankot,Urban,Shaheed Lt Triveni Singh Nagar,Tea Shop (Hot),V.R.Traders,5.64,0.66,1.42,19.77,1.43,27.51,1.06,1.57,0.28,1.57,1.57,1.57,0.28,0.28,8,42,74,0.0,4.0,4.0,55.0,36.0,45.0,59.0,52.0,99.0,121.0,123.0,138.0,9.0,11.0,10.0,106.0,202.0,391.0,Low (<30),0.0,0.0,0.0,0.0,165339.0,No,Yes,No,No,No,No,No,Rs. 5,,Rs. 5,,GT,,,No,110.0,<200 sqft,Micro Outlet,PUNJAB,Balance,yes,1254.5442,,109.0908,,10576.6713,806.325,688.08,18.1818,,,110.0928,,,581.8176,,,2145.4524,4867.98,,,247.7088,14331.2156,,,,,,35737.1603,2978.096692,13.67,12,North India,Retail,45.333333333333336,55.5,110.0,130.5,10.0,0.28,0.66,1.06,0.28,8.0,65.56,B,15.0,0.0,1,0.0,0.0,3791.17,813.08,21.4,True,B+,549.0,0.0,0.0,1.0,0.0,0.0,0.0,0.0,0.0,1,1.0,5.0,,5.0,1.0,3,4,Urban Transit Impulse GT,"This cluster consists of small urban GT outlets like paan kiosks, dairies, and tea shops, often near transit points. They cater to on-the-move shoppers seeking quick, affordable impulse purchases, with no premium category sales.","Prioritize counter-top displays and visible merchandising for single-serve, grab-and-go beverage and snack SKUs. Introduce combo offers (e.g., beverage + snack) at Rs. 20-30 price points."
109669.0,S00353667,Kolkata,S00353667,Sonapan,Retail,22.513818,88.353137,West Bengal,Kolkata,Kolkata,Kolkata,Urban,Rashbehari,Cig / Paan Kiosk,Starlet Enterprises,1.32,0.1,0.32,1.74,0.29,0.05,0.66,0.53,0.1,0.1,0.1,0.1,0.1,0.1,29,131,239,0.0,36.0,53.0,337.0,241.0,249.0,559.0,361.0,472.0,507.0,486.0,380.0,156.0,51.0,58.0,855.0,823.0,1133.0,High (>100),0.0,0.0,0.0,0.0,404039.0,Yes,No,No,No,No,No,No,Rs. 5,Rs. 5,,,GT,Urban,0.2,No,35.0,<200 sqft,Micro Outlet,WEST BENGAL,Kolkata,yes,72.7272,,,,354.5451,90.909,96.2478,,,,,,,,,,,254.5452,,,27.5232,981.8172,,,,,,1878.3147,156.526225,6.92,12,East India,Retail,275.6666666666667,460.0,489.5,433.0,88.33333333333333,0.1,0.1,0.05,0.1,29.0,1.3,D,150.0,0.0,1,0.0,1.0,1539.88,1383.35,89.8,True,D+,588.0,0.0,1.0,0.0,0.0,0.0,0.0,0.0,0.0,1,1.0,5.0,5.0,,1.0,1,4,Urban Transit Impulse GT,"This cluster consists of small urban GT outlets like paan kiosks, dairies, and tea shops, often near transit points. They cater to on-the-move shoppers seeking quick, affordable impulse purchases, with no premium category sales.","Prioritize counter-top displays and visible merchandising for single-serve, grab-and-go beverage and snack SKUs. Introduce combo offers (e.g., beverage + snack) at Rs. 20-30 price points."
109582.0,2282889,,2282889,Hotel River Bham,Retail,18.799388,73.869712,Maharashtra,Pune,Khed,Waki Bk,Rural,,S. Ind Restaurnt,Kakade Agency,18.27,1.98,4.41,4.12,2.83,10.06,19.44,16.33,2.89,2.89,2.89,2.89,2.89,2.89,1,10,18,0.0,0.0,0.0,6.0,15.0,25.0,13.0,1.0,103.0,169.0,143.0,264.0,80.0,65.0,24.0,64.0,216.0,547.0,Low (<30),0.0,0.0,0.0,0.0,64898.0,No,No,No,No,No,No,No,,,,,Restaurants,,,Yes,190.0,<200 sqft,Micro Outlet,MAHARASHTRA,Pune,yes,545.454,,,,15836.3478,,,,,,,,,181.818,,,636.363,,4272.723,,,47633.9526,,,,,,69106.6584,7678.5176,7.7,9,MAHARASHTRA,Retail,15.333333333333334,7.0,136.0,203.5,56.333333333333336,2.89,1.98,10.06,2.89,1.0,90.3,A,15.0,1.0,1,0.0,0.0,2712.64,-4965.88,-183.1,False,A,754.0,1.0,0.0,0.0,0.0,0.0,0.0,0.0,0.0,1,1.0,,,,0.0,4,4,Urban Transit Impulse GT,"This cluster consists of small urban GT outlets like paan kiosks, dairies, and tea shops, often near transit points. They cater to on-the-move shoppers seeking quick, affordable impulse purchases, with no premium category sales.","Prioritize counter-top displays and visible merchandising for single-serve, grab-and-go beverage and snack SKUs. Introduce combo offers (e.g., beverage + snack) at Rs. 20-30 price points."
118865.0,2127618,,2127618,Shri Shyam Hotel,Retail,28.221797,76.95047,Haryana,Gurugram,Taoru,Taoru,Rural,,S. Ind Restaurnt,Bansal Brothers - TT,1.4,0.28,14.76,20.38,5.92,0.0,21.42,15.01,14.99,15.01,15.01,15.01,15.01,15.01,7,19,36,0.0,0.0,0.0,1.0,1.0,1.0,5.0,2.0,5.0,7.0,6.0,9.0,3.0,2.0,1.0,2.0,11.0,26.0,Low (<30),133.0,22.0,1.0,0.0,347960.0,No,No,No,No,No,No,No,,,,,Restaurants,,,Yes,185.0,<200 sqft,Micro Outlet,HARYANA,Balance,yes,22648.1988,,,,2490.9066,9.0909,5915.1975,,,,,,,435.5727,,,23744.6412,2327.2704,,,,18999.981,,,,,,76570.8591,6380.904925,17.92,12,North India,Retail,1.0,3.5,6.0,7.5,2.0,15.01,0.28,0.0,14.99,7.0,87.32,A,15.0,1.0,1,0.0,0.0,5737.07,-643.83,-11.2,False,A,400.0,1.0,0.0,0.0,0.0,0.0,0.0,0.0,0.0,1,1.0,,,,0.0,4,4,Urban Transit Impulse GT,"This cluster consists of small urban GT outlets like paan kiosks, dairies, and tea shops, often near transit points. They cater to on-the-move shoppers seeking quick, affordable impulse purchases, with no premium category sales.","Prioritize counter-top displays and visible merchandising for single-serve, grab-and-go beverage and snack SKUs. Introduce combo offers (e.g., beverage + snack) at Rs. 20-30 price points."
120744.0,1580460,Visakhapatnam,1580460,Vijaya Durga Fancy,Retail,17.736172,83.299833,Andhra Pradesh,Visakhapatnam,Visakhapatnam (Urban),Visakhapatnam,Urban,Gollalapalem,Cosmetc / Fancy Str (Stand-alone),Sri Srinivasa Traders,2.24,0.15,0.06,1.0,0.22,0.0,1.85,0.73,0.02,0.02,0.02,0.02,0.02,0.02,41,101,166,91.0,158.0,190.0,483.0,534.0,635.0,1180.0,1215.0,1858.0,1713.0,1446.0,1193.0,280.0,200.0,237.0,2338.0,4126.0,2749.0,High (>100),11.0,51.0,59.0,1.0,82552.0,No,No,No,No,No,No,No,Rs. 5,,,,GT,Urban,2.0,No,90.0,<200 sqft,Micro Outlet,ANDHRA PRADESH,Visakhapatnam,yes,1999.998,,,,3446.638,,4899.9285,,,,,654.546,3752.7264,,,,823.9988,,,,3629.6385,6108.297,,,,,,25315.7712,2109.6476,18.92,12,South India,Retail,550.6666666666666,1197.5,1785.5,1319.5,239.0,0.02,0.06,0.0,0.02,132.0,52.02,C,150.0,0.0,1,0.0,1.0,5015.54,2905.89,57.9,True,C+,133.0,0.0,0.0,0.0,0.0,0.0,0.0,0.0,0.0,1,1.0,5.0,,,1.0,2,4,Urban Transit Impulse GT,"This cluster consists of small urban GT outlets like paan kiosks, dairies, and tea shops, often near transit points. They cater to on-the-move shoppers seeking quick, affordable impulse purchases, with no premium category sales.","Prioritize counter-top displays and visible merchandising for single-serve, grab-and-go beverage and snack SKUs. Introduce combo offers (e.g., beverage + snack) at Rs. 20-30 price points."
115954.0,2341031,Surat,2341031,Mali  Parlour,Retail,21.212185,72.825717,Gujarat,Surat,Surat City,Surat,Urban,Gotalawadi,Dairy str,Shreeji Enterprise,7.91,0.18,0.76,3.17,3.51,60.9,1.75,2.23,0.13,0.13,0.13,0.13,0.13,0.13,21,104,186,3.0,14.0,23.0,304.0,345.0,392.0,607.0,875.0,1233.0,1319.0,1900.0,1697.0,514.0,400.0,1007.0,1542.0,2825.0,5324.0,Medium (30 to 100),,,,,167716.0,No,No,No,No,No,No,No,,,,,GT,Urban,1.0,Yes,95.0,<200 sqft,Micro Outlet,GUJARAT,Surat,yes,,,,,8837.5417,,,,,,,,,,,,,,,,4248.657,1209.0897,,,,,,14295.2884,1191.274033,4.67,12,GUJARAT,Retail,347.0,741.0,1276.0,1798.5,640.3333333333334,0.13,0.18,1.75,0.13,24.0,28.58,D,,1.0,1,0.0,1.0,1379.2,187.93,13.6,True,D+,1332.0,1.0,0.0,0.0,0.0,0.0,0.0,0.0,0.0,1,1.0,,,,1.0,1,4,Urban Transit Impulse GT,"This cluster consists of small urban GT outlets like paan kiosks, dairies, and tea shops, often near transit points. They cater to on-the-move shoppers seeking quick, affordable impulse purchases, with no premium category sales.","Prioritize counter-top displays and visible merchandising for single-serve, grab-and-go beverage and snack SKUs. Introduce combo offers (e.g., beverage + snack) at Rs. 20-30 price points."
115890.0,2258867,,2258867,Bana Bithi Resort,Retail,22.489634,88.609301,West Bengal,S. 24 Parganas,Bhangar - I,Jagulgachhi,Rural,,1 star Hotel,New Atique Enterprise - Rd,0.63,0.6,3.14,19.97,2.99,19.87,14.56,16.84,13.98,16.84,16.47,16.47,16.47,16.47,3,12,38,0.0,0.0,0.0,2.0,8.0,15.0,14.0,2.0,45.0,72.0,115.0,153.0,109.0,119.0,48.0,113.0,194.0,321.0,Low (<30),0.0,0.0,0.0,0.0,93397.0,No,No,No,No,No,No,No,,,,,Others,,,No,130.0,<200 sqft,Micro Outlet,WEST BENGAL,Kolkata,yes,9399.2007,,,,9167.1879,1883.0032,1857.816,272.727,,,220.1856,,,1323.3189,,,3785.7672,1418.1804,,,1126.95,19998.4044,,,,,,50452.7413,4204.395108,22.33,12,East India,Retail,8.333333333333334,8.0,58.5,134.0,92.0,16.47,0.6,14.56,13.98,3.0,77.08,B,15.0,0.0,1,0.0,0.0,6600.72,2396.33,36.3,True,B+,216.0,0.0,0.0,0.0,0.0,0.0,0.0,0.0,0.0,1,1.0,,,,0.0,3,4,Urban Transit Impulse GT,"This cluster consists of small urban GT outlets like paan kiosks, dairies, and tea shops, often near transit points. They cater to on-the-move shoppers seeking quick, affordable impulse purchases, with no premium category sales.","Prioritize counter-top displays and visible merchandising for single-serve, grab-and-go beverage and snack SKUs. Introduce combo offers (e.g., beverage + snack) at Rs. 20-30 price points."
120064.0,1889726,Kota,1889726,Jai Mata Di Cash Counter,Retail,25.153717,75.8947368,Rajasthan,Kota,Ladpura,Kota (Raj),Urban,Sahara Enclave,,Danmal Chetankumar Jain,3.85,128.35,1.34,11.63,2.75,279.41,3.08,3.28,1.26,1.26,1.26,1.26,1.26,1.26,6,34,75,0.0,1.0,7.0,31.0,29.0,35.0,48.0,62.0,90.0,75.0,97.0,85.0,18.0,20.0,15.0,75.0,165.0,302.0,Low (<30),102.0,23.0,6.0,3.0,4918937.0,No,No,No,No,No,No,No,,,,,Others,Urban,0.9,No,110.0,<200 sqft,Micro Outlet,RAJASTHAN,Kota,yes,618.1812,,,,1399.6034,545.454,348.426,,,,,,,,,,90.909,299.6045,,,77.9824,1094.4687,,,,,,4474.6292,894.92584,7.2,5,North India,Retail,31.666666666666668,55.0,82.5,91.0,17.666666666666668,1.26,1.34,3.08,1.26,6.0,19.36,D,15.0,0.0,1,0.0,1.0,1827.08,932.15,51.0,True,D+,902.0,0.0,0.0,0.0,0.0,0.0,0.0,0.0,0.0,1,1.0,,,,1.0,1,4,Urban Transit Impulse GT,"This cluster consists of small urban GT outlets like paan kiosks, dairies, and tea shops, often near transit points. They cater to on-the-move shoppers seeking quick, affordable impulse purchases, with no premium category sales.","Prioritize counter-top displays and visible merchandising for single-serve, grab-and-go beverage and snack SKUs. Introduce combo offers (e.g., beverage + snack) at Rs. 20-30 price points."
121248.0,2377368,,2377368,Shiva Mobile,Retail,21.472792,80.196544,Maharashtra,Gondiya,Gondiya,Katangi Kala,Rural,,,Saibaba Agencies,6.86,0.3,1.07,121.54,1.61,577.17,1.29,118.29,1.09,112.48,112.48,112.48,112.48,112.48,11,37,67,3.0,10.0,12.0,3.0,7.0,11.0,28.0,2.0,158.0,258.0,231.0,407.0,177.0,193.0,78.0,192.0,431.0,733.0,Low (<30),0.0,0.0,0.0,0.0,60307.0,No,No,No,No,No,No,No,,,,,Others,,,No,95.0,<200 sqft,Micro Outlet,MAHARASHTRA,Balance,yes,290.1183,,,,15899.5889,90.909,,,,,,,,,,,,109.0908,,,563.2466,29511.833,,,,,,46464.7866,4224.071509,8.82,11,MAHARASHTRA,Retail,7.0,15.0,208.0,319.0,149.33333333333334,112.48,0.3,1.29,1.09,14.0,77.22,B,15.0,0.0,1,0.0,0.0,2463.54,-1760.53,-71.5,False,B,946.0,0.0,0.0,0.0,0.0,0.0,0.0,0.0,0.0,1,1.0,,,,0.0,3,4,Urban Transit Impulse GT,"This cluster consists of small urban GT outlets like paan kiosks, dairies, and tea shops, often near transit points. They cater to on-the-move shoppers seeking quick, affordable impulse purchases, with no premium category sales.","Prioritize counter-top displays and visible merchandising for single-serve, grab-and-go beverage and snack SKUs. Introduce combo offers (e.g., beverage + snack) at Rs. 20-30 price points."
111099.0,2370868,Bhubaneswar,2370868,Prusty Tea Stall,Retail,20.289439,85.809472,Orissa,Khordha,Bhubaneswar,Bhubaneswar,Urban,Nayapalli,Tea Shop (Hot),Landchester Aviation Pvt Ltd - Tt,1.21,0.17,0.08,1.1,0.42,0.0,4.35,1.74,0.06,0.06,0.06,0.06,0.06,0.06,15,56,97,32.0,63.0,104.0,180.0,141.0,177.0,340.0,289.0,471.0,382.0,275.0,275.0,48.0,47.0,7.0,549.0,756.0,902.0,Medium (30 to 100),128.0,116.0,36.0,9.0,133928.0,No,Yes,No,No,No,No,No,Rs. 5,,Rs. 5,,GT,Urban,2.0,No,80.0,<200 sqft,Micro Outlet,ORISSA,Bhubaneswar,yes,1163.6352,,,,7208.6898,545.454,2483.328,,,,164.1384,,,272.727,,,799.9992,3854.5416,,,3533.448,8949.4002,,,,,,28975.3614,2634.123764,16.17,11,East India,Retail,166.0,314.5,426.5,275.0,34.0,0.06,0.08,0.0,0.06,47.0,60.6,B,,0.0,1,0.0,1.0,4368.31,1734.18,39.7,True,B+,339.0,0.0,0.0,1.0,0.0,0.0,0.0,0.0,0.0,1,1.0,5.0,,5.0,1.0,3,4,Urban Transit Impulse GT,"This cluster consists of small urban GT outlets like paan kiosks, dairies, and tea shops, often near transit points. They cater to on-the-move shoppers seeking quick, affordable impulse purchases, with no premium category sales.","Prioritize counter-top displays and visible merchandising for single-serve, grab-and-go beverage and snack SKUs. Introduce combo offers (e.g., beverage + snack) at Rs. 20-30 price points."
116505.0,2270667,,2270667,Shub Ice Point,Retail,24.574937,77.727497,Madhya Pradesh,Guna,Ashoknagar,Ashoknagar,Urban,Indra Gandhi Park,Ice Cream Parlour (Stand-alone),Swaraj Enterprises,8.27,0.19,98.21,134.2,0.42,271.69,0.49,144.67,0.26,144.67,144.67,144.67,144.67,144.67,30,63,76,0.0,0.0,0.0,159.0,226.0,245.0,294.0,507.0,661.0,773.0,1148.0,1181.0,175.0,233.0,702.0,699.0,1346.0,3608.0,Low (<30),0.0,0.0,0.0,0.0,111899.0,No,No,No,No,No,No,No,,,,,GT,,,Yes,145.0,<200 sqft,Micro Outlet,MADHYA PRADESH,Balance,yes,6745.4478,,,,8686.5571,2542.6869,852.7188,890.9082,,,274.2312,,,2236.3614,,,4945.4496,3118.1787,409.0905,,1610.441,8547.8211,,,,,,40859.8923,3404.991025,21.58,12,MADHYA PRADESH,Retail,210.0,400.5,717.0,1164.5,370.0,144.67,0.19,0.49,0.26,30.0,70.22,B,15.0,1.0,1,0.0,0.0,6265.44,2860.45,45.7,True,B+,146.0,1.0,0.0,0.0,0.0,0.0,0.0,0.0,0.0,1,1.0,,,,1.0,3,4,Urban Transit Impulse GT,"This cluster consists of small urban GT outlets like paan kiosks, dairies, and tea shops, often near transit points. They cater to on-the-move shoppers seeking quick, affordable impulse purchases, with no premium category sales.","Prioritize counter-top displays and visible merchandising for single-serve, grab-and-go beverage and snack SKUs. Introduce combo offers (e.g., beverage + snack) at Rs. 20-30 price points."
112076.0,S00014866,Kolkata,S00014866,New Lokenath Food Center,Retail,22.636302,88.411105,West Bengal,N. 24 Parganas,South Dum Dum unassignd,South Dum Dum,Urban,Balaka Natun Bazar,QSRs (Ind) Stand-alone,Anand Traders,1.11,0.4,0.34,3.53,0.29,2.12,0.06,0.16,0.16,0.16,0.16,0.16,0.16,0.16,23,65,137,0.0,7.0,17.0,220.0,308.0,257.0,618.0,645.0,609.0,740.0,842.0,715.0,229.0,220.0,460.0,1614.0,1497.0,1647.0,High (>100),0.0,0.0,0.0,0.0,157915.0,No,No,No,No,No,No,No,,,,,Restaurants,Periphery,1.9,Yes,80.0,<200 sqft,Micro Outlet,WEST BENGAL,Kolkata,yes,418.1814,,,,1690.5122,290.9088,1587.088,36.3636,,,55.0464,,,109.0908,,,127.2726,390.9087,,,2993.1898,3135.9653,,,,,,10834.5276,902.8773,12.42,12,East India,Retail,261.6666666666667,631.5,674.5,778.5,303.0,0.16,0.34,0.06,0.16,23.0,19.58,D,150.0,1.0,1,0.0,0.0,3548.74,2645.87,74.6,True,D+,102.0,1.0,0.0,0.0,0.0,0.0,0.0,0.0,0.0,1,1.0,,,,1.0,1,4,Urban Transit Impulse GT,"This cluster consists of small urban GT outlets like paan kiosks, dairies, and tea shops, often near transit points. They cater to on-the-move shoppers seeking quick, affordable impulse purchases, with no premium category sales.","Prioritize counter-top displays and visible merchandising for single-serve, grab-and-go beverage and snack SKUs. Introduce combo offers (e.g., beverage + snack) at Rs. 20-30 price points."
116923.0,1883987,Delhi,1883987,Ashok Fast Food,Retail,28.628372,77.242225,Delhi,Delhi,Delhi,Delhi,Urban,Daryaganj,Fast Food,Shivani Enterprises,4.08,0.61,0.17,0.23,0.46,0.06,0.11,1.49,0.02,1.49,0.02,0.02,0.02,0.02,5,33,80,10.0,31.0,40.0,602.0,341.0,387.0,731.0,615.0,889.0,965.0,1006.0,833.0,148.0,101.0,259.0,855.0,1516.0,3384.0,High (>100),0.0,0.0,0.0,0.0,329559.0,No,No,No,No,No,No,No,,,,,Restaurants,Urban,7.396199999999999,No,165.0,<200 sqft,Micro Outlet,NEW DELHI,Delhi,yes,10716.8343,,399.9996,,28905.1178,363.636,267.858,18.1818,67.6316,,,,,1727.271,,,5461.6276,4909.086,,248.8892,133.929,30626.0656,142.2224,,,,,83988.3499,6999.029158,20.5,12,North India,OPSC21-AFH - Others,443.3333333333333,673.0,927.0,919.5,169.33333333333334,0.02,0.17,0.06,0.02,15.0,88.74,A,150.0,0.0,1,0.0,1.0,5891.53,-1107.5,-18.8,False,A,456.0,0.0,0.0,0.0,0.0,0.0,0.0,0.0,0.0,1,1.0,,,,1.0,4,4,Urban Transit Impulse GT,"This cluster consists of small urban GT outlets like paan kiosks, dairies, and tea shops, often near transit points. They cater to on-the-move shoppers seeking quick, affordable impulse purchases, with no premium category sales.","Prioritize counter-top displays and visible merchandising for single-serve, grab-and-go beverage and snack SKUs. Introduce combo offers (e.g., beverage + snack) at Rs. 20-30 price points."
119176.0,1802488,,1802488,Rinku Diary,Retail,29.997328,75.408019,Punjab,Mansa,Mansa,Mansa (Punj),Urban,Court Rd,Dairy str,Singla Agencies-Tt,10.62,0.06,1.3,44.81,0.65,24.85,1.08,2.74,0.11,2.74,2.74,2.74,0.11,0.11,15.0,30.0,32.0,0.0,3.0,4.0,62.0,64.0,75.0,105.0,149.0,213.0,200.0,213.0,200.0,17.0,24.0,13.0,157.0,382.0,668.0,Medium (30 to 100),0.0,0.0,0.0,0.0,210918.0,No,No,No,No,No,No,No,,,,,GT,,,Yes,95.0,<200 sqft,Micro Outlet,PUNJAB,Balance,yes,17817.3741,,,,8704.7389,236.3634,309.6778,,,,,,,2505.1359,,,9838.7256,1327.2714,,,364.3072,12463.6239,,,,,,53567.2182,4463.93485,24.0,12,North India,Retail,67.0,127.0,206.5,206.5,18.0,0.11,0.06,1.08,0.11,15.0,79.36,B,,1.0,1,0.0,0.0,6950.29,2486.36,35.8,True,B+,201.0,1.0,0.0,0.0,0.0,0.0,0.0,0.0,0.0,1,1.0,,,,1.0,3,4,Urban Transit Impulse GT,"This cluster consists of small urban GT outlets like paan kiosks, dairies, and tea shops, often near transit points. They cater to on-the-move shoppers seeking quick, affordable impulse purchases, with no premium category sales.","Prioritize counter-top displays and visible merchandising for single-serve, grab-and-go beverage and snack SKUs. Introduce combo offers (e.g., beverage + snack) at Rs. 20-30 price points."
116923.0,2278726,Delhi,2278726,Raj Kumar Trolly,AFH - Others,28.666862,77.227458,Delhi,Delhi,Delhi,Delhi,Urban,Chandni Chowk,Hawker,Super Agencies,2.84,0.2,0.19,1.02,0.18,0.07,0.1,1.05,0.09,0.78,0.09,0.23,0.09,0.09,17,76,180,5.0,8.0,30.0,545.0,303.0,341.0,592.0,481.0,696.0,787.0,835.0,736.0,157.0,99.0,191.0,758.0,1252.0,2876.0,Low (<30),48.0,667.0,724.0,28.0,359978.0,No,No,No,No,No,No,No,,,,,Others,Urban,7.55749,No,255.0,200–300 sqft,Small Outlet,NEW DELHI,Delhi,yes,37520.2755,,,,2249.95,,,,,,,,,,,,17646.273,,,,,8855.8032,,,,,,66272.3017,5522.691808,4.92,12,North India,OPSC21-AFH - Others,396.3333333333333,536.5,741.5,785.5,149.0,0.09,0.19,0.07,0.09,22.0,84.42,A,15.0,0.0,1,0.0,1.0,1561.17,-3961.53,-253.8,False,A,688.0,0.0,0.0,0.0,0.0,0.0,0.0,0.0,0.0,1,2.0,,,,1.0,4,4,Urban Transit Impulse GT,"This cluster consists of small urban GT outlets like paan kiosks, dairies, and tea shops, often near transit points. They cater to on-the-move shoppers seeking quick, affordable impulse purchases, with no premium category sales.","Prioritize counter-top displays and visible merchandising for single-serve, grab-and-go beverage and snack SKUs. Introduce combo offers (e.g., beverage + snack) at Rs. 20-30 price points."
119484.0,2189893,,2189893,Yash Home Food,Retail,29.484501,77.712591,Uttar Pradesh,Muzaffarnagar,Muzaffarnagar,Sarwat,Rural,,QSRs (Ind) Stand-alone,Amarnath Enterprises-Tt,2.35,0.28,1.37,22.82,1.35,1.46,1.68,52.09,1.28,30.66,30.66,30.66,30.66,30.66,15,67,138,0.0,16.0,26.0,135.0,150.0,165.0,415.0,126.0,673.0,1019.0,1115.0,1652.0,663.0,524.0,190.0,640.0,1287.0,4474.0,Low (<30),0.0,0.0,0.0,0.0,72494.0,No,No,No,No,No,No,No,,,,,Restaurants,,,Yes,330.0,300–600 sqft,Core Outlet,UTTAR PRADESH,Muzaffarnagar,yes,24850.5693,,,,19982.599,1337.5492,4828.1958,2293.2786,,,1071.432,,4690.908,7455.3288,,,14531.2113,7663.2348,,,2765.4615,32597.6144,,,,,,124067.3827,10338.948558,33.42,12,UTTAR PRADESH,Retail,150.0,270.5,846.0,1383.5,459.0,30.66,0.28,1.46,1.28,15.0,94.36,A,15.0,1.0,1,0.0,0.0,10338.95,0.0,0.0,False,A,320.0,1.0,0.0,0.0,0.0,0.0,0.0,0.0,0.0,1,,,,,0.0,4,4,Urban Transit Impulse GT,"This cluster consists of small urban GT outlets like paan kiosks, dairies, and tea shops, often near transit points. They cater to on-the-move shoppers seeking quick, affordable impulse purchases, with no premium category sales.","Prioritize counter-top displays and visible merchandising for single-serve, grab-and-go beverage and snack SKUs. Introduce combo offers (e.g., beverage + snack) at Rs. 20-30 price points."
121671.0,2608389,Thane,2608389,Shri Bhairubhawani Dairy,Retail,19.188478,73.044793,Maharashtra,Thane,Thane,Thane,Urban,Diva,Dairy str,Kgn Telecom,4.09,0.16,2.29,4.74,0.57,8.33,0.2,4.08,0.35,0.35,0.35,0.35,0.35,0.35,30,42,88,0.0,0.0,11.0,27.0,74.0,55.0,122.0,303.0,297.0,429.0,833.0,616.0,81.0,40.0,179.0,707.0,868.0,1000.0,Medium (30 to 100),28.0,28.0,46.0,32.0,158503.0,No,No,No,No,No,No,No,,,,,GT,Urban,1.5,Yes,105.0,<200 sqft,Micro Outlet,MAHARASHTRA,Thane,yes,,,,,1463.6349,272.727,750.0075,,,,0.0,,,,,,,418.1814,,,854.554,6081.8121,,,,,,9840.9169,1093.435211,9.18,9,MAHARASHTRA,Retail,52.0,212.5,363.0,724.5,100.0,0.35,0.16,0.2,0.35,30.0,25.64,D,,1.0,1,0.0,1.0,2577.14,1483.7,57.6,True,D+,519.0,1.0,0.0,0.0,0.0,0.0,0.0,0.0,0.0,1,1.0,,,,1.0,1,4,Urban Transit Impulse GT,"This cluster consists of small urban GT outlets like paan kiosks, dairies, and tea shops, often near transit points. They cater to on-the-move shoppers seeking quick, affordable impulse purchases, with no premium category sales.","Prioritize counter-top displays and visible merchandising for single-serve, grab-and-go beverage and snack SKUs. Introduce combo offers (e.g., beverage + snack) at Rs. 20-30 price points."
116910.0,2135819,,2135819,The Galla Pan  House,Retail,23.25799,72.63412,Gujarat,Gandhinagar,Gandhinagar,Gandhinagar (Guj),Urban,Gandhinagar (Guj),Cig / Paan Kiosk,Dhanlaxmi Traders,4.72,0.48,4.44,17.01,13.99,17.12,2.6,8.86,3.08,8.86,8.86,8.86,8.86,8.86,1,12,40,0.0,0.0,0.0,1318.0,2263.0,3768.0,4094.0,5633.0,7687.0,4217.0,5444.0,5310.0,2115.0,2195.0,1097.0,7351.0,14651.0,21952.0,High (>100),,,,,162796.0,Yes,No,No,No,No,No,No,Rs. 5,Rs. 5,,,GT,,,No,70.0,<200 sqft,Micro Outlet,GUJARAT,Balance,yes,545.454,,,,1218.1806,,,,,,,,,,,,763.6356,,,,204.5475,654.5448,,,,,,3386.3625,677.2725,4.2,5,GUJARAT,Retail,2449.6666666666665,4863.5,5952.0,5377.0,1802.3333333333333,8.86,0.48,2.6,3.08,1.0,12.88,D,150.0,0.0,1,0.0,0.0,931.82,254.55,27.3,True,D+,1290.0,0.0,1.0,0.0,0.0,0.0,0.0,0.0,0.0,1,1.0,5.0,5.0,,1.0,1,4,Urban Transit Impulse GT,"This cluster consists of small urban GT outlets like paan kiosks, dairies, and tea shops, often near transit points. They cater to on-the-move shoppers seeking quick, affordable impulse purchases, with no premium category sales.","Prioritize counter-top displays and visible merchandising for single-serve, grab-and-go beverage and snack SKUs. Introduce combo offers (e.g., beverage + snack) at Rs. 20-30 price points."
121606.0,S00407865,Kolkata,S00407865,Biva Amul Pallar,Retail,22.471223,88.391545,West Bengal,Kolkata,Kolkata,Kolkata,Urban,Shrirampur,Dairy str,Tarama Enterprise,1.71,0.64,0.22,5.17,1.02,0.14,0.58,0.79,0.76,0.79,0.76,0.76,0.76,0.76,7,40,101,0.0,10.0,18.0,223.0,224.0,209.0,501.0,373.0,420.0,478.0,488.0,373.0,169.0,88.0,112.0,1164.0,894.0,834.0,High (>100),0.0,0.0,0.0,0.0,329114.0,No,No,No,No,No,No,No,,,,,GT,Urban,0.6,Yes,85.0,<200 sqft,Micro Outlet,WEST BENGAL,Balance,yes,1253.7537,,,,1836.3618,281.8179,2514.3154,36.3636,,,,,469.0908,163.6362,1115.4546,,418.1814,899.9991,,,1157.0317,8172.7191,,,,,,18318.7253,1526.560442,15.92,12,East India,Retail,218.66666666666663,437.0,449.0,430.5,123.0,0.76,0.22,0.14,0.76,7.0,38.38,C,150.0,1.0,1,0.0,1.0,4677.55,3150.99,67.4,True,C+,96.0,1.0,0.0,0.0,0.0,0.0,0.0,0.0,0.0,1,1.0,,,,1.0,2,4,Urban Transit Impulse GT,"This cluster consists of small urban GT outlets like paan kiosks, dairies, and tea shops, often near transit points. They cater to on-the-move shoppers seeking quick, affordable impulse purchases, with no premium category sales.","Prioritize counter-top displays and visible merchandising for single-serve, grab-and-go beverage and snack SKUs. Introduce combo offers (e.g., beverage + snack) at Rs. 20-30 price points."
109221.0,S01118075,,S01118075,Sukh Rice Miill,Retail,22.339212,88.454034,West Bengal,S. 24 Parganas,Baruipur,Baruipur,Rural,,,Gazibaba Distributing House,2.44,0.82,1.23,20.46,1.98,15.3,1.09,12.59,0.45,9.04,9.04,9.04,9.04,9.04,10,30,58,0.0,1.0,2.0,75.0,81.0,87.0,272.0,63.0,555.0,860.0,926.0,1404.0,654.0,699.0,277.0,1717.0,1681.0,1800.0,Low (<30),0.0,0.0,0.0,0.0,86418.0,No,No,No,No,No,No,No,,,,,Others,,,No,100.0,<200 sqft,Micro Outlet,WEST BENGAL,Balance,yes,236.3634,,,,1704.3468,,6864.2368,,,,,,,,,,,,1335.1766,,3630.9753,1045.0583,,,,,,14816.1572,1234.679767,10.92,12,East India,Retail,81.0,167.5,707.5,1165.0,543.3333333333334,9.04,0.82,1.09,0.45,10.0,30.04,C,15.0,0.0,1,0.0,0.0,3108.71,1874.03,60.3,True,C+,462.0,0.0,0.0,0.0,0.0,0.0,0.0,0.0,0.0,1,1.0,,,,0.0,2,4,Urban Transit Impulse GT,"This cluster consists of small urban GT outlets like paan kiosks, dairies, and tea shops, often near transit points. They cater to on-the-move shoppers seeking quick, affordable impulse purchases, with no premium category sales.","Prioritize counter-top displays and visible merchandising for single-serve, grab-and-go beverage and snack SKUs. Introduce combo offers (e.g., beverage + snack) at Rs. 20-30 price points."
121255.0,S01136011,,S01136011,Nandini Milk Parlour,Retail,17.915562,77.513012,Karnataka,Bidar,Bidar,Bidar,Urban,Nandi Colony,Dairy str,Ganesh Enterprises,1.16,0.09,0.04,1.16,0.33,0.15,0.48,67.1,0.09,0.09,0.09,0.09,0.09,0.09,36,128,203,32.0,66.0,88.0,11.0,36.0,29.0,79.0,294.0,215.0,235.0,150.0,128.0,24.0,31.0,68.0,164.0,300.0,692.0,Low (<30),0.0,0.0,0.0,0.0,107501.0,No,No,No,No,No,No,No,,,,,GT,,,Yes,105.0,<200 sqft,Micro Outlet,KARNATAKA,Balance,yes,,,,,2999.997,,2470.2075,,,,,,,,,,,,,,7763.0021,2727.27,,,,,,15960.4766,2280.068086,3.71,7,West India,Retail,25.33333333333333,186.5,225.0,139.0,41.0,0.09,0.04,0.15,0.09,68.0,55.16,C,15.0,1.0,1,0.0,0.0,931.9,-1348.17,-144.7,False,C,1489.0,1.0,0.0,0.0,0.0,0.0,0.0,0.0,0.0,1,1.0,,,,1.0,2,4,Urban Transit Impulse GT,"This cluster consists of small urban GT outlets like paan kiosks, dairies, and tea shops, often near transit points. They cater to on-the-move shoppers seeking quick, affordable impulse purchases, with no premium category sales.","Prioritize counter-top displays and visible merchandising for single-serve, grab-and-go beverage and snack SKUs. Introduce combo offers (e.g., beverage + snack) at Rs. 20-30 price points."
103425.0,2721842,Vizianagaram,2721842,Sri Manaranayana Pan Shop,Retail,18.1173322,83.4079518,Andhra Pradesh,Vizianagaram,Vizianagaram,Vizianagaram,Urban,Vizianagaram,Cig / Paan Kiosk,Sri.P.Satyanarayana & Sons,1.03,0.13,0.31,40.12,1.24,0.0,1.42,33.82,0.3,32.76,27.87,32.76,27.87,27.87,38,105,154,59.0,72.0,77.0,364.0,809.0,2774.0,2321.0,6576.0,10112.0,7549.0,9590.0,7893.0,3391.0,4359.0,2180.0,12149.0,22755.0,18962.0,High (>100),54.0,45.0,7.0,0.0,108487.0,Yes,No,No,No,No,No,No,Rs. 5,Rs. 5,,,GT,,,No,70.0,<200 sqft,Micro Outlet,ANDHRA PRADESH,Vizianagaram,yes,109.0908,,181.818,,1630.8318,281.8179,5119.8265,,27.2727,,54.546,,,,,,90.909,,136.3635,,2868.3346,1881.8163,,,,,,12382.6271,1238.26271,11.9,10,South India,Retail,1315.6666666666667,4448.5,8830.5,8741.5,3310.0,27.87,0.13,0.0,0.3,97.0,30.16,C,150.0,0.0,1,0.0,0.0,2947.39,1709.12,58.0,True,C+,535.0,0.0,1.0,0.0,0.0,0.0,0.0,0.0,0.0,1,1.0,5.0,5.0,,1.0,2,4,Urban Transit Impulse GT,"This cluster consists of small urban GT outlets like paan kiosks, dairies, and tea shops, often near transit points. They cater to on-the-move shoppers seeking quick, affordable impulse purchases, with no premium category sales.","Prioritize counter-top displays and visible merchandising for single-serve, grab-and-go beverage and snack SKUs. Introduce combo offers (e.g., beverage + snack) at Rs. 20-30 price points."
119468.0,2479621,,2479621,Khodiyar Pan,Retail,20.818342,71.038076,Gujarat,Junagadh,Una,Una (Guj),Urban,Una (Guj),Cig / Paan Kiosk,Dhanguru Sales Agency,4.6,0.12,0.64,71.76,0.55,103.66,0.22,103.69,0.19,0.19,0.19,0.19,0.19,0.19,18,28,33,2.0,6.0,6.0,60.0,155.0,535.0,490.0,1397.0,2160.0,1374.0,1741.0,1451.0,590.0,609.0,305.0,1354.0,2581.0,7477.0,High (>100),,,,,242774.0,Yes,No,No,No,No,No,No,Rs. 5,Rs. 5,,,GT,,,No,50.0,<200 sqft,Micro Outlet,GUJARAT,Balance,yes,,,,,3909.087,,68.1825,,,,,,,,,,,,,,1795.4725,1999.998,,,,,,7772.74,706.612727,4.64,11,GUJARAT,Retail,250.0,943.5,1767.0,1596.0,501.3333333333333,0.19,0.12,0.22,0.19,20.0,13.86,D,150.0,0.0,1,0.0,0.0,978.84,272.23,27.8,True,D+,1280.0,0.0,1.0,0.0,0.0,0.0,0.0,0.0,0.0,1,1.0,5.0,5.0,,1.0,1,4,Urban Transit Impulse GT,"This cluster consists of small urban GT outlets like paan kiosks, dairies, and tea shops, often near transit points. They cater to on-the-move shoppers seeking quick, affordable impulse purchases, with no premium category sales.","Prioritize counter-top displays and visible merchandising for single-serve, grab-and-go beverage and snack SKUs. Introduce combo offers (e.g., beverage + snack) at Rs. 20-30 price points."
101035.0,2704466,Delhi,2704466,S K G Pan,Retail,28.52364333,77.20662667,Delhi,Delhi,Delhi,Delhi,Urban,Lado Sarai,Cig / Paan Kiosk,Nirman Retail Holdings,5.12,0.16,0.51,1.07,0.08,0.48,0.61,0.07,0.05,0.07,0.07,0.07,0.07,0.07,16,49,109,4.0,14.0,39.0,866.0,504.0,614.0,1244.0,829.0,1396.0,1442.0,1214.0,1126.0,382.0,117.0,35.0,1624.0,2570.0,3688.0,High (>100),22.0,116.0,679.0,269.0,442259.0,Yes,No,No,No,No,No,No,Rs. 5,Rs. 5,,,GT,Urban,6.31989,Yes,55.0,<200 sqft,Micro Outlet,NEW DELHI,Delhi,yes,,,,,809.0901,,464.2872,,,,107.1432,,,,,,,454.545,,,678.5736,1886.1648,,,,,,4399.8039,879.96078,8.8,5,North India,Retail,661.3333333333334,1036.5,1419.0,1170.0,178.0,0.07,0.16,0.48,0.05,20.0,18.78,D,150.0,1.0,1,0.0,1.0,2373.42,1493.46,62.9,True,D+,499.0,1.0,1.0,0.0,0.0,0.0,0.0,0.0,0.0,1,1.0,5.0,5.0,,1.0,1,4,Urban Transit Impulse GT,"This cluster consists of small urban GT outlets like paan kiosks, dairies, and tea shops, often near transit points. They cater to on-the-move shoppers seeking quick, affordable impulse purchases, with no premium category sales.","Prioritize counter-top displays and visible merchandising for single-serve, grab-and-go beverage and snack SKUs. Introduce combo offers (e.g., beverage + snack) at Rs. 20-30 price points."
117615.0,2445841,,2445841,Bantu Paan Bhandar,Retail,26.696922,77.904684,Rajasthan,Dhaulpur,Dhaulpur,Dhaulpur,Urban,District Jail compound,Cig / Paan Kiosk,Tara Enterprises,64.72,67.69,4.73,156.89,28.06,286.6,0.14,197.02,86.58,197.02,197.02,197.02,197.02,197.02,34,93,145,0.0,0.0,0.0,34.0,30.0,35.0,50.0,59.0,81.0,82.0,92.0,92.0,19.0,25.0,50.0,60.0,117.0,402.0,Low (<30),0.0,0.0,0.0,0.0,2390434.0,Yes,No,No,No,No,No,No,Rs. 5,Rs. 5,,,GT,,,No,60.0,<200 sqft,Micro Outlet,RAJASTHAN,Balance,yes,,,,,2236.3614,109.0908,934.1625,,,,273.7308,,,,,,,745.4538,,,782.91,3199.9968,,,,,,8281.7061,1380.28435,9.67,6,North India,Retail,33.0,54.5,81.5,92.0,31.33333333333333,197.02,4.73,0.14,86.58,34.0,34.44,C,15.0,0.0,1,0.0,0.0,2937.87,1557.59,53.0,True,C+,614.0,0.0,1.0,0.0,0.0,0.0,0.0,0.0,0.0,1,1.0,5.0,5.0,,1.0,2,4,Urban Transit Impulse GT,"This cluster consists of small urban GT outlets like paan kiosks, dairies, and tea shops, often near transit points. They cater to on-the-move shoppers seeking quick, affordable impulse purchases, with no premium category sales.","Prioritize counter-top displays and visible merchandising for single-serve, grab-and-go beverage and snack SKUs. Introduce combo offers (e.g., beverage + snack) at Rs. 20-30 price points."
118500.0,S01455893,Mangaluru,S01455893,Ishwar Vegetables,Retail,12.892755,74.881136,Karnataka,Dakshina Kannada,Mangalore,Mangalore,Urban,Padavu-2 Central,Fruit / Veg Str,Alvas Traders,2.77,0.89,1.42,4.98,0.33,0.11,2.51,1.16,0.01,0.01,0.01,0.01,0.01,0.01,2,10,37,0.0,8.0,86.0,34.0,33.0,36.0,56.0,66.0,105.0,129.0,137.0,119.0,16.0,7.0,20.0,158.0,223.0,244.0,Medium (30 to 100),194.0,29.0,3.0,2.0,288158.0,No,No,No,No,No,No,No,,,,,GT,,,No,335.0,300–600 sqft,Core Outlet,KARNATAKA,Mangaluru,yes,,,1323.3194,,2286.9548,272.727,4017.538,,,,,,,,,,,104.3484,,,2720.043,5331.6159,,,,,,16056.5465,1338.045542,12.67,12,West India,Retail,34.333333333333336,61.0,117.0,128.0,14.333333333333334,0.01,0.89,0.11,0.01,2.0,33.2,C,,0.0,1,0.0,0.0,4066.87,2728.82,67.1,True,C+,171.0,0.0,0.0,0.0,0.0,0.0,0.0,0.0,0.0,1,,,,,1.0,2,4,Urban Transit Impulse GT,"This cluster consists of small urban GT outlets like paan kiosks, dairies, and tea shops, often near transit points. They cater to on-the-move shoppers seeking quick, affordable impulse purchases, with no premium category sales.","Prioritize counter-top displays and visible merchandising for single-serve, grab-and-go beverage and snack SKUs. Introduce combo offers (e.g., beverage + snack) at Rs. 20-30 price points."
110337.0,S01402273,,S01402273,Shiv Dairy,Retail,29.370934,78.132535,Uttar Pradesh,Bijnor,Bijnor,Bijnor,Urban,N'brhd No. 1,Dairy str,Divyam Trading Co-Bijnor,2.64,0.15,0.36,29.86,0.69,7.42,2.18,55.16,1.24,55.16,55.16,55.16,55.16,53.57,53,95,113,2.0,9.0,9.0,128.0,183.0,177.0,321.0,545.0,596.0,598.0,978.0,871.0,174.0,221.0,520.0,635.0,1070.0,3007.0,High (>100),0.0,0.0,0.0,0.0,121052.0,No,No,No,No,No,No,No,,,,,GT,,,Yes,95.0,<200 sqft,Micro Outlet,UTTAR PRADESH,Balance,yes,4513.2967,,,,1853.358,236.3634,856.5732,,,,187.5006,,,399.2091,,,3148.8712,845.0585,,,749.6208,3997.6248,,,,,,16787.4763,1398.956358,21.25,12,UTTAR PRADESH,Retail,162.66666666666666,433.0,597.0,924.5,305.0,53.57,0.15,2.18,1.24,55.0,34.88,C,150.0,1.0,1,0.0,0.0,5909.24,4510.29,76.3,True,C+,12.0,1.0,0.0,0.0,0.0,0.0,0.0,0.0,0.0,1,1.0,,,,1.0,2,4,Urban Transit Impulse GT,"This cluster consists of small urban GT outlets like paan kiosks, dairies, and tea shops, often near transit points. They cater to on-the-move shoppers seeking quick, affordable impulse purchases, with no premium category sales.","Prioritize counter-top displays and visible merchandising for single-serve, grab-and-go beverage and snack SKUs. Introduce combo offers (e.g., beverage + snack) at Rs. 20-30 price points."
114076.0,2365828,,2365828,Laxmi Restorent,Retail,27.14179,75.730133,Rajasthan,Jaipur,Amber,Akeda Chaud,Rural,,QSRs (Ind) Stand-alone,Maa Vaisno Bakeries - Rdb,6.31,24.38,15.22,23.71,4.9,72.94,3.28,19.29,3.11,14.51,14.51,14.51,14.51,14.51,7,25,52,0.0,0.0,0.0,3.0,6.0,9.0,5.0,0.0,38.0,62.0,51.0,95.0,28.0,19.0,6.0,13.0,43.0,253.0,Low (<30),0.0,0.0,0.0,0.0,80627.0,No,No,No,No,No,No,No,,,,,Restaurants,,,Yes,315.0,300–600 sqft,Core Outlet,RAJASTHAN,Balance,yes,218.1816,,,,12781.8054,2981.8152,2818.626,,,,272.73,,,72.7272,,,145.4544,6072.7212,,,4291.1172,21090.888,,,,,,50746.0662,4228.83885,10.67,12,North India,Retail,6.0,2.5,50.0,73.0,17.666666666666668,14.51,15.22,3.28,3.11,7.0,77.26,B,15.0,1.0,1,0.0,0.0,3866.18,-362.66,-9.4,False,B,798.0,1.0,0.0,0.0,0.0,0.0,0.0,0.0,0.0,1,,,,,0.0,3,4,Urban Transit Impulse GT,"This cluster consists of small urban GT outlets like paan kiosks, dairies, and tea shops, often near transit points. They cater to on-the-move shoppers seeking quick, affordable impulse purchases, with no premium category sales.","Prioritize counter-top displays and visible merchandising for single-serve, grab-and-go beverage and snack SKUs. Introduce combo offers (e.g., beverage + snack) at Rs. 20-30 price points."
121018.0,2637776,Dehradun,2637776,Siya Ram Cafe And Restaurant,Retail,30.32978167,78.10840167,Uttaranchal,Dehradun,Dehradun,Raipur (Uttrnchl),Urban,Raipur (Uttrnchl),Tea Shop (Hot),Kalahanu Bothra Exim P.Ltd-Sdp,4.63,0.7,3.67,6.02,3.71,0.0,7.39,4.06,3.41,3.41,3.41,3.41,3.41,3.41,1,7,34,0.0,0.0,0.0,142.0,264.0,588.0,558.0,1025.0,1473.0,854.0,1059.0,774.0,311.0,282.0,141.0,1446.0,2988.0,4121.0,High (>100),0.0,0.0,0.0,0.0,103674.0,No,Yes,No,No,No,No,No,Rs. 5,,Rs. 5,,GT,Periphery,2.2,No,90.0,<200 sqft,Micro Outlet,UTTARANCHAL,Dehradun,yes,7700.6827,,,,545.454,,,90.909,,,,,,2327.2704,,,5980.1321,218.1816,,,,836.3628,,,,,,17698.9926,1966.554733,13.0,9,North India,OPSC21-AFH - Others,331.3333333333333,791.5,1163.5,916.5,244.66666666666663,3.41,0.7,0.0,3.41,1.0,49.12,C,150.0,0.0,1,0.0,0.0,3572.38,1605.83,45.0,True,C+,591.0,0.0,0.0,1.0,0.0,0.0,0.0,0.0,0.0,1,1.0,5.0,,5.0,1.0,2,4,Urban Transit Impulse GT,"This cluster consists of small urban GT outlets like paan kiosks, dairies, and tea shops, often near transit points. They cater to on-the-move shoppers seeking quick, affordable impulse purchases, with no premium category sales.","Prioritize counter-top displays and visible merchandising for single-serve, grab-and-go beverage and snack SKUs. Introduce combo offers (e.g., beverage + snack) at Rs. 20-30 price points."
120728.0,2688523,,2688523,Karori Tea Stall,Retail,28.594968,76.12236,Haryana,Bhiwani,Dadri,Barsana,Rural,,Tea Shop (Hot),Shree Giriraj Egencies - TT,12.12,11.4,55.42,60.04,2.97,0.0,13.23,66.01,16.33,66.01,66.01,66.01,66.01,66.01,1,5,12,0.0,0.0,0.0,3.0,4.0,5.0,9.0,1.0,44.0,72.0,79.0,121.0,46.0,34.0,12.0,60.0,111.0,230.0,Low (<30),0.0,0.0,0.0,0.0,135110.0,No,Yes,No,No,No,No,No,Rs. 5,,Rs. 5,,GT,,,No,75.0,<200 sqft,Micro Outlet,HARYANA,Balance,yes,2090.907,,,,6018.1758,,1410.7188,,,,,,,,,,690.9084,1109.0898,,,495.5373,8890.9002,,,,,,20706.2373,1882.385209,9.82,11,North India,Retail,4.0,5.0,58.0,100.0,30.666666666666668,66.01,11.4,0.0,16.33,1.0,47.22,C,15.0,0.0,1,0.0,0.0,2910.12,1027.74,35.3,True,C+,892.0,0.0,0.0,1.0,0.0,0.0,0.0,0.0,0.0,1,1.0,5.0,,5.0,0.0,2,4,Urban Transit Impulse GT,"This cluster consists of small urban GT outlets like paan kiosks, dairies, and tea shops, often near transit points. They cater to on-the-move shoppers seeking quick, affordable impulse purchases, with no premium category sales.","Prioritize counter-top displays and visible merchandising for single-serve, grab-and-go beverage and snack SKUs. Introduce combo offers (e.g., beverage + snack) at Rs. 20-30 price points."
121196.0,1610824,Jodhpur,1610824,Mataji Dairy Farm,Retail,26.276064,73.012992,Rajasthan,Jodhpur,Jodhpur,Jodhpur,Urban,Railway Colony,Dairy str,Bbm Agencies,4.28,195.59,0.12,1.09,0.39,257.29,1.29,0.53,0.16,0.16,0.16,0.16,0.16,0.16,15,114,233,29.0,50.0,76.0,167.0,134.0,170.0,239.0,222.0,365.0,370.0,306.0,305.0,79.0,55.0,20.0,289.0,542.0,1261.0,Medium (30 to 100),69.0,55.0,11.0,3.0,4720195.0,No,No,No,No,No,No,No,,,,,GT,Urban,4.5,Yes,105.0,<200 sqft,Micro Outlet,RAJASTHAN,Jodhpur,yes,,,,,5654.5398,199.9998,522.9408,,,,274.7316,,,290.9088,,,545.454,1981.8162,,,1732.4604,6290.9028,,,,,,17493.7542,1590.341291,11.0,11,North India,Retail,157.0,230.5,367.5,305.5,51.333333333333336,0.16,0.12,1.29,0.16,44.0,39.94,C,,1.0,1,0.0,1.0,3231.86,1641.52,50.8,True,C+,569.0,1.0,0.0,0.0,0.0,0.0,0.0,0.0,0.0,1,1.0,,,,1.0,2,4,Urban Transit Impulse GT,"This cluster consists of small urban GT outlets like paan kiosks, dairies, and tea shops, often near transit points. They cater to on-the-move shoppers seeking quick, affordable impulse purchases, with no premium category sales.","Prioritize counter-top displays and visible merchandising for single-serve, grab-and-go beverage and snack SKUs. Introduce combo offers (e.g., beverage + snack) at Rs. 20-30 price points."
111089.0,S01260310,Raipur,S01260310,Lal Ji Cofee House,Retail,21.236641,81.600899,Chattisgarh,Raipur,Raipur,Raipur (Chattis),Urban,P. Deendayal Upadhyay,Tea Shop (Hot),Krishna Agency,2.7,0.29,0.96,0.86,1.49,0.0,1.77,0.85,0.5,0.5,0.5,0.5,0.5,0.5,15,58,109,2.0,18.0,23.0,141.0,137.0,175.0,327.0,342.0,624.0,648.0,495.0,480.0,81.0,70.0,23.0,634.0,1163.0,1268.0,Medium (30 to 100),153.0,86.0,10.0,4.0,179374.0,No,Yes,No,No,No,No,No,Rs. 5,,Rs. 5,,GT,Urban,2.3,No,85.0,<200 sqft,Micro Outlet,CHHATTISGARH,Raipur,yes,,,,,16150.1834,272.727,,,,,,,,,,,,6236.3574,,,,21803.5389,,,,,,44462.8067,3705.233892,10.83,12,East India,Retail,151.0,334.5,636.0,487.5,58.0,0.5,0.29,0.0,0.5,17.0,72.92,B,,0.0,1,0.0,1.0,2874.69,-830.54,-28.9,False,B,849.0,0.0,0.0,1.0,0.0,0.0,0.0,0.0,0.0,1,1.0,5.0,,5.0,1.0,3,4,Urban Transit Impulse GT,"This cluster consists of small urban GT outlets like paan kiosks, dairies, and tea shops, often near transit points. They cater to on-the-move shoppers seeking quick, affordable impulse purchases, with no premium category sales.","Prioritize counter-top displays and visible merchandising for single-serve, grab-and-go beverage and snack SKUs. Introduce combo offers (e.g., beverage + snack) at Rs. 20-30 price points."
107959.0,2202987,Warangal,2202987,Nagarjuna Milk,Retail,18.002805,79.558096,Telangana,Warangal,Geesugonda,Warangal (Geesgnda sub-distt) Pt 3 of 4,Urban,Warangal +OG (Gees'gnda sub-distt) Pt 3 of 4,Dairy str,Vinayaka Enterprises -107959,3.49,0.18,3.5,117.64,0.37,116.84,3.03,4.6,0.55,3.68,3.68,3.68,0.0,3.68,28,115,178,0.0,0.0,0.0,1.0,7.0,50.0,52.0,305.0,520.0,400.0,511.0,437.0,195.0,304.0,152.0,580.0,1143.0,1026.0,High (>100),73.0,59.0,29.0,16.0,41120.0,No,No,No,No,No,No,No,,,,,GT,Periphery,3.2,Yes,90.0,<200 sqft,Micro Outlet,TELANGANA,Warangal,yes,,,,,90.909,,2050.4784,,,,68.808,,,,,,,,,,2201.856,2181.816,,,,,,6593.8674,1318.77348,9.2,5,South India,SC05-Retail,19.33333333333333,178.5,460.0,474.0,217.0,0.0,0.18,3.03,0.55,28.0,32.7,C,150.0,1.0,1,0.0,0.0,2487.01,1168.24,47.0,True,C+,823.0,1.0,0.0,0.0,0.0,0.0,0.0,0.0,0.0,1,1.0,,,,1.0,2,4,Urban Transit Impulse GT,"This cluster consists of small urban GT outlets like paan kiosks, dairies, and tea shops, often near transit points. They cater to on-the-move shoppers seeking quick, affordable impulse purchases, with no premium category sales.","Prioritize counter-top displays and visible merchandising for single-serve, grab-and-go beverage and snack SKUs. Introduce combo offers (e.g., beverage + snack) at Rs. 20-30 price points."
120856.0,2605130,,2605130,Bhannat Pan Shop,Retail,17.696997,74.153368,Maharashtra,Satara,Koregaon,Kumathe,Rural,,Cig / Paan Kiosk,S.N.Enterprises,10.65,0.78,2.57,43.81,0.63,16.59,0.72,88.65,13.04,13.9,13.9,13.9,13.9,13.9,1,9,19,0.0,0.0,2.0,17.0,26.0,35.0,52.0,7.0,172.0,275.0,247.0,429.0,146.0,136.0,51.0,198.0,385.0,746.0,Low (<30),0.0,0.0,0.0,0.0,78701.0,Yes,No,No,No,No,No,No,Rs. 5,Rs. 5,,,GT,,,No,40.0,<200 sqft,Micro Outlet,MAHARASHTRA,Balance,yes,18.1818,,,,1836.3618,290.9088,1145.466,,,,,,,,,,,,1118.1807,,1309.104,3209.0877,,,,,,8927.2908,991.9212,8.89,9,MAHARASHTRA,Retail,26.0,29.5,223.5,338.0,111.0,13.9,0.78,0.72,13.04,1.0,22.66,D,15.0,0.0,1,0.0,0.0,2498.68,1506.76,60.3,True,D+,491.0,0.0,1.0,0.0,0.0,0.0,0.0,0.0,0.0,1,1.0,5.0,5.0,,0.0,1,4,Urban Transit Impulse GT,"This cluster consists of small urban GT outlets like paan kiosks, dairies, and tea shops, often near transit points. They cater to on-the-move shoppers seeking quick, affordable impulse purchases, with no premium category sales.","Prioritize counter-top displays and visible merchandising for single-serve, grab-and-go beverage and snack SKUs. Introduce combo offers (e.g., beverage + snack) at Rs. 20-30 price points."
121737.0,1741896,Bathinda,1741896,Kataria Tea Stall,Retail,29.931552,73.872858,Rajasthan,Ganganagar,Ganganagar,Ganganagar,Urban,Collectorate Area,Tea Shop (Hot),Shorya Trading Company-Srigang,2.56,49.37,3.29,346.29,0.19,209.38,0.12,218.42,0.45,207.01,207.01,207.01,207.01,207.01,12,77,156,0.0,0.0,0.0,82.0,101.0,115.0,168.0,320.0,406.0,363.0,616.0,479.0,130.0,176.0,386.0,415.0,876.0,1895.0,Low (<30),0.0,0.0,0.0,0.0,3847728.0,No,Yes,No,No,No,No,No,Rs. 5,,Rs. 5,,GT,Urban,1.3,No,85.0,<200 sqft,Micro Outlet,RAJASTHAN,Balance,yes,,,,,1545.453,,,,,,,,,,,,,3581.8146,,,,7463.2376,,,,,,12590.5052,1259.05052,5.2,10,North India,Retail,99.33333333333331,244.0,384.5,547.5,230.66666666666663,207.01,3.29,0.12,0.45,12.0,30.86,C,15.0,0.0,1,0.0,1.0,1243.05,-16.0,-1.3,False,C,1301.0,0.0,0.0,1.0,0.0,0.0,0.0,0.0,0.0,1,1.0,5.0,,5.0,1.0,2,4,Urban Transit Impulse GT,"This cluster consists of small urban GT outlets like paan kiosks, dairies, and tea shops, often near transit points. They cater to on-the-move shoppers seeking quick, affordable impulse purchases, with no premium category sales.","Prioritize counter-top displays and visible merchandising for single-serve, grab-and-go beverage and snack SKUs. Introduce combo offers (e.g., beverage + snack) at Rs. 20-30 price points."
119714.0,2335312,,2335312,Shri Krishna Ice Cream,AFH - Others,24.888417,74.627526,Rajasthan,Chittaurgarh,Chittaurgarh,Chittaurgarh,Urban,,Ice Cream Parlour (Stand-alone),Chandan General Store,9.01,0.11,6.66,96.0,0.71,304.02,1.52,98.31,30.01,93.9,93.9,93.9,93.9,93.9,9,64,92,0.0,0.0,0.0,2424.0,2483.0,2934.0,3458.0,4528.0,6114.0,5681.0,6173.0,6099.0,1417.0,1479.0,2616.0,5699.0,11667.0,21135.0,High (>100),0.0,0.0,0.0,0.0,56961.0,No,No,No,No,No,No,No,,,,,GT,,,Yes,160.0,<200 sqft,Micro Outlet,RAJASTHAN,Balance,yes,25024.571,,,,,,,,,,,,,,,,26949.538,,,,,,,,,,,51974.109,5197.4109,1.6,10,North India,OPSC21-AFH - Others,2613.6666666666665,3993.0,5897.5,6136.0,1837.3333333333333,93.9,0.11,1.52,30.01,9.0,83.0,A,150.0,1.0,1,0.0,0.0,936.56,-4260.85,-454.9,False,A,709.0,1.0,0.0,0.0,0.0,0.0,0.0,0.0,0.0,1,1.0,,,,1.0,4,4,Urban Transit Impulse GT,"This cluster consists of small urban GT outlets like paan kiosks, dairies, and tea shops, often near transit points. They cater to on-the-move shoppers seeking quick, affordable impulse purchases, with no premium category sales.","Prioritize counter-top displays and visible merchandising for single-serve, grab-and-go beverage and snack SKUs. Introduce combo offers (e.g., beverage + snack) at Rs. 20-30 price points."
115954.0,2172195,Surat,2172195,Shiv Shakti Pan Center,Retail,21.201722,72.839655,Gujarat,Surat,Surat City,Surat,Urban,Mahidharpura,Cig / Paan Kiosk,Shreeji Enterprise,6.18,0.28,0.37,3.31,2.27,59.46,0.39,1.06,0.19,0.19,0.19,0.19,0.19,0.19,21,111,233,6.0,9.0,22.0,217.0,213.0,256.0,390.0,426.0,676.0,722.0,801.0,779.0,254.0,178.0,628.0,753.0,1208.0,2825.0,Medium (30 to 100),,,,,209043.0,Yes,No,No,No,No,No,No,Rs. 5,Rs. 5,,,GT,Urban,2.1,No,50.0,<200 sqft,Micro Outlet,GUJARAT,Surat,yes,436.3632,,363.636,,8726.4788,181.818,,54.5454,,,,,,,,,54.5454,1299.6048,,,872.736,7171.5384,,,,,,19161.266,2737.323714,11.88,7,GUJARAT,Retail,228.66666666666663,408.0,699.0,790.0,353.3333333333333,0.19,0.28,0.39,0.19,27.0,62.32,B,,0.0,1,0.0,1.0,2955.6,218.28,7.4,True,B+,676.0,0.0,1.0,0.0,0.0,0.0,0.0,0.0,0.0,1,1.0,5.0,5.0,,1.0,3,4,Urban Transit Impulse GT,"This cluster consists of small urban GT outlets like paan kiosks, dairies, and tea shops, often near transit points. They cater to on-the-move shoppers seeking quick, affordable impulse purchases, with no premium category sales.","Prioritize counter-top displays and visible merchandising for single-serve, grab-and-go beverage and snack SKUs. Introduce combo offers (e.g., beverage + snack) at Rs. 20-30 price points."
121940.0,1950169,Kolkata,1950169,Pinki Pan Stores,Retail,22.894695,88.395757,West Bengal,Hugli,Hugli-Chinsurah +OG (Hugli distt) Pt 1 of 2,Hugli-Chinsurah,Urban,Kapasdanga,Cig / Paan Kiosk,Nandi Traders,2.75,0.06,0.58,23.07,0.18,8.93,1.12,6.42,0.78,4.59,4.59,4.59,4.59,4.59,14,48,121,0.0,11.0,14.0,104.0,181.0,181.0,291.0,389.0,493.0,586.0,639.0,556.0,162.0,167.0,47.0,1097.0,940.0,1109.0,High (>100),0.0,0.0,0.0,0.0,150776.0,Yes,No,No,No,No,No,No,Rs. 5,Rs. 5,,,GT,Periphery,29.4,No,50.0,<200 sqft,Micro Outlet,WEST BENGAL,Balance,yes,163.6362,,,,109.0908,,122.8536,,,,165.1392,,,72.7272,,,,218.1816,,,,190.9089,,,,,,1042.5375,115.8375,1.67,9,East India,Retail,155.33333333333334,340.0,539.5,597.5,125.33333333333331,4.59,0.06,1.12,0.78,14.0,0.84,D,150.0,0.0,1,0.0,0.0,127.04,11.2,8.8,True,D+,1403.0,0.0,1.0,0.0,0.0,0.0,0.0,0.0,0.0,1,1.0,5.0,5.0,,1.0,1,4,Urban Transit Impulse GT,"This cluster consists of small urban GT outlets like paan kiosks, dairies, and tea shops, often near transit points. They cater to on-the-move shoppers seeking quick, affordable impulse purchases, with no premium category sales.","Prioritize counter-top displays and visible merchandising for single-serve, grab-and-go beverage and snack SKUs. Introduce combo offers (e.g., beverage + snack) at Rs. 20-30 price points."
120780.0,2781948,Etawah,2781948,Bahubali Ice  Cream,Retail,26.80355667,79.00682167,Uttar Pradesh,Etawah,Etawah,Etawah,Urban,Shanti Colony,Ice Cream Parlour (Stand-alone),Kanak Enterprises-Tt,2.83,0.25,1.59,105.0,0.52,2.12,2.36,71.83,2.56,55.92,55.92,55.92,55.92,55.92,15,43,117,0.0,2.0,7.0,26.0,45.0,46.0,125.0,217.0,260.0,202.0,203.0,188.0,29.0,41.0,31.0,132.0,246.0,933.0,Low (<30),80.0,96.0,19.0,1.0,74684.0,No,No,No,No,No,No,No,,,,,GT,,,Yes,120.0,<200 sqft,Micro Outlet,UTTAR PRADESH,Balance,yes,1090.908,,,,1127.2716,,1222.8366,90.909,,,924.1101,,,90.909,,,999.999,236.3634,,,3284.385,1054.1492,,,,,,10121.8409,1445.977271,12.43,7,UTTAR PRADESH,Retail,39.0,171.0,231.0,195.5,33.666666666666664,55.92,0.25,2.12,2.56,15.0,36.18,C,15.0,1.0,1,0.0,0.0,3626.83,2180.85,60.1,True,C+,333.0,1.0,0.0,0.0,0.0,0.0,0.0,0.0,0.0,1,1.0,,,,1.0,2,4,Urban Transit Impulse GT,"This cluster consists of small urban GT outlets like paan kiosks, dairies, and tea shops, often near transit points. They cater to on-the-move shoppers seeking quick, affordable impulse purchases, with no premium category sales.","Prioritize counter-top displays and visible merchandising for single-serve, grab-and-go beverage and snack SKUs. Introduce combo offers (e.g., beverage + snack) at Rs. 20-30 price points."
116084.0,2198446,,2198446,Sumit Tea Stall,Retail,30.845178,75.675639,Punjab,Ludhiana,Ludhiana (West),Mullanpur Dakha,Urban,Mullanpur Dakha,Tea Shop (Hot),Happy Cold Drinks-Tt,1.71,0.35,1.25,15.68,0.13,17.16,1.28,0.42,0.09,0.42,0.42,0.42,0.42,0.42,6,19,23,0.0,2.0,2.0,99.0,177.0,262.0,317.0,387.0,515.0,333.0,425.0,370.0,152.0,166.0,83.0,430.0,903.0,1981.0,Medium (30 to 100),0.0,0.0,0.0,0.0,320645.0,No,Yes,No,No,No,No,No,Rs. 5,,Rs. 5,,GT,,,No,80.0,<200 sqft,Micro Outlet,PUNJAB,Balance,yes,54.5454,,,,3080.2369,90.909,4.5872,,,,,,,,,,54.5454,1364.8219,,,9.1744,4432.0159,,,,,,9090.8361,1818.16722,8.8,5,North India,Retail,179.33333333333334,352.0,424.0,397.5,133.66666666666666,0.42,0.35,1.28,0.09,6.0,45.56,C,,0.0,1,0.0,0.0,2211.53,393.36,17.8,True,C+,1156.0,0.0,0.0,1.0,0.0,0.0,0.0,0.0,0.0,1,1.0,5.0,,5.0,1.0,2,4,Urban Transit Impulse GT,"This cluster consists of small urban GT outlets like paan kiosks, dairies, and tea shops, often near transit points. They cater to on-the-move shoppers seeking quick, affordable impulse purchases, with no premium category sales.","Prioritize counter-top displays and visible merchandising for single-serve, grab-and-go beverage and snack SKUs. Introduce combo offers (e.g., beverage + snack) at Rs. 20-30 price points."
117070.0,2486338,,2486338,Nilkanth Pan,Retail,20.90592,70.365238,Gujarat,Junagadh,Patan-Veraval,Veraval,Urban,Veraval,Cig / Paan Kiosk,Saurabh Sales Agency,13.93,0.05,3.92,1.8,18.19,92.85,0.86,92.33,0.57,3.3,3.3,3.3,3.3,3.3,18,46,62,0.0,0.0,0.0,110.0,272.0,1254.0,986.0,3764.0,6073.0,4318.0,5433.0,4231.0,1775.0,1990.0,995.0,3693.0,7313.0,21902.0,High (>100),,,,,142213.0,Yes,No,No,No,No,No,No,Rs. 5,Rs. 5,,,GT,,,Yes,55.0,<200 sqft,Micro Outlet,GUJARAT,Balance,yes,,,90.909,,4552.9627,,68.1825,,,,,,,,,,181.818,90.909,,,7259.1635,1018.1808,,,,,,13262.1255,1205.647773,5.18,11,GUJARAT,Retail,545.3333333333334,2375.0,5195.5,4832.0,1586.6666666666667,3.3,0.05,0.86,0.57,18.0,29.12,D,150.0,1.0,1,0.0,0.0,1437.53,231.88,16.1,True,D+,1303.0,1.0,1.0,0.0,0.0,0.0,0.0,0.0,0.0,1,1.0,5.0,5.0,,1.0,1,4,Urban Transit Impulse GT,"This cluster consists of small urban GT outlets like paan kiosks, dairies, and tea shops, often near transit points. They cater to on-the-move shoppers seeking quick, affordable impulse purchases, with no premium category sales.","Prioritize counter-top displays and visible merchandising for single-serve, grab-and-go beverage and snack SKUs. Introduce combo offers (e.g., beverage + snack) at Rs. 20-30 price points."
120516.0,2621639,Gwalior,2621639,Kanah Ice Cream Parlor,Retail,26.48075,77.983527,Madhya Pradesh,Morena,Morena,Morena,Urban,Krishi Colony,Ice Cream Parlour (Stand-alone),Jai Hanuman Enterprises,7.81,0.14,31.82,0.44,4.05,461.06,3.02,33.36,1.14,30.71,30.71,30.71,30.71,30.71,28,72,119,0.0,0.0,0.0,16.0,17.0,18.0,26.0,50.0,54.0,54.0,94.0,88.0,19.0,26.0,43.0,40.0,88.0,332.0,Medium (30 to 100),0.0,0.0,0.0,0.0,88092.0,No,No,No,No,No,No,No,,,,,GT,Urban,1.5,Yes,145.0,<200 sqft,Micro Outlet,MADHYA PRADESH,Balance,yes,2654.5428,,,,4679.0484,,398.586,,,,329.778,,,981.8172,,,1595.2554,2944.6638,,,1165.983,10316.5959,,,,,,25066.2705,2506.62705,13.1,10,MADHYA PRADESH,Retail,17.0,38.0,54.0,91.0,29.33333333333333,30.71,0.14,3.02,0.44,28.0,58.62,C,,1.0,1,0.0,1.0,3814.02,1307.4,34.3,True,C+,753.0,1.0,0.0,0.0,0.0,0.0,0.0,0.0,0.0,1,1.0,,,,1.0,2,4,Urban Transit Impulse GT,"This cluster consists of small urban GT outlets like paan kiosks, dairies, and tea shops, often near transit points. They cater to on-the-move shoppers seeking quick, affordable impulse purchases, with no premium category sales.","Prioritize counter-top displays and visible merchandising for single-serve, grab-and-go beverage and snack SKUs. Introduce combo offers (e.g., beverage + snack) at Rs. 20-30 price points."
112034.0,2399628,,2399628,Tea Point Bichha,Retail,21.813622,79.044649,Madhya Pradesh,Chhindwara,Bichhua,Bichhua,Rural,,Tea Shop (Hot),Varun Enterprises,27.77,8.07,27.47,224.85,22.8,336.79,13.53,170.78,27.87,27.87,27.87,27.87,27.87,27.87,6,16,19,0.0,0.0,0.0,20.0,16.0,13.0,52.0,7.0,165.0,264.0,202.0,396.0,220.0,214.0,89.0,218.0,387.0,790.0,Low (<30),0.0,0.0,0.0,0.0,70751.0,No,Yes,No,No,No,No,No,Rs. 5,,Rs. 5,,GT,,,No,65.0,<200 sqft,Micro Outlet,MADHYA PRADESH,Balance,yes,218.1816,,,,4518.1773,545.454,944.762,,,,55.0464,,,,,,54.5454,1081.4219,,,723.7424,14199.1954,,,,,,22340.5264,1861.710533,11.92,12,MADHYA PRADESH,Retail,16.333333333333332,29.5,214.5,299.0,174.33333333333334,27.87,8.07,13.53,27.87,6.0,46.54,C,15.0,0.0,1,0.0,0.0,3557.97,1696.26,47.7,True,C+,545.0,0.0,0.0,1.0,0.0,0.0,0.0,0.0,0.0,1,1.0,5.0,,5.0,0.0,2,4,Urban Transit Impulse GT,"This cluster consists of small urban GT outlets like paan kiosks, dairies, and tea shops, often near transit points. They cater to on-the-move shoppers seeking quick, affordable impulse purchases, with no premium category sales.","Prioritize counter-top displays and visible merchandising for single-serve, grab-and-go beverage and snack SKUs. Introduce combo offers (e.g., beverage + snack) at Rs. 20-30 price points."
115954.0,2802538,Surat,2802538,SHREENATHJI DAIRY N GENERAL,Retail,21.223607,72.821915,Gujarat,Surat,Surat City,Surat,Urban,Katargam,Dairy str,Shreeji Enterprise,8.8,0.09,0.28,4.23,4.17,62.22,2.84,3.06,0.08,0.08,0.08,0.08,0.08,0.08,36,84,142,2.0,7.0,13.0,322.0,399.0,456.0,733.0,1206.0,1687.0,1690.0,2466.0,2184.0,651.0,526.0,787.0,1838.0,3941.0,6845.0,High (>100),,,,,146333.0,No,No,No,No,No,No,No,,,,,GT,Urban,1.6,Yes,85.0,<200 sqft,Micro Outlet,GUJARAT,Surat,yes,,,90.909,,2072.7252,,190.911,,,,,,,,,,,,,,1500.015,545.454,,,,,,4400.0142,1100.00355,7.0,4,GUJARAT,Retail,392.3333333333333,969.5,1688.5,2325.0,654.6666666666666,0.08,0.09,2.84,0.08,38.0,25.82,D,150.0,1.0,1,0.0,1.0,1769.43,669.43,37.8,True,D+,1077.0,1.0,0.0,0.0,0.0,0.0,0.0,0.0,0.0,1,1.0,,,,1.0,1,4,Urban Transit Impulse GT,"This cluster consists of small urban GT outlets like paan kiosks, dairies, and tea shops, often near transit points. They cater to on-the-move shoppers seeking quick, affordable impulse purchases, with no premium category sales.","Prioritize counter-top displays and visible merchandising for single-serve, grab-and-go beverage and snack SKUs. Introduce combo offers (e.g., beverage + snack) at Rs. 20-30 price points."
114822.0,1610169,Mumbai,1610169,Maharastra Tea,Retail,18.940262,72.833967,Maharashtra,Mumbai (Combined),Mumbai,Mumbai (Grtr),Urban,Churchgate,Tea Shop (Hot),Kush Enterprises,2.0,0.1,0.19,0.37,0.3,0.2,0.31,0.63,0.14,0.28,0.14,0.28,0.14,0.14,28,60,103,48.0,82.0,95.0,154.0,122.0,130.0,265.0,192.0,264.0,286.0,274.0,223.0,69.0,19.0,42.0,288.0,437.0,890.0,High (>100),43.0,104.0,272.0,421.0,365560.0,No,Yes,No,No,No,No,No,Rs. 5,,Rs. 5,,GT,Urban,1.0,No,90.0,<200 sqft,Micro Outlet,MAHARASHTRA,Mumbai,yes,,,,,14562.0436,636.363,,,,,,,,,,,,,,,,41038.7016,,,,,,56237.1082,5112.464382,11.55,11,MAHARASHTRA,Retail,135.33333333333334,228.5,275.0,248.5,43.333333333333336,0.14,0.1,0.2,0.14,76.0,82.72,A,150.0,0.0,1,0.0,1.0,2980.38,-2132.09,-71.5,False,A,544.0,0.0,0.0,1.0,0.0,0.0,0.0,0.0,0.0,1,1.0,5.0,,5.0,1.0,4,4,Urban Transit Impulse GT,"This cluster consists of small urban GT outlets like paan kiosks, dairies, and tea shops, often near transit points. They cater to on-the-move shoppers seeking quick, affordable impulse purchases, with no premium category sales.","Prioritize counter-top displays and visible merchandising for single-serve, grab-and-go beverage and snack SKUs. Introduce combo offers (e.g., beverage + snack) at Rs. 20-30 price points."
112995.0,S01388657,,S01388657,Sri Ram Gift Palace Stationary,Retail,12.788117,77.617427,Karnataka,Bengaluru Urban,Anekal,Harapanahalli,Rural,,Stationary Str,Nsm Agencies,10.04,0.6,3.95,5.34,2.5,4.91,10.52,7.63,1.57,4.96,4.96,4.96,4.96,4.96,4,14,32,0.0,0.0,0.0,38.0,40.0,42.0,48.0,11.0,94.0,145.0,122.0,218.0,67.0,50.0,18.0,215.0,271.0,184.0,Low (<30),0.0,0.0,0.0,0.0,423700.0,No,No,No,No,No,No,No,,,,,GT,,,No,100.0,<200 sqft,Micro Outlet,KARNATAKA,Bengaluru,yes,181.818,,,,12727.26,1781.8164,481.656,,,,,,,,,,90.909,90.909,,,481.656,20636.343,,,,,,36472.3674,3039.36395,14.33,12,West India,Retail,40.0,29.5,119.5,170.0,45.0,4.96,0.6,4.91,1.57,4.0,66.4,B,15.0,0.0,1,0.0,0.0,4135.11,1095.75,26.5,True,B+,496.0,0.0,0.0,0.0,0.0,0.0,0.0,0.0,0.0,1,1.0,,,,0.0,3,4,Urban Transit Impulse GT,"This cluster consists of small urban GT outlets like paan kiosks, dairies, and tea shops, often near transit points. They cater to on-the-move shoppers seeking quick, affordable impulse purchases, with no premium category sales.","Prioritize counter-top displays and visible merchandising for single-serve, grab-and-go beverage and snack SKUs. Introduce combo offers (e.g., beverage + snack) at Rs. 20-30 price points."
118450.0,2488625,,2488625,Sanjay Pan Store,Retail,24.643,85.500306,Bihar,Nawada,Rajauli,Rajauli,Rural,,Cig / Paan Kiosk,U.S Traders - Rd,3.87,4.4,49.89,109.77,2.81,0.0,14.24,52.48,51.38,51.38,51.38,51.38,51.38,51.38,23,42,54,0.0,0.0,0.0,33.0,49.0,64.0,346.0,213.0,317.0,431.0,764.0,956.0,859.0,916.0,374.0,323.0,667.0,3921.0,Low (<30),0.0,0.0,0.0,0.0,17206.0,Yes,No,No,No,No,No,No,Rs. 5,Rs. 5,,,GT,,,No,50.0,<200 sqft,Micro Outlet,BIHAR,Balance,yes,,,,,181.818,,2261.907,,,,,,,,,,,,,,1580.9162,790.9083,,,,,,4815.5495,601.943688,4.75,8,East India,Retail,48.66666666666666,279.5,374.0,860.0,716.3333333333334,51.38,4.4,0.0,51.38,23.0,10.74,D,15.0,0.0,1,0.0,0.0,1479.64,877.7,59.3,True,D+,940.0,0.0,1.0,0.0,0.0,0.0,0.0,0.0,0.0,1,1.0,5.0,5.0,,0.0,1,4,Urban Transit Impulse GT,"This cluster consists of small urban GT outlets like paan kiosks, dairies, and tea shops, often near transit points. They cater to on-the-move shoppers seeking quick, affordable impulse purchases, with no premium category sales.","Prioritize counter-top displays and visible merchandising for single-serve, grab-and-go beverage and snack SKUs. Introduce combo offers (e.g., beverage + snack) at Rs. 20-30 price points."
121404.0,2383613,,2383613,Kushwah Pan Center,Retail,21.697627,76.223464,Madhya Pradesh,E. Nimar,Pandhana,Pandhana,Urban,Pandhana,Cig / Paan Kiosk,Raj Brothers,24.15,0.08,21.26,111.13,18.48,114.88,14.68,116.97,18.13,116.97,115.16,115.16,115.16,115.16,9,14,15,0.0,0.0,0.0,2.0,7.0,55.0,44.0,277.0,476.0,348.0,441.0,356.0,156.0,215.0,107.0,279.0,547.0,1736.0,High (>100),0.0,0.0,0.0,0.0,133861.0,Yes,No,No,No,No,No,No,Rs. 5,Rs. 5,,,GT,,,No,65.0,<200 sqft,Micro Outlet,MADHYA PRADESH,Balance,yes,,,,,399.9996,,411.597,54.5454,,,54.546,,,,,,218.1816,,,,536.7024,945.4536,,,,,,2621.0256,436.8376,4.5,6,MADHYA PRADESH,Retail,21.33333333333333,160.5,412.0,398.5,159.33333333333334,115.16,0.08,14.68,18.13,9.0,6.62,D,150.0,0.0,1,0.0,0.0,1089.62,652.78,59.9,True,D+,1089.0,0.0,1.0,0.0,0.0,0.0,0.0,0.0,0.0,1,1.0,5.0,5.0,,1.0,1,4,Urban Transit Impulse GT,"This cluster consists of small urban GT outlets like paan kiosks, dairies, and tea shops, often near transit points. They cater to on-the-move shoppers seeking quick, affordable impulse purchases, with no premium category sales.","Prioritize counter-top displays and visible merchandising for single-serve, grab-and-go beverage and snack SKUs. Introduce combo offers (e.g., beverage + snack) at Rs. 20-30 price points."
120244.0,2510264,,2510264,Maa Pan,Retail,20.419677,72.832718,Daman & Diu,Daman,Daman,Daman,Urban,Daman,Cig / Paan Kiosk,Vikram Provision Store,3.28,0.0,0.0,0.0,2.66,0.0,0.0,0.0,0.0,0.0,0.0,0.0,0.0,0.0,7,11,23,0.0,0.0,0.0,166.0,341.0,786.0,770.0,1467.0,2121.0,1233.0,1527.0,1112.0,385.0,210.0,105.0,2783.0,3925.0,5536.0,High (>100),0.0,0.0,0.0,0.0,0.0,Yes,No,No,No,No,No,No,Rs. 5,Rs. 5,,,GT,,,No,50.0,<200 sqft,Micro Outlet,DAMAN and DIU,Balance,yes,,,1363.635,,13327.2594,2799.9972,,,,,,,,,,272.727,,2490.9066,709.091,272.727,90.91,10981.8072,,,,,,32309.0604,2937.187309,11.55,11,DAMAN and DIU,Retail,431.0,1118.5,1677.0,1319.5,233.3333333333333,0.0,0.0,0.0,0.0,7.0,65.04,B,150.0,0.0,1,0.0,0.0,3032.47,95.28,3.1,True,B+,716.0,0.0,1.0,0.0,0.0,0.0,0.0,0.0,0.0,1,1.0,5.0,5.0,,1.0,3,4,Urban Transit Impulse GT,"This cluster consists of small urban GT outlets like paan kiosks, dairies, and tea shops, often near transit points. They cater to on-the-move shoppers seeking quick, affordable impulse purchases, with no premium category sales.","Prioritize counter-top displays and visible merchandising for single-serve, grab-and-go beverage and snack SKUs. Introduce combo offers (e.g., beverage + snack) at Rs. 20-30 price points."
119750.0,2409982,Coimbatore,2409982,Swathi Book Stall,Retail,11.089269,77.184092,Tamil Nadu,Coimbatore,Palladam,Karumathampatti,Urban,Karumathampatti,Book Str,Mighty Traderss,12.24,0.21,2.13,11.59,1.26,0.13,0.32,17.86,0.14,14.23,14.23,14.23,0.0,14.23,4,10,19,0.0,0.0,5.0,53.0,110.0,482.0,351.0,1269.0,2036.0,1333.0,1700.0,1480.0,563.0,463.0,231.0,2982.0,4175.0,1918.0,High (>100),0.0,0.0,0.0,0.0,136832.0,No,No,No,No,No,No,No,,,,,Institutional ,Periphery,16.2,No,80.0,<200 sqft,Micro Outlet,TAMIL NADU,Coimbatore,yes,,,,,,,2339.472,,,,,,,,,,,,,,1444.968,,,,,,,3784.44,946.11,8.5,4,South India,Retail,215.0,810.0,1684.5,1590.0,419.0,0.0,0.21,0.13,0.14,4.0,21.18,D,150.0,0.0,1,0.0,0.0,2121.88,1175.77,55.4,True,D+,749.0,0.0,0.0,0.0,0.0,0.0,0.0,0.0,0.0,1,1.0,,,,1.0,1,4,Urban Transit Impulse GT,"This cluster consists of small urban GT outlets like paan kiosks, dairies, and tea shops, often near transit points. They cater to on-the-move shoppers seeking quick, affordable impulse purchases, with no premium category sales.","Prioritize counter-top displays and visible merchandising for single-serve, grab-and-go beverage and snack SKUs. Introduce combo offers (e.g., beverage + snack) at Rs. 20-30 price points."
120006.0,2528285,Bhopal,2528285,Swagat Food Corner,Retail,23.270468,77.515422,Madhya Pradesh,Bhopal,Huzur,Bhopal,Urban,,QSRs (Ind) Stand-alone,Shobha Associate,7.53,0.64,1.58,9.01,3.59,171.93,8.37,5.47,2.41,2.41,2.41,2.41,2.41,2.41,5,14,26,0.0,3.0,6.0,19738.0,19577.0,23036.0,42985.0,51907.0,76787.0,74353.0,85019.0,76076.0,17839.0,16208.0,37611.0,75625.0,132610.0,256700.0,High (>100),36.0,20.0,4.0,20.0,167652.0,No,No,No,No,No,No,No,,,,,Restaurants,Periphery,0.6,Yes,325.0,300–600 sqft,Core Outlet,MADHYA PRADESH,Bhopal,yes,4379.4423,,181.818,,44035.5344,4323.3164,1299.846,1527.2712,,,7422.9456,,,1470.3543,,,4361.2605,10818.171,,,16981.8408,43402.7295,,,,,,140204.53,11683.710833,23.08,12,MADHYA PRADESH,Retail,20783.666666666668,47446.0,75570.0,80547.5,23886.0,2.41,0.64,8.37,2.41,5.0,95.44,A,150.0,1.0,1,0.0,0.0,7305.3,-4378.41,-59.9,False,A,721.0,1.0,0.0,0.0,0.0,0.0,0.0,0.0,0.0,1,,,,,1.0,4,4,Urban Transit Impulse GT,"This cluster consists of small urban GT outlets like paan kiosks, dairies, and tea shops, often near transit points. They cater to on-the-move shoppers seeking quick, affordable impulse purchases, with no premium category sales.","Prioritize counter-top displays and visible merchandising for single-serve, grab-and-go beverage and snack SKUs. Introduce combo offers (e.g., beverage + snack) at Rs. 20-30 price points."
114122.0,1911670,Ludhiana,1911670,Shankar Pan,AFH - Others,30.881958,75.776203,Punjab,Ludhiana,Ludhiana (East),Ludhiana,Urban,Aggar Nagar,Cig / Paan Kiosk,Sai Traders-Sdp,8.71,0.21,2.12,5.33,2.76,6.78,3.89,0.55,0.35,0.55,0.55,0.55,0.35,0.35,6,20,39,0.0,1.0,3.0,59.0,34.0,44.0,80.0,58.0,100.0,98.0,78.0,77.0,10.0,9.0,1.0,105.0,197.0,311.0,Low (<30),123.0,126.0,17.0,4.0,168364.0,Yes,No,No,No,No,No,No,Rs. 5,Rs. 5,,,GT,Urban,0.1,No,90.0,<200 sqft,Micro Outlet,PUNJAB,Ludhiana,yes,123130.351,,,,1781.8164,,,11513.823,,,,,,12165.996,,,60232.912,545.454,,,,3454.542,,,,,,212824.8944,17735.407867,16.92,12,North India,OPSC21-AFH - Others,45.66666666666666,69.0,99.0,77.5,6.666666666666667,0.35,0.21,3.89,0.35,6.0,98.18,A,15.0,0.0,1,0.0,1.0,4689.31,-13046.1,-278.2,False,A,919.0,0.0,1.0,0.0,0.0,0.0,0.0,0.0,0.0,1,1.0,5.0,5.0,,1.0,4,4,Urban Transit Impulse GT,"This cluster consists of small urban GT outlets like paan kiosks, dairies, and tea shops, often near transit points. They cater to on-the-move shoppers seeking quick, affordable impulse purchases, with no premium category sales.","Prioritize counter-top displays and visible merchandising for single-serve, grab-and-go beverage and snack SKUs. Introduce combo offers (e.g., beverage + snack) at Rs. 20-30 price points."
119385.0,2612070,,2612070,Punjabi Kulfi,Retail,31.454765,74.925229,Punjab,Amritsar,Tarn-Taran,Tarn-Taran,Urban,,Ice Cream Parlour (Stand-alone),Krishna Enterprises,2.63,0.1,0.28,13.24,0.69,16.55,18.0,18.19,0.19,15.63,15.61,15.63,0.19,0.19,26,39,53,2.0,3.0,4.0,711.0,583.0,693.0,1060.0,1334.0,1973.0,2007.0,2381.0,2292.0,485.0,486.0,480.0,1575.0,3482.0,8280.0,Medium (30 to 100),0.0,0.0,0.0,0.0,139806.0,No,No,No,No,No,No,No,,,,,GT,,,Yes,135.0,<200 sqft,Micro Outlet,PUNJAB,Balance,yes,6745.4478,,,,1972.7253,309.0906,457.052,90.909,,,,,,,,,5363.631,799.9992,,,292.7468,19521.723,,,,,,35553.3247,2962.777058,14.92,12,North India,Retail,662.3333333333334,1197.0,1990.0,2336.5,483.6666666666667,0.19,0.1,16.55,0.19,28.0,65.32,B,,1.0,1,0.0,0.0,4370.36,1407.58,32.2,True,B+,411.0,1.0,0.0,0.0,0.0,0.0,0.0,0.0,0.0,1,1.0,,,,1.0,3,4,Urban Transit Impulse GT,"This cluster consists of small urban GT outlets like paan kiosks, dairies, and tea shops, often near transit points. They cater to on-the-move shoppers seeking quick, affordable impulse purchases, with no premium category sales.","Prioritize counter-top displays and visible merchandising for single-serve, grab-and-go beverage and snack SKUs. Introduce combo offers (e.g., beverage + snack) at Rs. 20-30 price points."
109630.0,S01294991,Kolkata,S01294991,Shivam Tea,Retail,22.639318,88.385272,West Bengal,N. 24 Parganas,Baranagar unassignd,Baranagar,Urban,Mandal Para,Tea Shop (Hot),Baba Lokenath Agency,2.95,0.15,0.47,5.05,0.84,0.96,0.91,2.47,1.0,1.0,1.0,1.0,1.0,1.0,10,61,159,4.0,7.0,23.0,127.0,178.0,154.0,293.0,330.0,346.0,446.0,577.0,467.0,217.0,154.0,45.0,1044.0,804.0,798.0,High (>100),0.0,0.0,0.0,0.0,251952.0,No,Yes,No,No,No,No,No,Rs. 5,,Rs. 5,,GT,Periphery,0.6,No,90.0,<200 sqft,Micro Outlet,WEST BENGAL,Balance,yes,163.6362,,,,381.8178,,1963.062,,,,,,,36.3636,,,109.0908,109.0908,,,891.6064,436.3632,,,,,,4091.0308,681.838467,7.5,6,East India,Retail,153.0,311.5,396.0,522.0,138.66666666666666,1.0,0.15,0.91,1.0,14.0,13.04,D,150.0,0.0,1,0.0,0.0,1861.42,1179.58,63.4,True,D+,743.0,0.0,0.0,1.0,0.0,0.0,0.0,0.0,0.0,1,1.0,5.0,,5.0,1.0,1,4,Urban Transit Impulse GT,"This cluster consists of small urban GT outlets like paan kiosks, dairies, and tea shops, often near transit points. They cater to on-the-move shoppers seeking quick, affordable impulse purchases, with no premium category sales.","Prioritize counter-top displays and visible merchandising for single-serve, grab-and-go beverage and snack SKUs. Introduce combo offers (e.g., beverage + snack) at Rs. 20-30 price points."
114822.0,2223681,Mumbai,2223681,Vimal Bidi Shop,Retail,18.976415,72.807297,Maharashtra,Mumbai (Combined),Mumbai,Mumbai (Grtr),Urban,Breach Candy (Cumballa Hill),Cig / Paan Kiosk,Kush Enterprises,3.3,0.02,0.37,1.42,0.2,0.04,1.4,0.39,0.07,0.07,0.07,0.07,0.07,0.07,9,43,115,11.0,25.0,49.0,530.0,376.0,418.0,867.0,570.0,865.0,940.0,876.0,743.0,192.0,57.0,71.0,1048.0,1480.0,2635.0,High (>100),38.0,61.0,97.0,172.0,376629.0,Yes,No,No,No,No,No,No,Rs. 5,Rs. 5,,,GT,Urban,0.3,No,50.0,<200 sqft,Micro Outlet,MAHARASHTRA,Mumbai,yes,,,509.0904,,4199.9958,818.181,204.5475,,,,,,,,,,,436.3632,,,231.8205,8181.81,,,,,,14581.8084,2083.115486,13.63,7,MAHARASHTRA,Retail,441.3333333333333,718.5,902.5,809.5,106.66666666666669,0.07,0.02,0.04,0.07,20.0,51.54,C,150.0,0.0,1,0.0,1.0,3539.9,1456.79,41.2,True,C+,683.0,0.0,1.0,0.0,0.0,0.0,0.0,0.0,0.0,1,1.0,5.0,5.0,,1.0,2,4,Urban Transit Impulse GT,"This cluster consists of small urban GT outlets like paan kiosks, dairies, and tea shops, often near transit points. They cater to on-the-move shoppers seeking quick, affordable impulse purchases, with no premium category sales.","Prioritize counter-top displays and visible merchandising for single-serve, grab-and-go beverage and snack SKUs. Introduce combo offers (e.g., beverage + snack) at Rs. 20-30 price points."
112041.0,S01321720,,S01321720,Frosted And Fried,Retail,26.76527,88.34171,West Bengal,Darjiling,Matigara,Khopalasi,Rural,,Ice Cream Parlour (Stand-alone),J. B. Sales Agency,3.63,0.45,3.45,120.41,6.16,111.9,3.56,7.37,3.22,6.75,6.75,6.75,6.75,6.75,3,13,22,0.0,0.0,0.0,34.0,30.0,25.0,68.0,18.0,120.0,184.0,147.0,271.0,82.0,68.0,25.0,148.0,277.0,554.0,Low (<30),181.0,101.0,13.0,0.0,89048.0,No,No,No,No,No,No,No,,,,,GT,,,Yes,110.0,<200 sqft,Micro Outlet,WEST BENGAL,Siliguri,yes,13381.8048,,,,4763.6316,272.727,348.6272,1545.453,,,169.7264,,,4472.7228,,,8527.2642,2872.7244,4079.9964,,284.4064,8036.3556,,,,,,48755.4398,4062.953317,22.92,12,East India,Retail,29.666666666666668,43.0,152.0,209.0,58.333333333333336,6.75,0.45,3.56,3.22,3.0,75.96,B,15.0,1.0,1,0.0,0.0,6922.5,2859.55,41.3,True,B+,147.0,1.0,0.0,0.0,0.0,0.0,0.0,0.0,0.0,1,1.0,,,,0.0,3,4,Urban Transit Impulse GT,"This cluster consists of small urban GT outlets like paan kiosks, dairies, and tea shops, often near transit points. They cater to on-the-move shoppers seeking quick, affordable impulse purchases, with no premium category sales.","Prioritize counter-top displays and visible merchandising for single-serve, grab-and-go beverage and snack SKUs. Introduce combo offers (e.g., beverage + snack) at Rs. 20-30 price points."
121222.0,2259643,Ujjain,2259643,Ansika Stationary,Retail,23.150834,75.803831,Madhya Pradesh,Ujjain,Ujjain,Ujjain,Urban,Alaknanda Nagar,Stationary Str,Chhavi Enterprises,0.72,0.03,1.19,45.76,0.89,41.42,1.92,1.16,0.99,0.99,0.99,0.99,0.99,0.99,7.0,29.0,58.0,1.0,1.0,2.0,25.0,32.0,40.0,62.0,73.0,119.0,116.0,117.0,123.0,17.0,21.0,12.0,101.0,194.0,363.0,Low (<30),0.0,0.0,0.0,0.0,178668.0,No,No,No,No,No,No,No,,,,,GT,Urban,1.7,No,95.0,<200 sqft,Micro Outlet,MADHYA PRADESH,Ujjain,yes,977.0742,,90.909,,3276.6786,1323.3194,678.9056,327.2724,,,712.6008,,,181.818,,,956.5209,1163.6352,,,6329.8862,3117.7848,,,,,,19136.4051,1594.700425,12.0,12,MADHYA PRADESH,Retail,32.333333333333336,67.5,117.5,120.0,16.666666666666668,0.99,0.03,1.92,0.99,8.0,40.02,C,15.0,0.0,1,0.0,1.0,3291.18,1696.48,51.5,True,C+,544.0,0.0,0.0,0.0,0.0,0.0,0.0,0.0,0.0,1,1.0,,,,1.0,2,4,Urban Transit Impulse GT,"This cluster consists of small urban GT outlets like paan kiosks, dairies, and tea shops, often near transit points. They cater to on-the-move shoppers seeking quick, affordable impulse purchases, with no premium category sales.","Prioritize counter-top displays and visible merchandising for single-serve, grab-and-go beverage and snack SKUs. Introduce combo offers (e.g., beverage + snack) at Rs. 20-30 price points."
120744.0,1580342,Visakhapatnam,1580342,Lalitha Aditya Pan Shop,Retail,17.735445,83.299687,Andhra Pradesh,Visakhapatnam,Visakhapatnam (Urban),Visakhapatnam,Urban,Gollalapalem,Cig / Paan Kiosk,Sri Srinivasa Traders,2.16,0.1,0.03,0.95,0.14,0.0,1.77,0.67,0.09,0.09,0.09,0.09,0.09,0.09,40,104,166,92.0,159.0,190.0,480.0,532.0,632.0,1176.0,1214.0,1855.0,1711.0,1446.0,1193.0,282.0,201.0,239.0,2335.0,4124.0,2747.0,High (>100),12.0,46.0,61.0,1.0,82552.0,Yes,No,No,No,No,No,No,Rs. 5,Rs. 5,,,GT,Urban,2.0,No,45.0,<200 sqft,Micro Outlet,ANDHRA PRADESH,Visakhapatnam,yes,,,90.909,,1727.271,,3413.6695,,,,,,,,,,,,,,2612.786,4345.4502,,,,,,12190.0857,1108.189609,12.27,11,South India,Retail,548.0,1195.0,1783.0,1319.5,240.66666666666663,0.09,0.03,0.0,0.09,132.0,26.08,D,150.0,0.0,1,0.0,1.0,2998.18,1889.99,63.0,True,D+,288.0,0.0,1.0,0.0,0.0,0.0,0.0,0.0,0.0,1,1.0,5.0,5.0,,1.0,1,4,Urban Transit Impulse GT,"This cluster consists of small urban GT outlets like paan kiosks, dairies, and tea shops, often near transit points. They cater to on-the-move shoppers seeking quick, affordable impulse purchases, with no premium category sales.","Prioritize counter-top displays and visible merchandising for single-serve, grab-and-go beverage and snack SKUs. Introduce combo offers (e.g., beverage + snack) at Rs. 20-30 price points."
121246.0,2500275,,2500275,Apna Tae  Stall,Retail,23.562478,77.790702,Madhya Pradesh,Vidisha,Vidisha,Dhol Khedi,Rural,,Tea Shop (Hot),Pradeep Traders,16.06,1.87,5.33,51.61,4.81,210.12,5.08,47.1,35.3,45.27,45.27,45.27,45.27,45.27,3,5,13,0.0,0.0,0.0,1.0,0.0,0.0,3.0,0.0,18.0,30.0,28.0,48.0,27.0,28.0,12.0,11.0,41.0,121.0,Low (<30),0.0,0.0,0.0,0.0,52966.0,No,Yes,No,No,No,No,No,Rs. 5,,Rs. 5,,GT,,,No,70.0,<200 sqft,Micro Outlet,MADHYA PRADESH,Balance,yes,327.2724,,,,363.636,,3569.682,,109.0908,,1474.0932,,,90.909,,,127.2726,290.9088,54.5454,,2920.0666,454.545,,,,,,9782.0218,1086.891311,6.67,9,MADHYA PRADESH,Retail,0.3333333333333333,1.5,24.0,38.0,22.33333333333333,45.27,1.87,5.08,35.3,3.0,25.3,D,15.0,0.0,1,0.0,0.0,2096.71,1009.82,48.2,True,D+,841.0,0.0,0.0,1.0,0.0,0.0,0.0,0.0,0.0,1,1.0,5.0,,5.0,0.0,1,4,Urban Transit Impulse GT,"This cluster consists of small urban GT outlets like paan kiosks, dairies, and tea shops, often near transit points. They cater to on-the-move shoppers seeking quick, affordable impulse purchases, with no premium category sales.","Prioritize counter-top displays and visible merchandising for single-serve, grab-and-go beverage and snack SKUs. Introduce combo offers (e.g., beverage + snack) at Rs. 20-30 price points."
119726.0,1939739,,1939739,Sanjay Tea Stall,Retail,28.800396,76.125671,Haryana,Bhiwani,Bhiwani,Bhiwani,Urban,Krishna Colony,Tea Shop (Hot),Sanwal Ram Trading Company - TT,0.71,0.25,47.58,50.26,0.74,0.0,0.16,68.89,1.01,68.89,68.89,68.89,68.89,68.89,23,53,84,0.0,0.0,0.0,83.0,98.0,113.0,195.0,257.0,357.0,286.0,280.0,267.0,45.0,55.0,36.0,282.0,559.0,990.0,Low (<30),0.0,0.0,0.0,0.0,133520.0,No,Yes,No,No,No,No,No,Rs. 5,,Rs. 5,,GT,,,No,90.0,<200 sqft,Micro Outlet,HARYANA,Balance,yes,5253.75,,,,7009.0839,,214.3968,109.0908,,,,,,781.8174,,,4763.6316,1836.3618,,,66.9645,10018.1718,,,,,,30053.2686,2504.43905,13.17,12,North India,Retail,98.0,226.0,321.5,273.5,45.333333333333336,68.89,0.25,0.0,1.01,23.0,58.58,C,15.0,0.0,1,0.0,0.0,3504.12,999.69,28.5,True,C+,906.0,0.0,0.0,1.0,0.0,0.0,0.0,0.0,0.0,1,1.0,5.0,,5.0,1.0,2,4,Urban Transit Impulse GT,"This cluster consists of small urban GT outlets like paan kiosks, dairies, and tea shops, often near transit points. They cater to on-the-move shoppers seeking quick, affordable impulse purchases, with no premium category sales.","Prioritize counter-top displays and visible merchandising for single-serve, grab-and-go beverage and snack SKUs. Introduce combo offers (e.g., beverage + snack) at Rs. 20-30 price points."
117418.0,2276739,Srinagar,2276739,Bhat Spices And Foods,Retail,34.16541,74.909808,Jammu & Kashmir,Srinagar,Srinagar,Badami Bagh Cantt.,Urban,Badami Bagh Cantt.,QSRs (Ind) Stand-alone,Arco Trading Corporation-Sdp,17.72,0.12,10.59,161.29,8.29,0.0,16.8,161.76,159.17,0.0,0.0,0.0,0.0,0.0,6,11,26,0.0,0.0,0.0,167.0,325.0,244.0,515.0,320.0,376.0,301.0,399.0,441.0,137.0,65.0,32.0,327.0,889.0,2394.0,Low (<30),272.0,246.0,26.0,0.0,200424.0,No,No,No,No,No,No,No,,,,,Restaurants,,,Yes,275.0,200–300 sqft,Small Outlet,JAMMU & KASHMIR,Srinagar,yes,64963.5714,,,,5672.7216,,,981.8172,,,,,,11254.5342,9163.6368,,25727.247,4527.2682,,,,10581.8076,,,,,,132872.604,11072.717,19.17,12,North India,Retail,245.3333333333333,417.5,338.5,420.0,78.0,0.0,0.12,0.0,159.17,6.0,95.04,A,15.0,1.0,1,0.0,0.0,7347.63,-3725.09,-50.7,False,A,675.0,1.0,0.0,0.0,0.0,0.0,0.0,0.0,0.0,1,2.0,,,,1.0,4,4,Urban Transit Impulse GT,"This cluster consists of small urban GT outlets like paan kiosks, dairies, and tea shops, often near transit points. They cater to on-the-move shoppers seeking quick, affordable impulse purchases, with no premium category sales.","Prioritize counter-top displays and visible merchandising for single-serve, grab-and-go beverage and snack SKUs. Introduce combo offers (e.g., beverage + snack) at Rs. 20-30 price points."
116923.0,2236314,Delhi,2236314,Trupati Pan 2,Retail,28.638543,77.180937,Delhi,Delhi,Delhi,Delhi,Urban,Rajinder Nagar,Cig / Paan Kiosk,Nirman Retail Holdings,4.42,0.2,0.55,1.09,0.1,0.16,0.52,1.26,0.16,0.35,0.16,0.35,0.16,0.16,14,53,130,5.0,17.0,26.0,1412.0,793.0,1008.0,1979.0,1213.0,2183.0,2230.0,1855.0,1758.0,387.0,161.0,45.0,2502.0,4253.0,5569.0,High (>100),2.0,61.0,1333.0,428.0,464028.0,Yes,No,No,No,No,No,No,Rs. 5,Rs. 5,,,GT,Urban,13.04327,Yes,45.0,<200 sqft,Micro Outlet,NEW DELHI,Delhi,yes,30418.1514,,836.3628,,12481.8057,1818.18,,3345.4512,,,,,0.0,7218.1746,0.0,,28545.426,2472.7248,,,,17199.9828,,,,,,104336.2593,9485.114482,29.67,11,North India,Retail,1071.0,1596.0,2206.5,1806.5,197.66666666666663,0.16,0.2,0.16,0.16,19.0,93.62,A,150.0,1.0,1,0.0,1.0,8445.48,-1039.63,-12.3,False,A,450.0,1.0,1.0,0.0,0.0,0.0,0.0,0.0,0.0,1,1.0,5.0,5.0,,1.0,4,4,Urban Transit Impulse GT,"This cluster consists of small urban GT outlets like paan kiosks, dairies, and tea shops, often near transit points. They cater to on-the-move shoppers seeking quick, affordable impulse purchases, with no premium category sales.","Prioritize counter-top displays and visible merchandising for single-serve, grab-and-go beverage and snack SKUs. Introduce combo offers (e.g., beverage + snack) at Rs. 20-30 price points."
121459.0,1601512,Mumbai,1601512,Mahadev Dryfruit,Retail,19.065923,72.875658,Maharashtra,Mumbai (Combined),Mumbai,Mumbai (Grtr),Urban,Kurla,Dry Fruit Str,Karimah Enterprises,1.64,0.01,0.88,0.6,0.13,0.17,0.37,0.34,0.18,0.18,0.18,0.18,0.18,0.18,24,66,151,3.0,48.0,95.0,377.0,394.0,372.0,905.0,870.0,1092.0,1368.0,1621.0,1274.0,344.0,119.0,223.0,1235.0,2044.0,4224.0,High (>100),594.0,948.0,230.0,97.0,246278.0,No,No,No,No,No,No,No,Rs. 20,,,,MT,Urban,4.4,Yes,120.0,<200 sqft,Micro Outlet,MAHARASHTRA,Mumbai,yes,,,1086.956,,2827.2699,690.9084,5456.3745,,,,,109.091,,,,,,,,,3736.401,7031.2203,,,,,,20938.2211,1744.851758,14.5,12,MAHARASHTRA,Retail,381.0,887.5,1230.0,1447.5,228.66666666666663,0.18,0.01,0.17,0.18,27.0,43.8,C,150.0,1.0,1,1.0,1.0,4229.65,2484.79,58.7,True,C+,243.0,1.0,0.0,0.0,0.0,0.0,0.0,0.0,0.0,1,1.0,20.0,,,1.0,2,4,Urban Transit Impulse GT,"This cluster consists of small urban GT outlets like paan kiosks, dairies, and tea shops, often near transit points. They cater to on-the-move shoppers seeking quick, affordable impulse purchases, with no premium category sales.","Prioritize counter-top displays and visible merchandising for single-serve, grab-and-go beverage and snack SKUs. Introduce combo offers (e.g., beverage + snack) at Rs. 20-30 price points."
121204.0,2667334,,2667334,Shri Kamdgiri Trades,Retail,24.73777737,81.08244879,Madhya Pradesh,Satna,RampurBaghelan,Tikuri,Rural,,,Aman Kirana Store,15.45,3.73,26.84,256.77,9.01,568.61,21.24,209.04,28.21,202.42,202.28,202.42,202.28,202.28,5,9,22,0.0,0.0,0.0,0.0,1.0,2.0,7.0,2.0,12.0,19.0,33.0,43.0,43.0,43.0,18.0,23.0,45.0,118.0,Low (<30),0.0,0.0,0.0,0.0,47544.0,No,No,No,No,No,No,No,,,,,Others,,,No,85.0,<200 sqft,Micro Outlet,MADHYA PRADESH,Balance,yes,,,,,,,610.218,,,,55.0464,,,,,,,,,,330.2784,,,,,,,995.5428,497.7714,5.0,2,MADHYA PRADESH,Retail,1.0,4.5,15.5,38.0,34.666666666666664,202.28,3.73,21.24,28.21,5.0,8.1,D,15.0,0.0,1,0.0,0.0,1444.19,946.42,65.5,True,D+,893.0,0.0,0.0,0.0,0.0,0.0,0.0,0.0,0.0,1,1.0,,,,0.0,1,4,Urban Transit Impulse GT,"This cluster consists of small urban GT outlets like paan kiosks, dairies, and tea shops, often near transit points. They cater to on-the-move shoppers seeking quick, affordable impulse purchases, with no premium category sales.","Prioritize counter-top displays and visible merchandising for single-serve, grab-and-go beverage and snack SKUs. Introduce combo offers (e.g., beverage + snack) at Rs. 20-30 price points."
110809.0,S01390121,,S01390121,Kuldeep Tea Stall Chauntra,Retail,32.014882,76.737133,Himachal Pradesh,Mandi,Jogindarnagar,Chauntra,Rural,,Tea Shop (Hot),Lagwal Distributors,2.56,4.48,42.17,44.47,5.65,0.0,1.38,0.0,5.5,5.5,5.5,5.5,0.0,5.5,5,19,28,0.0,0.0,0.0,5.0,6.0,6.0,8.0,1.0,38.0,62.0,49.0,95.0,27.0,20.0,7.0,53.0,84.0,87.0,Low (<30),0.0,0.0,0.0,0.0,204638.0,No,Yes,No,No,No,No,No,Rs. 5,,Rs. 5,,GT,,,No,90.0,<200 sqft,Micro Outlet,HIMACHAL PRADESH,Balance,yes,13426.074,,54.5454,594.5454,3596.0444,818.181,1780.402,454.545,,,45.872,,312.7272,3463.2378,,,8433.1935,2445.0582,,,473.05,9231.2181,,,,,,45128.694,3760.7245,23.33,12,North India,Retail,5.666666666666667,4.5,50.0,72.0,18.0,0.0,4.48,0.0,0.0,5.0,73.58,B,15.0,0.0,1,0.0,0.0,6666.44,2905.72,43.6,True,B+,140.0,0.0,0.0,1.0,0.0,0.0,0.0,0.0,0.0,1,1.0,5.0,,5.0,0.0,3,4,Urban Transit Impulse GT,"This cluster consists of small urban GT outlets like paan kiosks, dairies, and tea shops, often near transit points. They cater to on-the-move shoppers seeking quick, affordable impulse purchases, with no premium category sales.","Prioritize counter-top displays and visible merchandising for single-serve, grab-and-go beverage and snack SKUs. Introduce combo offers (e.g., beverage + snack) at Rs. 20-30 price points."
114905.0,1563087,Agra,1563087,Vanshika Cafe,AFH - Others,27.189267,77.961338,Uttar Pradesh,Agra,Agra,Agra,Urban,Ram Mohan Nagar,Tea Shop (Hot),Laxmi Enterprises,1.47,0.07,0.36,4.35,0.24,3.08,2.95,3.38,0.47,0.81,0.47,0.47,0.47,0.47,38,131,205,2.0,10.0,20.0,96.0,106.0,121.0,257.0,305.0,447.0,335.0,325.0,304.0,52.0,62.0,39.0,237.0,527.0,1521.0,High (>100),0.0,0.0,0.0,0.0,93954.0,No,Yes,No,No,No,No,No,Rs. 5,,Rs. 5,,GT,Urban,1.1,No,35.0,<200 sqft,Micro Outlet,UTTAR PRADESH,Agra,yes,7763.6286,,,,9390.8424,181.818,3173.2002,218.1816,,,1495.4256,,,2454.543,,,1436.3622,1509.0894,409.0905,,3123.6354,8327.2644,111.111,,,,,39594.1923,3299.516025,17.5,12,UTTAR PRADESH,OPSC21-AFH - Others,107.66666666666669,281.0,391.0,314.5,51.0,0.47,0.07,2.95,0.47,40.0,69.08,B,150.0,0.0,1,0.0,1.0,4506.35,1206.83,26.8,True,B+,464.0,0.0,0.0,1.0,0.0,0.0,0.0,0.0,0.0,1,1.0,5.0,,5.0,1.0,3,4,Urban Transit Impulse GT,"This cluster consists of small urban GT outlets like paan kiosks, dairies, and tea shops, often near transit points. They cater to on-the-move shoppers seeking quick, affordable impulse purchases, with no premium category sales.","Prioritize counter-top displays and visible merchandising for single-serve, grab-and-go beverage and snack SKUs. Introduce combo offers (e.g., beverage + snack) at Rs. 20-30 price points."
110218.0,2480316,,2480316,Atithi Gardan Hotal,Retail,24.144026,72.409088,Gujarat,Banas Kantha,Palanpur,Esbipura,Rural,,S. Ind Restaurnt,Adarsh Sales,9.21,1.62,3.55,60.71,21.52,56.55,4.08,109.83,3.45,3.45,3.45,3.45,3.45,3.45,3,3,20,0.0,0.0,0.0,1.0,1.0,2.0,7.0,3.0,8.0,11.0,15.0,20.0,14.0,15.0,6.0,12.0,20.0,52.0,Low (<30),,,,,92280.0,No,No,No,No,No,No,No,,,,,Restaurants,,,Yes,180.0,<200 sqft,Micro Outlet,GUJARAT,Balance,yes,18383.3814,,,,,,,,,,,,,6481.4166,,,5105.1336,,,,,90.909,,,,,,30060.8406,2505.07005,5.75,12,GUJARAT,Retail,1.3333333333333333,5.0,9.5,17.5,11.666666666666666,3.45,1.62,4.08,3.45,3.0,58.6,C,15.0,1.0,1,0.0,0.0,2176.96,-328.11,-15.1,False,C,1375.0,1.0,0.0,0.0,0.0,0.0,0.0,0.0,0.0,1,1.0,,,,0.0,2,4,Urban Transit Impulse GT,"This cluster consists of small urban GT outlets like paan kiosks, dairies, and tea shops, often near transit points. They cater to on-the-move shoppers seeking quick, affordable impulse purchases, with no premium category sales.","Prioritize counter-top displays and visible merchandising for single-serve, grab-and-go beverage and snack SKUs. Introduce combo offers (e.g., beverage + snack) at Rs. 20-30 price points."
117091.0,1949101,Bhilai,1949101,Dinesh Pan,Retail,21.182798,81.335217,Chattisgarh,Durg,Durg,Bhilai Nagar,Urban,Sector 10,Cig / Paan Kiosk,M/S Aayush Enterprises-Rd,1.13,0.34,0.14,6.18,0.49,0.0,2.02,2.24,0.11,0.11,0.11,0.11,0.11,0.11,3,25,69,5.0,16.0,26.0,66.0,47.0,61.0,104.0,88.0,163.0,175.0,126.0,145.0,20.0,18.0,6.0,167.0,359.0,378.0,Low (<30),476.0,34.0,22.0,0.0,280753.0,Yes,No,No,No,No,No,No,Rs. 5,Rs. 5,,,GT,Urban,2.0,No,55.0,<200 sqft,Micro Outlet,CHHATTISGARH,Bhilai,yes,,,,,1504.347,1354.1502,2675.5948,,,,,,,,,,,1281.423,,,962.6865,4449.0108,,,,,,12227.2123,1358.579144,12.67,9,East India,Retail,58.0,96.0,169.0,135.5,14.666666666666666,0.11,0.14,0.0,0.11,8.0,33.74,C,15.0,0.0,1,0.0,1.0,3356.02,1997.44,59.5,True,C+,400.0,0.0,1.0,0.0,0.0,0.0,0.0,0.0,0.0,1,1.0,5.0,5.0,,1.0,2,4,Urban Transit Impulse GT,"This cluster consists of small urban GT outlets like paan kiosks, dairies, and tea shops, often near transit points. They cater to on-the-move shoppers seeking quick, affordable impulse purchases, with no premium category sales.","Prioritize counter-top displays and visible merchandising for single-serve, grab-and-go beverage and snack SKUs. Introduce combo offers (e.g., beverage + snack) at Rs. 20-30 price points."
113901.0,S00785499,Dhanbad,S00785499,Sonu Gift [C],Retail,23.815997,86.389462,Jharkhand,Dhanbad,Dhanbad-Cum-Kenduadih-Cum-Jagta,Dhanbad,Urban,Dhanbad,Stationary Str,Chandan Enterprises - Tt,4.14,0.06,3.03,37.28,0.65,0.0,1.62,4.2,1.15,1.46,1.15,1.15,1.15,1.15,15,35,61,0.0,0.0,5.0,1431.0,3100.0,11255.0,9041.0,27129.0,42241.0,28314.0,35445.0,26950.0,11845.0,16021.0,8010.0,26559.0,47513.0,143513.0,High (>100),235.0,45.0,7.0,0.0,112003.0,No,No,No,No,No,No,No,,,,,GT,,,No,90.0,<200 sqft,Micro Outlet,JHARKHAND,Dhanbad,yes,,,,,2472.7248,,975.1971,,,,384.8244,,,,,,,327.2724,,,1985.9659,1418.1804,,,,,,7564.165,630.347083,7.67,12,East India,Retail,5262.0,18085.0,35277.5,31197.5,11958.666666666666,1.15,0.06,0.0,1.15,15.0,11.4,D,150.0,0.0,1,0.0,0.0,1987.77,1357.42,68.3,True,D+,603.0,0.0,0.0,0.0,0.0,0.0,0.0,0.0,0.0,1,1.0,,,,1.0,1,4,Urban Transit Impulse GT,"This cluster consists of small urban GT outlets like paan kiosks, dairies, and tea shops, often near transit points. They cater to on-the-move shoppers seeking quick, affordable impulse purchases, with no premium category sales.","Prioritize counter-top displays and visible merchandising for single-serve, grab-and-go beverage and snack SKUs. Introduce combo offers (e.g., beverage + snack) at Rs. 20-30 price points."
120862.0,2644746,,2644746,Madhu Pan Stall,Retail,21.8846,87.53807,West Bengal,Purba Medinipur,Egra unassignd,Egra,Urban,Egra,Cig / Paan Kiosk,New Maa Menaka Bhander-Rd,1.17,1.37,2.45,105.09,1.82,100.53,18.28,15.05,7.39,7.39,7.39,7.39,7.39,7.39,3,16,44,0.0,0.0,1.0,9.0,23.0,158.0,115.0,644.0,1095.0,761.0,993.0,1005.0,449.0,813.0,406.0,1378.0,2148.0,3072.0,High (>100),0.0,0.0,0.0,0.0,83232.0,Yes,No,No,No,No,No,No,Rs. 5,Rs. 5,,,GT,,,No,150.0,<200 sqft,Micro Outlet,WEST BENGAL,Balance,yes,,,,,381.8178,,13678.448,,,,,,,,,,,563.6358,,,11099.1902,272.727,,,,,,25995.8188,3713.6884,7.14,7,East India,Retail,63.333333333333336,379.5,928.0,999.0,556.0,7.39,1.37,18.28,7.39,3.0,73.1,B,150.0,0.0,1,0.0,0.0,2014.65,-1699.04,-84.3,False,B,942.0,0.0,1.0,0.0,0.0,0.0,0.0,0.0,0.0,1,1.0,5.0,5.0,,1.0,3,4,Urban Transit Impulse GT,"This cluster consists of small urban GT outlets like paan kiosks, dairies, and tea shops, often near transit points. They cater to on-the-move shoppers seeking quick, affordable impulse purchases, with no premium category sales.","Prioritize counter-top displays and visible merchandising for single-serve, grab-and-go beverage and snack SKUs. Introduce combo offers (e.g., beverage + snack) at Rs. 20-30 price points."
113274.0,2282651,Rohtak,2282651,Bhutani Paan,Retail,28.893417,76.599172,Haryana,Rohtak,Rohtak,Rohtak,Urban,Arya Nagar,Cig / Paan Kiosk,Bhatia And Sons Trading Co. - TT,2.24,0.36,1.6,3.03,0.49,0.0,1.88,49.51,0.57,49.51,49.51,49.51,49.51,49.51,16,57,103,0.0,1.0,1.0,79.0,76.0,90.0,154.0,178.0,258.0,208.0,177.0,184.0,42.0,41.0,45.0,183.0,437.0,762.0,Low (<30),0.0,0.0,0.0,0.0,138903.0,Yes,No,No,No,No,No,No,Rs. 5,Rs. 5,,,GT,Urban,3.3,No,45.0,<200 sqft,Micro Outlet,HARYANA,Rohtak,yes,21706.6986,,,,1809.0891,,,1213.4376,,,,,,5104.3428,,,9502.7577,54.5454,,,,54.5454,,,,,,39445.4166,3944.54166,13.8,10,North India,Retail,81.66666666666667,166.0,233.0,180.5,42.66666666666666,49.51,0.36,0.0,0.57,16.0,75.24,B,15.0,0.0,1,0.0,1.0,3587.98,-356.56,-9.9,False,B,796.0,0.0,1.0,0.0,0.0,0.0,0.0,0.0,0.0,1,1.0,5.0,5.0,,1.0,3,4,Urban Transit Impulse GT,"This cluster consists of small urban GT outlets like paan kiosks, dairies, and tea shops, often near transit points. They cater to on-the-move shoppers seeking quick, affordable impulse purchases, with no premium category sales.","Prioritize counter-top displays and visible merchandising for single-serve, grab-and-go beverage and snack SKUs. Introduce combo offers (e.g., beverage + snack) at Rs. 20-30 price points."
121350.0,2633205,Gurugram,2633205,Ajay Pan Shop,Retail,28.456982,77.02764,Haryana,Gurugram,Gurugram,Gurugram,Urban,Civil Lines,Cig / Paan Kiosk,Bright Star Hospitality Services,2.19,0.16,0.3,1.81,0.11,0.0,3.93,0.3,0.16,0.16,0.16,0.16,0.16,0.16,18,60,112,9.0,21.0,33.0,77.0,43.0,54.0,115.0,71.0,118.0,83.0,50.0,55.0,16.0,13.0,54.0,178.0,188.0,178.0,Medium (30 to 100),40.0,38.0,13.0,5.0,381687.0,Yes,No,No,No,No,No,No,Rs. 5,Rs. 5,,,GT,Urban,2.6,No,55.0,<200 sqft,Micro Outlet,HARYANA,Gurugram,yes,21425.0568,,,,1719.072,,,,,,,,,2981.8152,,,6920.168,,,,,269.994,,,,,,33316.106,4164.51325,3.63,8,North India,OPSC21-AFH - Others,58.0,93.0,100.5,52.5,27.666666666666668,0.16,0.16,0.0,0.16,27.0,76.68,B,,0.0,1,0.0,1.0,648.03,-3516.49,-542.6,False,B,999.0,0.0,1.0,0.0,0.0,0.0,0.0,0.0,0.0,1,1.0,5.0,5.0,,1.0,3,4,Urban Transit Impulse GT,"This cluster consists of small urban GT outlets like paan kiosks, dairies, and tea shops, often near transit points. They cater to on-the-move shoppers seeking quick, affordable impulse purchases, with no premium category sales.","Prioritize counter-top displays and visible merchandising for single-serve, grab-and-go beverage and snack SKUs. Introduce combo offers (e.g., beverage + snack) at Rs. 20-30 price points."
118682.0,2288629,Visakhapatnam,2288629,Gangapan Shop Gpt1  Lp,Retail,17.751301,83.2162,Andhra Pradesh,Visakhapatnam,Visakhapatnam (Urban),Visakhapatnam,Urban,Old Gopalapatnam,Cig / Paan Kiosk,Ssrs Enterprises,2.22,0.27,1.2,5.13,0.16,0.0,0.7,0.34,0.12,0.12,0.12,0.12,0.12,0.12,13,29,50,2.0,19.0,56.0,82.0,137.0,146.0,308.0,447.0,581.0,548.0,618.0,447.0,146.0,97.0,254.0,756.0,1467.0,1022.0,Medium (30 to 100),62.0,32.0,9.0,9.0,87518.0,Yes,No,No,No,No,No,No,Rs. 5,Rs. 5,,,GT,Urban,2.2,No,80.0,<200 sqft,Micro Outlet,ANDHRA PRADESH,Visakhapatnam,yes,,,90.909,,418.1814,86.957,9353.793,,,,,,,,,,,,,,7330.6815,6439.524,,,,,,23720.0459,1976.670492,13.0,12,South India,Retail,121.66666666666669,377.5,564.5,532.5,165.66666666666666,0.12,0.27,0.0,0.12,15.0,49.32,C,,0.0,1,0.0,1.0,3494.56,1517.89,43.4,True,C+,643.0,0.0,1.0,0.0,0.0,0.0,0.0,0.0,0.0,1,1.0,5.0,5.0,,1.0,2,4,Urban Transit Impulse GT,"This cluster consists of small urban GT outlets like paan kiosks, dairies, and tea shops, often near transit points. They cater to on-the-move shoppers seeking quick, affordable impulse purchases, with no premium category sales.","Prioritize counter-top displays and visible merchandising for single-serve, grab-and-go beverage and snack SKUs. Introduce combo offers (e.g., beverage + snack) at Rs. 20-30 price points."
116923.0,2624758,Delhi,2624758,Pihu Tea Stall,Retail,28.65100604,77.18584559,Delhi,Delhi,Delhi,Delhi,Urban,Karol Bagh,Tea Shop (Hot),Super Agencies,3.34,0.32,0.25,1.25,0.12,0.07,0.82,0.27,0.02,0.02,0.02,0.02,0.02,0.02,24,86,199,10.0,18.0,27.0,1458.0,726.0,897.0,1611.0,1137.0,1855.0,1954.0,1829.0,1721.0,408.0,183.0,118.0,2128.0,3778.0,5943.0,High (>100),1.0,97.0,2496.0,692.0,407013.0,No,Yes,No,No,No,No,No,Rs. 5,,Rs. 5,,GT,Urban,11.77817,Yes,90.0,<200 sqft,Micro Outlet,NEW DELHI,Delhi,yes,,,,,2127.2706,90.909,,,,,,,,,,,,327.2724,,,,3454.542,,,,,,5999.994,2999.997,7.5,2,North India,SC05-Retail,1027.0,1374.0,1904.5,1775.0,236.3333333333333,0.02,0.25,0.07,0.02,34.0,65.84,B,150.0,1.0,1,0.0,1.0,1971.27,-1028.72,-52.2,False,B,878.0,1.0,0.0,1.0,0.0,0.0,0.0,0.0,0.0,1,1.0,5.0,,5.0,1.0,3,4,Urban Transit Impulse GT,"This cluster consists of small urban GT outlets like paan kiosks, dairies, and tea shops, often near transit points. They cater to on-the-move shoppers seeking quick, affordable impulse purchases, with no premium category sales.","Prioritize counter-top displays and visible merchandising for single-serve, grab-and-go beverage and snack SKUs. Introduce combo offers (e.g., beverage + snack) at Rs. 20-30 price points."
116072.0,2139070,Ahmadabad,2139070,Pinky Dudh Ghar,Retail,23.105292,72.52844,Gujarat,Ahmedabad,Ahmedabad City,Ahmedabad,Urban,Kaligam,Dairy str,Krish Enterprise,1.77,0.47,1.76,3.12,1.49,0.27,1.94,2.62,0.38,0.38,0.38,0.38,0.38,0.38,11,26,52,0.0,1.0,1.0,2.0,5.0,17.0,17.0,45.0,68.0,42.0,53.0,45.0,17.0,14.0,7.0,63.0,103.0,218.0,Medium (30 to 100),,,,,122511.0,No,No,No,No,No,No,No,,,,,GT,Urban,0.5,Yes,90.0,<200 sqft,Micro Outlet,GUJARAT,Ahmadabad,yes,,,,,9236.3544,,,,,,,,,,,,,,,,,763.6356,,,,,,9999.99,833.3325,3.5,12,GUJARAT,Retail,8.0,31.0,55.0,49.0,12.666666666666666,0.38,0.47,0.27,0.38,11.0,17.56,D,,1.0,1,0.0,1.0,1105.88,272.55,24.6,True,D+,1279.0,1.0,0.0,0.0,0.0,0.0,0.0,0.0,0.0,1,1.0,,,,1.0,1,4,Urban Transit Impulse GT,"This cluster consists of small urban GT outlets like paan kiosks, dairies, and tea shops, often near transit points. They cater to on-the-move shoppers seeking quick, affordable impulse purchases, with no premium category sales.","Prioritize counter-top displays and visible merchandising for single-serve, grab-and-go beverage and snack SKUs. Introduce combo offers (e.g., beverage + snack) at Rs. 20-30 price points."
119428.0,2332762,,2332762,Jaga Diary,Retail,29.406188,76.951691,Haryana,Panipat,Panipat,Panipat Taraf Ansar,Urban,Panipat Taraf Ansar,Dairy str,Radhika Sales - TT,8.5,0.68,1.04,31.43,1.49,0.0,2.11,1.81,0.99,0.99,0.99,0.99,0.99,0.99,17,57,114,1.0,16.0,24.0,104.0,200.0,560.0,474.0,1098.0,1636.0,1108.0,1390.0,1068.0,447.0,495.0,247.0,1381.0,2664.0,5792.0,High (>100),67.0,14.0,0.0,0.0,128825.0,No,No,No,No,No,No,No,,,,,GT,,,Yes,110.0,<200 sqft,Micro Outlet,HARYANA,Balance,yes,9658.4886,,,,13553.3502,,8043.4089,,,,750.0024,,,1762.0536,,,5464.8168,1304.3472,,,9304.2864,15645.4415,,,,,,65486.1956,5457.182967,19.08,12,North India,Retail,288.0,786.0,1372.0,1229.0,396.3333333333333,0.99,0.68,0.0,0.99,18.0,84.12,A,150.0,1.0,1,0.0,0.0,5571.7,114.51,2.1,True,A+,305.0,1.0,0.0,0.0,0.0,0.0,0.0,0.0,0.0,1,1.0,,,,1.0,4,4,Urban Transit Impulse GT,"This cluster consists of small urban GT outlets like paan kiosks, dairies, and tea shops, often near transit points. They cater to on-the-move shoppers seeking quick, affordable impulse purchases, with no premium category sales.","Prioritize counter-top displays and visible merchandising for single-serve, grab-and-go beverage and snack SKUs. Introduce combo offers (e.g., beverage + snack) at Rs. 20-30 price points."
119014.0,2597958,,2597958,Chourasiya Pan Bhandar,Retail,23.499708,79.925455,Madhya Pradesh,Jabalpur,Sihora,Majholi,Urban,Majholi,Cig / Paan Kiosk,Arihant Trading Company,22.65,0.07,33.22,124.03,12.75,416.79,18.93,34.74,32.79,32.79,32.79,32.79,32.79,32.79,17.0,26.0,31.0,0.0,0.0,0.0,3.0,9.0,61.0,48.0,277.0,471.0,344.0,447.0,434.0,202.0,443.0,222.0,458.0,714.0,1695.0,High (>100),0.0,0.0,0.0,0.0,261488.0,Yes,No,No,No,No,No,No,Rs. 5,Rs. 5,,,GT,,,Yes,60.0,<200 sqft,Micro Outlet,MADHYA PRADESH,Balance,yes,3220.5504,,,,9751.7706,109.0908,1782.4088,181.818,,,1160.0612,,,436.3632,,,7703.55,1672.7256,,,1298.7408,18503.5422,,,,,,45820.6216,3818.385133,11.0,12,MADHYA PRADESH,Retail,24.33333333333333,162.5,407.5,440.5,289.0,32.79,0.07,18.93,32.79,17.0,74.02,B,150.0,1.0,1,0.0,0.0,3394.94,-423.44,-12.5,False,B,803.0,1.0,1.0,0.0,0.0,0.0,0.0,0.0,0.0,1,1.0,5.0,5.0,,1.0,3,4,Urban Transit Impulse GT,"This cluster consists of small urban GT outlets like paan kiosks, dairies, and tea shops, often near transit points. They cater to on-the-move shoppers seeking quick, affordable impulse purchases, with no premium category sales.","Prioritize counter-top displays and visible merchandising for single-serve, grab-and-go beverage and snack SKUs. Introduce combo offers (e.g., beverage + snack) at Rs. 20-30 price points."
114912.0,1819961,Guwahati,1819961,Sarma Corner,Retail,26.151788,91.767812,Assam,Kamrup,Guwahati,Guwahati,Urban,Kahilipara,Chats & Snacks (Stand-alone),Moon Marketing,2.38,0.29,0.35,1.71,0.88,2.57,3.87,1.06,0.13,0.13,0.13,0.13,0.13,0.13,11,57,129,4.0,36.0,94.0,79.0,96.0,95.0,220.0,343.0,396.0,279.0,256.0,161.0,112.0,63.0,78.0,441.0,643.0,742.0,Low (<30),142.0,49.0,9.0,5.0,128308.0,No,No,No,No,No,No,No,,,,,GT,Urban,3.6,No,100.0,<200 sqft,Micro Outlet,ASSAM,Guwahati,yes,254.5452,,,,3823.3169,363.636,68.1825,109.0908,,,54.546,,,109.0908,,,109.0908,4199.9958,,,,10309.0806,,,,,,19400.5754,1763.688673,7.36,11,Northeast India,Retail,90.0,281.5,337.5,208.5,84.33333333333333,0.13,0.29,2.57,0.13,15.0,44.38,C,15.0,0.0,1,0.0,1.0,1923.16,159.47,8.3,True,C+,1226.0,0.0,0.0,0.0,0.0,0.0,0.0,0.0,0.0,1,1.0,,,,1.0,2,4,Urban Transit Impulse GT,"This cluster consists of small urban GT outlets like paan kiosks, dairies, and tea shops, often near transit points. They cater to on-the-move shoppers seeking quick, affordable impulse purchases, with no premium category sales.","Prioritize counter-top displays and visible merchandising for single-serve, grab-and-go beverage and snack SKUs. Introduce combo offers (e.g., beverage + snack) at Rs. 20-30 price points."
117291.0,2804043,Ahmadabad,2804043,VISHWA PALOR,Retail,23.23868606,72.496945,Gujarat,Gandhinagar,Kalol,Kalol (Gandhinagar distt),Urban,N'brhd No. 3,,Umiya Sales Agency,10.37,0.08,14.84,8.79,0.39,14.92,0.87,15.95,1.14,13.05,13.05,13.05,13.05,13.05,24,53,65,0.0,0.0,0.0,109.0,114.0,124.0,159.0,231.0,335.0,410.0,616.0,582.0,159.0,160.0,307.0,425.0,830.0,1665.0,Medium (30 to 100),,,,,212134.0,No,No,No,No,No,No,No,,,,,Others,Periphery,11.6,No,85.0,<200 sqft,Micro Outlet,GUJARAT,Ahmadabad,yes,,,,,2709.0882,,,,,,,,,,,,,,,,368.1855,436.3632,,,,,,3513.6369,878.409225,4.25,4,GUJARAT,Retail,115.66666666666669,195.0,372.5,599.0,208.66666666666663,13.05,0.08,0.87,1.14,24.0,18.68,D,,0.0,1,0.0,0.0,786.71,-91.7,-11.7,False,D,1432.0,0.0,0.0,0.0,0.0,0.0,0.0,0.0,0.0,1,1.0,,,,1.0,1,4,Urban Transit Impulse GT,"This cluster consists of small urban GT outlets like paan kiosks, dairies, and tea shops, often near transit points. They cater to on-the-move shoppers seeking quick, affordable impulse purchases, with no premium category sales.","Prioritize counter-top displays and visible merchandising for single-serve, grab-and-go beverage and snack SKUs. Introduce combo offers (e.g., beverage + snack) at Rs. 20-30 price points."
120727.0,2188313,,2188313,Jodhpur Hotal,AFH - Others,27.891819,76.293202,Rajasthan,Alwar,Behror,Behror,Urban,Behror,S. Ind Restaurnt,Chiara Trading Company,1.99,99.27,46.9,48.06,0.12,91.08,27.66,60.95,1.15,60.95,60.95,60.95,60.95,60.95,18,40,51,0.0,0.0,0.0,58.0,119.0,348.0,300.0,726.0,1092.0,687.0,856.0,634.0,262.0,268.0,134.0,630.0,1596.0,3543.0,High (>100),0.0,0.0,0.0,0.0,368874.0,No,No,No,No,No,No,No,,,,,Restaurants,,,Yes,295.0,200–300 sqft,Small Outlet,RAJASTHAN,Balance,yes,32589.3743,,,,3968.38,181.818,,181.818,,,190.248,,,2181.816,,,15794.1343,1351.779,,,183.071,9415.016,,,,,,66037.4546,5503.121217,13.25,12,North India,OPSC21-AFH - Others,175.0,513.0,889.5,745.0,221.3333333333333,60.95,46.9,27.66,1.15,18.0,84.34,A,150.0,1.0,1,0.0,0.0,4325.38,-1177.74,-27.2,False,A,458.0,1.0,0.0,0.0,0.0,0.0,0.0,0.0,0.0,1,2.0,,,,1.0,4,4,Urban Transit Impulse GT,"This cluster consists of small urban GT outlets like paan kiosks, dairies, and tea shops, often near transit points. They cater to on-the-move shoppers seeking quick, affordable impulse purchases, with no premium category sales.","Prioritize counter-top displays and visible merchandising for single-serve, grab-and-go beverage and snack SKUs. Introduce combo offers (e.g., beverage + snack) at Rs. 20-30 price points."
117846.0,2581730,Indore,2581730,Shri Ji Gift Gallery,Retail,22.75438,75.907447,Madhya Pradesh,Indore,Indore,Indore,Urban,,Stationary Str,Astra-Idl-Pharma Private Limited,0.83,0.53,0.54,0.74,0.82,0.08,5.24,1.01,0.89,1.01,1.01,1.01,1.01,0.89,13,89,180,4.0,12.0,20.0,6.0,7.0,9.0,15.0,17.0,29.0,31.0,27.0,25.0,6.0,4.0,2.0,21.0,40.0,99.0,Medium (30 to 100),118.0,0.0,0.0,0.0,193974.0,No,No,No,No,No,No,No,,,,,GT,Periphery,0.1,No,95.0,<200 sqft,Micro Outlet,MADHYA PRADESH,Indore,yes,327.2724,,,,1381.8168,90.909,68.808,145.4544,,,110.0928,,,145.4544,,,254.5452,509.0904,,,137.616,1381.8168,,,,,,4552.8762,1517.6254,13.5,3,MADHYA PRADESH,Retail,7.333333333333333,16.0,30.0,26.0,4.0,0.89,0.53,0.08,0.74,17.0,38.18,C,,0.0,1,0.0,0.0,3510.55,1992.92,56.8,True,C+,403.0,0.0,0.0,0.0,0.0,0.0,0.0,0.0,0.0,1,1.0,,,,1.0,2,4,Urban Transit Impulse GT,"This cluster consists of small urban GT outlets like paan kiosks, dairies, and tea shops, often near transit points. They cater to on-the-move shoppers seeking quick, affordable impulse purchases, with no premium category sales.","Prioritize counter-top displays and visible merchandising for single-serve, grab-and-go beverage and snack SKUs. Introduce combo offers (e.g., beverage + snack) at Rs. 20-30 price points."
119213.0,2424727,,2424727,Mahamaya Pan,Retail,22.40391518,82.7578552,Chattisgarh,Korba,Katghora,Korba (Katghora sub-distt) Pt 2 of 2,Urban,Korba (Katghora sub-distt) Pt 2 of 2,Cig / Paan Kiosk,Mass Telecom - Rd,5.01,0.13,5.28,74.93,1.75,0.0,9.04,0.19,0.19,0.19,0.19,0.19,0.19,0.19,13,18,28,0.0,0.0,0.0,353.0,654.0,1839.0,1524.0,3544.0,5304.0,3139.0,4097.0,4262.0,1851.0,2936.0,1468.0,5111.0,9155.0,17575.0,High (>100),0.0,0.0,0.0,0.0,91025.0,Yes,No,No,No,No,No,No,Rs. 5,Rs. 5,,,GT,,,No,50.0,<200 sqft,Micro Outlet,CHHATTISGARH,Balance,yes,1781.8164,,,,3381.8148,90.909,2869.419,218.1816,,,,,,290.9088,,,1309.0896,545.454,,,2428.6725,5309.0856,,,,,,18225.3513,1656.850118,15.64,11,East India,Retail,948.6666666666666,2534.0,4221.5,4179.5,2085.0,0.19,0.13,0.0,0.19,13.0,41.72,C,150.0,0.0,1,0.0,0.0,4162.13,2505.28,60.2,True,C+,233.0,0.0,1.0,0.0,0.0,0.0,0.0,0.0,0.0,1,1.0,5.0,5.0,,1.0,2,4,Urban Transit Impulse GT,"This cluster consists of small urban GT outlets like paan kiosks, dairies, and tea shops, often near transit points. They cater to on-the-move shoppers seeking quick, affordable impulse purchases, with no premium category sales.","Prioritize counter-top displays and visible merchandising for single-serve, grab-and-go beverage and snack SKUs. Introduce combo offers (e.g., beverage + snack) at Rs. 20-30 price points."
111529.0,S01260692,Ludhiana,S01260692,Bittu Pan Shop,Retail,30.92609,75.846413,Punjab,Ludhiana,Ludhiana (East),Ludhiana,Urban,Shivpuri,Cig / Paan Kiosk,V.M Enterprises-Tt,5.49,0.09,0.52,2.97,0.65,3.29,1.49,1.03,0.11,0.25,0.16,0.16,0.16,0.16,31,99,198,2.0,9.0,15.0,210.0,191.0,227.0,346.0,398.0,663.0,763.0,931.0,869.0,103.0,110.0,87.0,671.0,1225.0,2598.0,Medium (30 to 100),29.0,18.0,10.0,3.0,219447.0,Yes,No,No,No,No,No,No,Rs. 5,Rs. 5,,,GT,Urban,1.3,No,35.0,<200 sqft,Micro Outlet,PUNJAB,Ludhiana,yes,45963.5904,,381.8178,,14713.0308,5381.8128,5330.4468,2490.9066,,,1208.6064,,,14181.804,,,21090.888,5777.07,,,3668.9148,21727.2536,,,,,,141916.142,11826.345167,31.42,12,North India,Retail,209.3333333333333,372.0,713.0,900.0,100.0,0.16,0.09,1.49,0.11,33.0,95.54,A,,0.0,1,0.0,1.0,8533.44,-3292.91,-38.6,False,A,647.0,0.0,1.0,0.0,0.0,0.0,0.0,0.0,0.0,1,1.0,5.0,5.0,,1.0,4,4,Urban Transit Impulse GT,"This cluster consists of small urban GT outlets like paan kiosks, dairies, and tea shops, often near transit points. They cater to on-the-move shoppers seeking quick, affordable impulse purchases, with no premium category sales.","Prioritize counter-top displays and visible merchandising for single-serve, grab-and-go beverage and snack SKUs. Introduce combo offers (e.g., beverage + snack) at Rs. 20-30 price points."
115954.0,2690878,Surat,2690878,Jay Amba Pan,Retail,21.24152,72.790633,Gujarat,Surat,Surat City,Surat,Urban,Jalaram Nagar,Cig / Paan Kiosk,New Vatsal Agency,8.66,0.12,3.49,6.49,7.94,64.93,6.59,6.52,0.11,0.11,0.11,0.11,0.11,0.11,5,12,45,0.0,0.0,0.0,15.0,13.0,17.0,24.0,31.0,48.0,41.0,33.0,34.0,15.0,9.0,5.0,44.0,88.0,123.0,Low (<30),,,,,285092.0,Yes,No,No,No,No,No,No,Rs. 5,Rs. 5,,,GT,Urban,0.2,No,70.0,<200 sqft,Micro Outlet,GUJARAT,Surat,yes,2537.547,,90.909,,11979.4376,90.909,,109.0908,,,,,,555.7308,,,6038.7294,218.1816,,,45.455,4245.0564,,,,,,25911.0466,2355.549691,10.91,11,GUJARAT,Retail,15.0,27.5,44.5,33.5,9.666666666666666,0.11,0.12,6.59,0.11,5.0,56.26,C,15.0,0.0,1,0.0,1.0,2909.12,553.57,19.0,True,C+,1097.0,0.0,1.0,0.0,0.0,0.0,0.0,0.0,0.0,1,1.0,5.0,5.0,,1.0,2,4,Urban Transit Impulse GT,"This cluster consists of small urban GT outlets like paan kiosks, dairies, and tea shops, often near transit points. They cater to on-the-move shoppers seeking quick, affordable impulse purchases, with no premium category sales.","Prioritize counter-top displays and visible merchandising for single-serve, grab-and-go beverage and snack SKUs. Introduce combo offers (e.g., beverage + snack) at Rs. 20-30 price points."
114502.0,2638439,,2638439,Omkar Dhaba,Retail,31.718985,76.171873,Himachal Pradesh,Una,Amb,Mughal,Rural,,N. Ind Restaurnt,Shiva General Store-Rdc,2.9,12.56,33.8,56.03,7.85,0.0,7.94,0.0,12.09,12.09,12.09,12.09,0.0,12.09,2,7,13,0.0,0.0,0.0,0.0,1.0,1.0,0.0,0.0,5.0,8.0,6.0,12.0,3.0,2.0,1.0,1.0,4.0,26.0,Low (<30),0.0,0.0,0.0,0.0,89180.0,No,No,No,No,No,No,No,,,,,Restaurants,,,Yes,170.0,<200 sqft,Micro Outlet,HIMACHAL PRADESH,Balance,yes,31596.807,,,,8195.6485,1590.9075,419.0044,909.09,,,55.0464,,,4010.2728,,,25028.4336,9018.1728,,,823.5998,24922.9045,,,,,,106569.8873,8880.823942,21.25,12,North India,Retail,0.6666666666666666,0.0,6.5,9.0,2.0,0.0,12.56,0.0,0.0,2.0,92.7,A,15.0,1.0,1,0.0,0.0,6567.13,-2313.69,-35.2,False,A,557.0,1.0,0.0,0.0,0.0,0.0,0.0,0.0,0.0,1,1.0,,,,0.0,4,4,Urban Transit Impulse GT,"This cluster consists of small urban GT outlets like paan kiosks, dairies, and tea shops, often near transit points. They cater to on-the-move shoppers seeking quick, affordable impulse purchases, with no premium category sales.","Prioritize counter-top displays and visible merchandising for single-serve, grab-and-go beverage and snack SKUs. Introduce combo offers (e.g., beverage + snack) at Rs. 20-30 price points."
116230.0,1830239,Patna,1830239,Rangila Pan Bhandar,Retail,25.499845,84.960877,Bihar,Patna,Naubatpur,Naubatpur,Rural,,Cig / Paan Kiosk,Nand Traders - Rd,2.59,0.24,11.42,21.4,0.11,0.0,8.02,16.97,14.08,14.08,14.08,14.08,14.08,14.08,14,27,53,0.0,0.0,0.0,33.0,47.0,60.0,237.0,70.0,393.0,596.0,758.0,1046.0,657.0,714.0,289.0,449.0,815.0,3075.0,Low (<30),0.0,0.0,0.0,0.0,162665.0,Yes,No,No,No,No,No,No,Rs. 5,Rs. 5,,,GT,Periphery,13.0,No,50.0,<200 sqft,Micro Outlet,BIHAR,Balance,yes,,,,,590.9085,,2526.114,,,,,,,,,,,,,,2859.812,636.363,,,,,,6613.1975,601.199773,5.18,11,East India,Retail,46.66666666666666,153.5,494.5,902.0,553.3333333333334,14.08,0.24,0.0,14.08,14.0,10.7,D,15.0,0.0,1,0.0,0.0,1416.32,815.12,57.6,True,D+,983.0,0.0,1.0,0.0,0.0,0.0,0.0,0.0,0.0,1,1.0,5.0,5.0,,0.0,1,4,Urban Transit Impulse GT,"This cluster consists of small urban GT outlets like paan kiosks, dairies, and tea shops, often near transit points. They cater to on-the-move shoppers seeking quick, affordable impulse purchases, with no premium category sales.","Prioritize counter-top displays and visible merchandising for single-serve, grab-and-go beverage and snack SKUs. Introduce combo offers (e.g., beverage + snack) at Rs. 20-30 price points."
121857.0,2453426,,2453426,Pintu Pan,Retail,26.10753,83.156059,Uttar Pradesh,Azamgarh,Azamgarh,Matanpur,Rural,,Cig / Paan Kiosk,Abhishek Store-Tt,4.59,0.05,0.18,73.11,5.46,2.4,7.65,72.08,4.74,71.55,71.55,71.55,71.55,71.55,11,30,81,1.0,1.0,1.0,1.0,1.0,2.0,9.0,3.0,17.0,25.0,54.0,74.0,43.0,27.0,9.0,10.0,29.0,211.0,Low (<30),0.0,0.0,0.0,0.0,34648.0,Yes,No,No,No,No,No,No,Rs. 5,Rs. 5,,,GT,,,No,45.0,<200 sqft,Micro Outlet,UTTAR PRADESH,Balance,yes,3265.6095,,,,3436.3602,290.9088,7138.4157,109.0908,,,1875.006,,,909.09,,,1849.8006,1163.6352,,,5183.0523,7990.9011,,,,,,33211.8702,3019.260927,15.73,11,UTTAR PRADESH,Retail,1.3333333333333333,6.0,21.0,64.0,26.33333333333333,71.55,0.05,2.4,4.74,12.0,66.18,B,15.0,0.0,1,0.0,0.0,4366.78,1347.52,30.9,True,B+,426.0,0.0,1.0,0.0,0.0,0.0,0.0,0.0,0.0,1,1.0,5.0,5.0,,0.0,3,4,Urban Transit Impulse GT,"This cluster consists of small urban GT outlets like paan kiosks, dairies, and tea shops, often near transit points. They cater to on-the-move shoppers seeking quick, affordable impulse purchases, with no premium category sales.","Prioritize counter-top displays and visible merchandising for single-serve, grab-and-go beverage and snack SKUs. Introduce combo offers (e.g., beverage + snack) at Rs. 20-30 price points."
120516.0,2520630,Gwalior,2520630,Kapil Dubey Snakes,Retail,26.495502,77.993932,Madhya Pradesh,Morena,Morena,Morena,Urban,Morena Museum,Chats & Snacks (Stand-alone),Jai Hanuman Enterprises,5.88,0.16,32.72,0.62,2.18,462.99,1.15,33.91,0.57,31.5,31.5,31.5,31.5,31.5,46,105,155,0.0,0.0,0.0,67.0,86.0,83.0,121.0,225.0,294.0,382.0,616.0,606.0,117.0,148.0,206.0,238.0,488.0,2011.0,Medium (30 to 100),0.0,0.0,0.0,0.0,88092.0,No,No,No,No,No,No,No,,,,,GT,Urban,1.9,No,115.0,<200 sqft,Micro Outlet,MADHYA PRADESH,Balance,yes,,,,,1481.8167,,2566.914,,,,384.324,,,,,,,336.3633,,,2192.7652,3145.4514,,,,,,10107.6346,1010.76346,8.9,10,MADHYA PRADESH,Retail,78.66666666666667,173.0,338.0,611.0,157.0,31.5,0.16,1.15,0.57,46.0,23.22,D,,0.0,1,0.0,1.0,2129.81,1119.05,52.5,True,D+,780.0,0.0,0.0,0.0,0.0,0.0,0.0,0.0,0.0,1,1.0,,,,1.0,1,4,Urban Transit Impulse GT,"This cluster consists of small urban GT outlets like paan kiosks, dairies, and tea shops, often near transit points. They cater to on-the-move shoppers seeking quick, affordable impulse purchases, with no premium category sales.","Prioritize counter-top displays and visible merchandising for single-serve, grab-and-go beverage and snack SKUs. Introduce combo offers (e.g., beverage + snack) at Rs. 20-30 price points."
100629.0,S01117913,Kolkata,S01117913,Chourasia Pan Shop,Retail,22.572826,88.430979,West Bengal,N. 24 Parganas,Bidhan Nagar unassignd,Bidhan Nagar,Urban,Ward No 1,Cig / Paan Kiosk,Binoy Trading Company,4.53,0.77,0.16,0.56,1.83,2.59,4.62,1.77,0.52,1.77,1.0,1.0,1.0,1.0,1,14,40,0.0,16.0,27.0,77.0,73.0,73.0,182.0,161.0,189.0,185.0,144.0,127.0,41.0,39.0,45.0,317.0,377.0,427.0,Low (<30),0.0,0.0,0.0,0.0,100135.0,Yes,No,No,No,No,No,No,Rs. 5,Rs. 5,,,GT,Periphery,2.5,No,90.0,<200 sqft,Micro Outlet,WEST BENGAL,Kolkata,yes,,,,,672.7266,,1330.288,,,,,,,,,,,,,,87.1568,1018.1808,,,,,,3108.3522,345.372467,5.0,9,East India,Retail,74.33333333333333,171.5,187.0,135.5,41.66666666666666,1.0,0.16,2.59,0.52,1.0,4.66,D,15.0,0.0,1,0.0,0.0,1260.59,915.21,72.6,True,D+,911.0,0.0,1.0,0.0,0.0,0.0,0.0,0.0,0.0,1,1.0,5.0,5.0,,1.0,1,4,Urban Transit Impulse GT,"This cluster consists of small urban GT outlets like paan kiosks, dairies, and tea shops, often near transit points. They cater to on-the-move shoppers seeking quick, affordable impulse purchases, with no premium category sales.","Prioritize counter-top displays and visible merchandising for single-serve, grab-and-go beverage and snack SKUs. Introduce combo offers (e.g., beverage + snack) at Rs. 20-30 price points."
115954.0,2795115,Surat,2795115,BOMBAY PAN CENTER,Retail,21.22408167,72.82890667,Gujarat,Surat,Surat City,Surat,Urban,Katargam,Cig / Paan Kiosk,Shreeji Enterprise,8.19,0.1,0.61,4.51,3.53,62.12,2.45,2.51,0.37,0.37,0.37,0.37,0.37,0.37,36,95,148,2.0,8.0,19.0,370.0,449.0,517.0,826.0,1306.0,1869.0,1852.0,2650.0,2379.0,680.0,538.0,661.0,1966.0,4304.0,7387.0,Medium (30 to 100),,,,,146333.0,Yes,No,No,No,No,No,No,Rs. 5,Rs. 5,,,GT,Urban,1.8,No,50.0,<200 sqft,Micro Outlet,GUJARAT,Surat,yes,218.1816,,90.909,,3963.6324,181.818,,327.2724,,,,,,,,,436.3632,109.0908,,,,218.1816,,,,,,5545.449,1109.0898,6.0,5,GUJARAT,Retail,445.3333333333333,1066.0,1860.5,2514.5,626.3333333333334,0.37,0.1,2.45,0.37,38.0,26.14,D,,0.0,1,0.0,1.0,1133.89,24.8,2.2,True,D+,1400.0,0.0,1.0,0.0,0.0,0.0,0.0,0.0,0.0,1,1.0,5.0,5.0,,1.0,1,4,Urban Transit Impulse GT,"This cluster consists of small urban GT outlets like paan kiosks, dairies, and tea shops, often near transit points. They cater to on-the-move shoppers seeking quick, affordable impulse purchases, with no premium category sales.","Prioritize counter-top displays and visible merchandising for single-serve, grab-and-go beverage and snack SKUs. Introduce combo offers (e.g., beverage + snack) at Rs. 20-30 price points."
113913.0,2699412,Nagpur,2699412,Mangesh Tea Stall,Retail,21.11753948,79.10850355,Maharashtra,Nagpur,Nagpur (Urban),Nagpur,Urban,Navin Subhedar,Tea Shop (Hot),Soham Corporation,1.8,0.11,0.5,4.79,0.41,464.65,2.89,3.75,0.11,0.11,0.11,0.11,0.11,0.11,27,101,217,2.0,35.0,74.0,76.0,193.0,247.0,397.0,425.0,557.0,301.0,393.0,413.0,157.0,140.0,70.0,757.0,1251.0,1439.0,Medium (30 to 100),30.0,96.0,18.0,3.0,267262.0,No,Yes,No,No,No,No,No,Rs. 5,,Rs. 5,,GT,Urban,1.90825,Yes,85.0,<200 sqft,Micro Outlet,MAHARASHTRA,Nagpur,yes,,,,,1509.0894,0.0,,,,,,,,,,,,181.818,,,113.6375,981.8172,,,,,,2786.3621,398.051729,5.14,7,MAHARASHTRA,Retail,172.0,411.0,429.0,403.0,122.33333333333331,0.11,0.11,2.89,0.11,29.0,5.74,D,,1.0,1,0.0,1.0,1346.78,948.73,70.4,True,D+,891.0,1.0,0.0,1.0,0.0,0.0,0.0,0.0,0.0,1,1.0,5.0,,5.0,1.0,1,4,Urban Transit Impulse GT,"This cluster consists of small urban GT outlets like paan kiosks, dairies, and tea shops, often near transit points. They cater to on-the-move shoppers seeking quick, affordable impulse purchases, with no premium category sales.","Prioritize counter-top displays and visible merchandising for single-serve, grab-and-go beverage and snack SKUs. Introduce combo offers (e.g., beverage + snack) at Rs. 20-30 price points."
102350.0,S00456542,Bareilly,S00456542,Ramesh Pan Bhandar,Retail,28.368215,79.420269,Uttar Pradesh,Bareilly,Bareilly,Bareilly,Urban,Kaanoon Goyan,Cig / Paan Kiosk,Gargi Enterprises-Bareilly-Sdp,2.01,0.15,0.11,2.2,0.46,1.11,2.12,0.45,0.24,0.24,0.24,0.24,0.24,0.24,36,118,217,7.0,11.0,13.0,194.0,224.0,259.0,552.0,686.0,1027.0,888.0,1081.0,1035.0,308.0,305.0,191.0,796.0,1423.0,3834.0,High (>100),28.0,8.0,0.0,0.0,98726.0,Yes,No,No,No,No,No,No,Rs. 5,Rs. 5,,,GT,Urban,0.8,No,50.0,<200 sqft,Micro Outlet,UTTAR PRADESH,Bareilly,yes,72.7272,,,,3145.4514,,4299.1209,,,,3276.7962,,,145.4544,,,,4036.3596,,,4513.4073,4009.0869,,,,,,23498.4039,2349.84039,15.33,10,UTTAR PRADESH,Retail,225.66666666666663,619.0,957.5,1058.0,268.0,0.24,0.11,1.11,0.24,43.0,56.16,C,150.0,0.0,1,0.0,1.0,3895.45,1545.61,39.7,True,C+,622.0,0.0,1.0,0.0,0.0,0.0,0.0,0.0,0.0,1,1.0,5.0,5.0,,1.0,2,4,Urban Transit Impulse GT,"This cluster consists of small urban GT outlets like paan kiosks, dairies, and tea shops, often near transit points. They cater to on-the-move shoppers seeking quick, affordable impulse purchases, with no premium category sales.","Prioritize counter-top displays and visible merchandising for single-serve, grab-and-go beverage and snack SKUs. Introduce combo offers (e.g., beverage + snack) at Rs. 20-30 price points."
118101.0,2638347,,2638347,Krishna Pan And Hotel,Retail,21.743867,72.050162,Gujarat,Bhavnagar,Bhavnagar,Vartej,Urban,Vartej,Cig / Paan Kiosk,Moralidhar Sales,10.75,3.97,5.46,95.98,11.18,88.92,0.55,5.99,3.73,3.73,3.73,3.73,3.73,3.73,2,6,10,0.0,0.0,0.0,2.0,7.0,55.0,41.0,259.0,447.0,283.0,354.0,267.0,118.0,161.0,80.0,203.0,430.0,1597.0,Medium (30 to 100),,,,,220776.0,Yes,No,No,No,No,No,No,Rs. 5,Rs. 5,,,GT,,,No,40.0,<200 sqft,Micro Outlet,GUJARAT,Balance,yes,,,,,8198.4136,,,,,,,,,,,,,,,,68.1825,327.2724,,,,,,8593.8685,716.155708,1.83,12,GUJARAT,Retail,21.33333333333333,150.0,365.0,310.5,119.66666666666669,3.73,3.97,0.55,3.73,2.0,14.3,D,,0.0,1,0.0,0.0,310.92,-405.23,-130.3,False,D,1471.0,0.0,1.0,0.0,0.0,0.0,0.0,0.0,0.0,1,1.0,5.0,5.0,,1.0,1,4,Urban Transit Impulse GT,"This cluster consists of small urban GT outlets like paan kiosks, dairies, and tea shops, often near transit points. They cater to on-the-move shoppers seeking quick, affordable impulse purchases, with no premium category sales.","Prioritize counter-top displays and visible merchandising for single-serve, grab-and-go beverage and snack SKUs. Introduce combo offers (e.g., beverage + snack) at Rs. 20-30 price points."
120700.0,2470587,,2470587,Patel Pan,Retail,21.590347,71.221727,Gujarat,Amreli,Amreli,Amreli,Urban,Amreli,Cig / Paan Kiosk,Bipin Trading Company,0.96,0.17,30.46,86.44,62.95,29.32,2.05,29.35,15.65,15.65,15.65,15.65,15.65,15.65,9,31,61,0.0,0.0,0.0,151.0,344.0,1232.0,1023.0,3032.0,4727.0,2808.0,3555.0,2993.0,1261.0,1510.0,755.0,3521.0,6960.0,13756.0,High (>100),,,,,184560.0,Yes,No,No,No,No,No,No,Rs. 5,Rs. 5,,,GT,,,No,75.0,<200 sqft,Micro Outlet,GUJARAT,Balance,yes,327.2724,,,,7634.7778,,,109.0908,,,,,,,,,690.9084,,,,,636.363,,,,,,9398.4124,854.401127,4.09,11,GUJARAT,Retail,575.6666666666666,2027.5,3767.5,3274.0,1175.3333333333333,15.65,0.17,2.05,15.65,9.0,17.96,D,150.0,0.0,1,0.0,0.0,1069.92,215.51,20.1,True,D+,1314.0,0.0,1.0,0.0,0.0,0.0,0.0,0.0,0.0,1,1.0,5.0,5.0,,1.0,1,4,Urban Transit Impulse GT,"This cluster consists of small urban GT outlets like paan kiosks, dairies, and tea shops, often near transit points. They cater to on-the-move shoppers seeking quick, affordable impulse purchases, with no premium category sales.","Prioritize counter-top displays and visible merchandising for single-serve, grab-and-go beverage and snack SKUs. Introduce combo offers (e.g., beverage + snack) at Rs. 20-30 price points."
113504.0,2787716,Lucknow,2787716,EASY HOME,Retail,26.78585667,80.97021833,Uttar Pradesh,Lucknow,Lucknow,Lucknow,Urban,Ibrahimpur,,Primewest Marketing P.Ltd.-Sdp,9.05,0.21,2.83,6.93,3.48,0.21,5.05,2.11,0.21,0.21,0.21,0.21,0.21,0.21,2,8,18,0.0,0.0,3.0,33.0,45.0,52.0,132.0,178.0,277.0,169.0,210.0,192.0,64.0,72.0,33.0,152.0,355.0,910.0,High (>100),63.0,60.0,7.0,0.0,92750.0,No,No,No,No,No,No,No,,,,,Others,Urban,0.4,No,70.0,<200 sqft,Micro Outlet,UTTAR PRADESH,Lucknow,yes,1972.3302,,,,2732.8054,454.545,1000.155,,,,533.4264,,,522.5292,,,1177.074,1731.2256,,,1723.3716,3381.8148,,,,,,15229.2772,2538.212867,20.67,6,UTTAR PRADESH,Retail,43.333333333333336,155.0,223.0,201.0,56.333333333333336,0.21,0.21,0.21,0.21,2.0,59.14,C,150.0,0.0,1,0.0,1.0,5631.09,3092.87,54.9,True,C+,106.0,0.0,0.0,0.0,0.0,0.0,0.0,0.0,0.0,1,1.0,,,,1.0,2,4,Urban Transit Impulse GT,"This cluster consists of small urban GT outlets like paan kiosks, dairies, and tea shops, often near transit points. They cater to on-the-move shoppers seeking quick, affordable impulse purchases, with no premium category sales.","Prioritize counter-top displays and visible merchandising for single-serve, grab-and-go beverage and snack SKUs. Introduce combo offers (e.g., beverage + snack) at Rs. 20-30 price points."
114868.0,2459483,,2459483,Sambu Tea Stoll,Retail,21.828002,87.241875,Orissa,Baleshwar,Jaleswar,Parhiharpur,Rural,,Tea Shop (Hot),Mm Marketing - Rd,1.31,1.63,47.51,169.25,14.7,0.0,1.82,204.87,48.65,200.15,200.15,200.15,200.15,200.15,0,13,39,0.0,0.0,0.0,0.0,1.0,1.0,0.0,0.0,0.0,1.0,0.0,1.0,7.0,0.0,0.0,1.0,2.0,7.0,Low (<30),0.0,0.0,0.0,0.0,31835.0,No,Yes,No,No,No,No,No,Rs. 5,,Rs. 5,,GT,,,No,80.0,<200 sqft,Micro Outlet,ORISSA,Balance,yes,1418.1804,,,,1127.2716,,10500.7699,,,,389.495,,,545.454,,,1690.9074,,,,8726.9398,2218.1796,,,,,,26617.1977,2218.099808,8.92,12,East India,Retail,0.6666666666666666,0.0,0.5,0.5,2.333333333333333,200.15,1.63,0.0,48.65,0.0,54.2,C,15.0,0.0,1,0.0,0.0,2953.62,735.52,24.9,True,C+,1020.0,0.0,0.0,1.0,0.0,0.0,0.0,0.0,0.0,1,1.0,5.0,,5.0,0.0,2,4,Urban Transit Impulse GT,"This cluster consists of small urban GT outlets like paan kiosks, dairies, and tea shops, often near transit points. They cater to on-the-move shoppers seeking quick, affordable impulse purchases, with no premium category sales.","Prioritize counter-top displays and visible merchandising for single-serve, grab-and-go beverage and snack SKUs. Introduce combo offers (e.g., beverage + snack) at Rs. 20-30 price points."
110149.0,2260360,Jaipur,2260360,Mittal State,Retail,26.942006,75.830769,Rajasthan,Jaipur,Jaipur,Jaipur,Urban,Shankar Nagar,Xerox / DTP Centr,Khandelwal Marketing-Sdp,5.54,6.38,0.82,3.92,0.66,95.8,2.9,1.53,0.32,0.32,0.32,0.32,0.32,0.32,30,139,300,1.0,5.0,19.0,167.0,188.0,229.0,303.0,367.0,558.0,573.0,592.0,549.0,169.0,137.0,70.0,456.0,885.0,2226.0,Medium (30 to 100),23.0,13.0,1.0,3.0,3430978.0,No,No,No,No,No,No,No,,,,,Others,Urban,1.3,No,75.0,<200 sqft,Micro Outlet,RAJASTHAN,Alwar,yes,,,,,1413.4458,,466.566,,,,,,,,,,,313.0452,,,535.374,2230.8312,,,,,,4959.2622,1239.81555,6.0,4,North India,Retail,194.66666666666663,335.0,565.5,570.5,125.33333333333331,0.32,0.82,2.9,0.32,31.0,30.22,C,,0.0,1,0.0,1.0,1213.84,-25.98,-2.1,False,C,1305.0,0.0,0.0,0.0,0.0,0.0,0.0,0.0,0.0,1,1.0,,,,1.0,2,4,Urban Transit Impulse GT,"This cluster consists of small urban GT outlets like paan kiosks, dairies, and tea shops, often near transit points. They cater to on-the-move shoppers seeking quick, affordable impulse purchases, with no premium category sales.","Prioritize counter-top displays and visible merchandising for single-serve, grab-and-go beverage and snack SKUs. Introduce combo offers (e.g., beverage + snack) at Rs. 20-30 price points."
121606.0,2412782,Kolkata,2412782,R N R Pan Shop,Retail,22.495937,88.369688,West Bengal,Kolkata,Kolkata,Kolkata,Urban,Dhakuria,Cig / Paan Kiosk,Tarama Enterprise,2.54,0.22,0.37,3.29,0.1,0.09,0.52,1.05,0.21,0.21,0.21,0.21,0.21,0.21,29,107,227,0.0,15.0,35.0,311.0,316.0,291.0,700.0,550.0,598.0,690.0,681.0,547.0,272.0,104.0,66.0,1534.0,1185.0,1191.0,High (>100),0.0,0.0,0.0,0.0,386400.0,Yes,No,No,No,No,No,No,Rs. 5,Rs. 5,,,GT,Urban,2.1,No,50.0,<200 sqft,Micro Outlet,WEST BENGAL,Balance,yes,90.909,,,,1054.5444,118.1817,431.1968,,,,,,,,,,,854.5446,,,412.848,2972.7243,,,,,,5934.9488,593.49488,11.9,10,East India,Retail,306.0,625.0,644.0,614.0,147.33333333333334,0.21,0.22,0.09,0.21,29.0,10.44,D,150.0,0.0,1,0.0,1.0,2962.84,2369.34,80.0,True,D+,145.0,0.0,1.0,0.0,0.0,0.0,0.0,0.0,0.0,1,1.0,5.0,5.0,,1.0,1,4,Urban Transit Impulse GT,"This cluster consists of small urban GT outlets like paan kiosks, dairies, and tea shops, often near transit points. They cater to on-the-move shoppers seeking quick, affordable impulse purchases, with no premium category sales.","Prioritize counter-top displays and visible merchandising for single-serve, grab-and-go beverage and snack SKUs. Introduce combo offers (e.g., beverage + snack) at Rs. 20-30 price points."
118772.0,2294932,Ahmadabad,2294932,Mateshwari Dairy Parlour,Retail,23.034415,72.67254,Gujarat,Ahmedabad,Ahmedabad City,Ahmedabad,Urban,Nava-Naroda,Dairy str,Nisarg Services And Sales Pvt Ltd,1.64,0.86,1.5,8.74,1.62,0.71,4.09,1.87,1.04,1.04,1.04,1.04,1.04,1.04,13,62,132,0.0,1.0,1.0,8.0,15.0,52.0,42.0,138.0,219.0,146.0,189.0,182.0,73.0,77.0,39.0,189.0,348.0,721.0,Medium (30 to 100),,,,,85468.0,No,No,No,No,No,No,No,,,,,GT,Urban,0.9,Yes,85.0,<200 sqft,Micro Outlet,GUJARAT,Ahmadabad,yes,18.1818,,,,3981.8142,,136.365,,,,,,,,,,163.6362,,,,204.5475,218.1816,,,,,,4722.7263,472.27263,3.18,10,GUJARAT,Retail,25.0,90.0,182.5,185.5,63.0,1.04,0.86,0.71,1.04,13.0,7.36,D,,1.0,1,0.0,1.0,957.16,484.89,50.7,True,D+,1177.0,1.0,0.0,0.0,0.0,0.0,0.0,0.0,0.0,1,1.0,,,,1.0,1,4,Urban Transit Impulse GT,"This cluster consists of small urban GT outlets like paan kiosks, dairies, and tea shops, often near transit points. They cater to on-the-move shoppers seeking quick, affordable impulse purchases, with no premium category sales.","Prioritize counter-top displays and visible merchandising for single-serve, grab-and-go beverage and snack SKUs. Introduce combo offers (e.g., beverage + snack) at Rs. 20-30 price points."
121219.0,S01094792,Thane,S01094792,Mahalaxmi Pan Shop,Retail,19.226393,73.145886,Maharashtra,Thane,Kalyan,Kalyan-Dombivli,Urban,Shani Nagar,Cig / Paan Kiosk,Usha Enterprises,5.83,0.21,0.32,3.5,0.56,19.72,0.46,0.64,0.24,0.24,0.24,0.24,0.24,0.24,29,117,240,9.0,25.0,41.0,177.0,360.0,299.0,906.0,1460.0,1719.0,2320.0,2928.0,2480.0,487.0,246.0,414.0,2519.0,4267.0,5372.0,High (>100),186.0,105.0,129.0,75.0,259836.0,Yes,No,No,No,No,No,No,Rs. 5,Rs. 5,,,GT,Periphery,8.5,No,40.0,<200 sqft,Micro Outlet,MAHARASHTRA,Thane,yes,1636.362,,846.6406,,4698.0232,1810.276,,727.272,,,,,,509.0904,,,1072.7262,218.1816,,,,19547.0262,,,,,,31065.5982,2588.79985,9.83,12,MAHARASHTRA,Retail,278.6666666666667,1183.0,2019.5,2704.0,382.3333333333333,0.24,0.21,0.46,0.24,38.0,59.94,C,150.0,0.0,1,0.0,0.0,2384.48,-204.32,-8.6,False,C,1343.0,0.0,1.0,0.0,0.0,0.0,0.0,0.0,0.0,1,1.0,5.0,5.0,,1.0,2,4,Urban Transit Impulse GT,"This cluster consists of small urban GT outlets like paan kiosks, dairies, and tea shops, often near transit points. They cater to on-the-move shoppers seeking quick, affordable impulse purchases, with no premium category sales.","Prioritize counter-top displays and visible merchandising for single-serve, grab-and-go beverage and snack SKUs. Introduce combo offers (e.g., beverage + snack) at Rs. 20-30 price points."
120553.0,S01170228,Patna,S01170228,Magahi Pan Dukan,Retail,25.564728,85.041411,Bihar,Patna,DinapurCumKhagaul,Khagaul,Urban,Bari Khagaul,Cig / Paan Kiosk,Radhe Krishna Agency-Tt,3.08,0.95,4.24,10.72,1.91,0.0,1.97,6.16,3.26,3.26,3.26,3.26,3.26,3.26,10,48,107,0.0,0.0,0.0,4.0,6.0,7.0,20.0,26.0,41.0,27.0,48.0,41.0,13.0,13.0,18.0,22.0,48.0,136.0,Low (<30),149.0,97.0,99.0,16.0,167395.0,Yes,No,No,No,No,No,No,Rs. 5,Rs. 5,,,GT,Periphery,2.1,No,70.0,<200 sqft,Micro Outlet,BIHAR,Patna,yes,2838.7326,,,,33131.5959,,14839.2312,,,,,,,446.64,,,1127.2716,218.1816,,,5099.4838,46319.7267,,,,,,104020.8634,9456.442127,7.25,11,East India,Retail,5.666666666666667,23.0,34.0,44.5,14.666666666666666,3.26,0.95,0.0,3.26,10.0,93.56,A,15.0,0.0,1,0.0,0.0,1854.71,-7601.73,-409.9,False,A,852.0,0.0,1.0,0.0,0.0,0.0,0.0,0.0,0.0,1,1.0,5.0,5.0,,1.0,4,4,Urban Transit Impulse GT,"This cluster consists of small urban GT outlets like paan kiosks, dairies, and tea shops, often near transit points. They cater to on-the-move shoppers seeking quick, affordable impulse purchases, with no premium category sales.","Prioritize counter-top displays and visible merchandising for single-serve, grab-and-go beverage and snack SKUs. Introduce combo offers (e.g., beverage + snack) at Rs. 20-30 price points."
101448.0,2130323,,2130323,Vrindavan Dery,Retail,22.737493,77.721035,Madhya Pradesh,Hoshangabad,Hoshangabad,Hoshangabad,Urban,Rasuliya,Dairy str,Anu Agencies,2.49,0.11,54.19,59.88,2.1,183.75,1.76,54.01,11.89,53.73,53.73,53.73,53.73,53.73,20,45,84,0.0,0.0,0.0,36.0,50.0,62.0,94.0,150.0,253.0,148.0,154.0,155.0,24.0,29.0,17.0,138.0,300.0,644.0,Medium (30 to 100),0.0,0.0,0.0,0.0,116583.0,No,No,No,No,No,No,No,,,,,GT,,,Yes,95.0,<200 sqft,Micro Outlet,MADHYA PRADESH,Balance,yes,818.181,,181.818,,9100.39,363.636,8720.2428,,,,2720.3808,,,381.8178,,,927.2718,3299.6028,,,8709.0559,13594.4562,,,,,,48816.8531,4068.071092,19.08,12,MADHYA PRADESH,Retail,49.333333333333336,122.0,200.5,154.5,23.33333333333333,53.73,0.11,1.76,11.89,20.0,76.02,B,,1.0,1,0.0,0.0,5600.91,1532.84,27.4,True,B+,384.0,1.0,0.0,0.0,0.0,0.0,0.0,0.0,0.0,1,1.0,,,,1.0,3,4,Urban Transit Impulse GT,"This cluster consists of small urban GT outlets like paan kiosks, dairies, and tea shops, often near transit points. They cater to on-the-move shoppers seeking quick, affordable impulse purchases, with no premium category sales.","Prioritize counter-top displays and visible merchandising for single-serve, grab-and-go beverage and snack SKUs. Introduce combo offers (e.g., beverage + snack) at Rs. 20-30 price points."
119878.0,2484346,,2484346,Rajput Hotel,Retail,24.447345,77.16229,Madhya Pradesh,Guna,Raghogarh,Raghogarh-Vijaypur,Urban,Sada Colony,S. Ind Restaurnt,Vijay Shree Sales,3.99,0.79,122.26,138.55,3.2,224.44,1.51,129.77,25.29,127.9,127.65,127.65,127.65,127.65,1,12,21,0.0,0.0,0.0,4.0,4.0,4.0,7.0,9.0,14.0,10.0,16.0,16.0,4.0,5.0,22.0,15.0,25.0,60.0,Low (<30),0.0,0.0,0.0,0.0,73379.0,No,No,No,No,No,No,No,,,,,Restaurants,,,Yes,155.0,<200 sqft,Micro Outlet,MADHYA PRADESH,Balance,yes,2615.4505,,,,181.818,,,,,,,,,18.1818,,,599.9994,,,,,181.818,,,,,,3597.2677,399.696411,2.22,9,MADHYA PRADESH,Retail,4.0,8.0,12.0,16.0,10.333333333333334,127.65,0.79,1.51,25.29,1.0,5.78,D,15.0,1.0,1,0.0,0.0,1102.63,702.94,63.8,True,D+,1055.0,1.0,0.0,0.0,0.0,0.0,0.0,0.0,0.0,1,1.0,,,,1.0,1,4,Urban Transit Impulse GT,"This cluster consists of small urban GT outlets like paan kiosks, dairies, and tea shops, often near transit points. They cater to on-the-move shoppers seeking quick, affordable impulse purchases, with no premium category sales.","Prioritize counter-top displays and visible merchandising for single-serve, grab-and-go beverage and snack SKUs. Introduce combo offers (e.g., beverage + snack) at Rs. 20-30 price points."
116372.0,2334550,Mumbai,2334550,Pure Care,Retail,19.190778,72.866094,Maharashtra,Mumbai (Combined),Mumbai,Mumbai (Grtr),Urban,Malad E.,,Laxmi Trading,4.02,0.08,0.49,2.25,0.16,0.23,1.82,0.81,0.14,0.14,0.14,0.14,0.14,0.14,29,74,167,5.0,18.0,62.0,239.0,283.0,269.0,664.0,704.0,866.0,1047.0,1231.0,934.0,206.0,83.0,302.0,1143.0,1775.0,2896.0,High (>100),1739.0,1361.0,139.0,64.0,267000.0,No,No,No,No,No,No,No,,,,,Others,Urban,4.8,No,85.0,<200 sqft,Micro Outlet,MAHARASHTRA,Mumbai,yes,,,,,981.8172,90.909,,,,,,,469.0908,,,,,109.0908,,,109.092,1963.6344,,,,,,3723.6342,1861.8171,8.5,2,MAHARASHTRA,Retail,263.6666666666667,684.0,956.5,1082.5,197.0,0.14,0.08,0.23,0.14,34.0,46.56,C,150.0,0.0,1,0.0,1.0,1922.62,60.81,3.2,True,C+,1265.0,0.0,0.0,0.0,0.0,0.0,0.0,0.0,0.0,1,1.0,,,,1.0,2,4,Urban Transit Impulse GT,"This cluster consists of small urban GT outlets like paan kiosks, dairies, and tea shops, often near transit points. They cater to on-the-move shoppers seeking quick, affordable impulse purchases, with no premium category sales.","Prioritize counter-top displays and visible merchandising for single-serve, grab-and-go beverage and snack SKUs. Introduce combo offers (e.g., beverage + snack) at Rs. 20-30 price points."
119316.0,2375223,,2375223,Shree Samarth Icecream,Retail,18.708299,72.916332,Maharashtra,Raigarh,Alibag,Parhurpada,Rural,,Ice Cream Parlour (Stand-alone),Taani Enterprises,3.75,1.55,4.17,7.44,0.15,23.86,18.23,25.06,7.81,24.86,23.86,24.86,23.86,23.86,2,5,10,0.0,0.0,0.0,10.0,8.0,6.0,49.0,22.0,58.0,84.0,35.0,109.0,22.0,23.0,9.0,63.0,131.0,159.0,Low (<30),0.0,0.0,0.0,0.0,114641.0,No,No,No,No,No,No,No,,,,,GT,,,Yes,125.0,<200 sqft,Micro Outlet,MAHARASHTRA,Balance,yes,20798.3985,,1519.3672,,12801.5706,2177.864,5304.5985,,,,,,,181.818,,,15097.2183,436.3632,272.727,,3290.942,33130.4064,,,,,,95011.2737,7917.606142,30.92,12,MAHARASHTRA,Retail,8.0,35.5,71.0,72.0,18.0,23.86,1.55,18.23,7.44,2.0,90.82,A,15.0,1.0,1,0.0,0.0,9288.8,1371.2,14.8,True,A+,155.0,1.0,0.0,0.0,0.0,0.0,0.0,0.0,0.0,1,1.0,,,,0.0,4,4,Urban Transit Impulse GT,"This cluster consists of small urban GT outlets like paan kiosks, dairies, and tea shops, often near transit points. They cater to on-the-move shoppers seeking quick, affordable impulse purchases, with no premium category sales.","Prioritize counter-top displays and visible merchandising for single-serve, grab-and-go beverage and snack SKUs. Introduce combo offers (e.g., beverage + snack) at Rs. 20-30 price points."
113525.0,S00340778,Siliguri,S00340778,Raha Stationers,Retail,26.714328,88.451465,West Bengal,Darjiling,Siliguri (Darj'lng distt) Pt 1 of 2,Siliguri,Urban,Ghogomali,Cosmetc / Fancy Str (Stand-alone),Essdee,2.93,0.18,1.21,108.15,0.88,100.55,2.35,1.98,0.63,0.63,0.63,0.63,0.63,0.63,11,54,103,0.0,4.0,6.0,74.0,159.0,153.0,299.0,590.0,605.0,689.0,642.0,554.0,217.0,261.0,259.0,1090.0,1335.0,1514.0,Medium (30 to 100),318.0,69.0,4.0,1.0,106442.0,No,No,No,No,No,No,No,Rs. 5,,,,GT,Urban,0.2,No,100.0,<200 sqft,Micro Outlet,WEST BENGAL,Siliguri,yes,2618.1792,,,,7327.2654,2909.088,3526.0977,,,,1151.9712,218.182,,1745.4528,,,1254.5442,5709.0852,,,3515.964,9390.8997,,,,,,39366.7294,3578.793582,25.27,11,East India,Retail,128.66666666666666,444.5,647.0,598.0,245.66666666666663,0.63,0.18,2.35,0.63,11.0,71.88,B,,0.0,1,0.0,1.0,7047.63,3468.83,49.2,True,B+,80.0,0.0,0.0,0.0,0.0,0.0,0.0,0.0,0.0,1,1.0,5.0,,,1.0,3,4,Urban Transit Impulse GT,"This cluster consists of small urban GT outlets like paan kiosks, dairies, and tea shops, often near transit points. They cater to on-the-move shoppers seeking quick, affordable impulse purchases, with no premium category sales.","Prioritize counter-top displays and visible merchandising for single-serve, grab-and-go beverage and snack SKUs. Introduce combo offers (e.g., beverage + snack) at Rs. 20-30 price points."
114456.0,2401014,Vijayawada,2401014,Ss Fruites Vegitables,Retail,16.514937,80.676099,Andhra Pradesh,Krishna,Vijayawada (Urban),Vijayawada,Urban,Nagarjuna Nagar,Fruit / Veg Str,Karthikeya Enterprises,4.29,0.62,0.56,2.14,0.56,0.0,1.31,2.16,0.53,0.53,0.53,0.53,0.53,0.53,13,47,117,3.0,15.0,72.0,34.0,33.0,39.0,99.0,82.0,158.0,187.0,185.0,171.0,35.0,22.0,17.0,240.0,346.0,227.0,Medium (30 to 100),47.0,38.0,88.0,87.0,186099.0,No,No,No,No,No,No,No,,,,,GT,,,No,170.0,<200 sqft,Micro Outlet,ANDHRA PRADESH,Vijayawada,yes,,,363.636,,7247.4272,763.6356,1263.462,,,,,,,,,,,,,,1015.944,9560.8695,,,,,,20214.9743,1837.724936,13.0,11,South India,Retail,35.333333333333336,90.5,172.5,178.0,24.666666666666668,0.53,0.56,0.0,0.53,16.0,46.08,C,,0.0,1,0.0,0.0,3688.0,1850.28,50.2,True,C+,476.0,0.0,0.0,0.0,0.0,0.0,0.0,0.0,0.0,1,1.0,,,,1.0,2,4,Urban Transit Impulse GT,"This cluster consists of small urban GT outlets like paan kiosks, dairies, and tea shops, often near transit points. They cater to on-the-move shoppers seeking quick, affordable impulse purchases, with no premium category sales.","Prioritize counter-top displays and visible merchandising for single-serve, grab-and-go beverage and snack SKUs. Introduce combo offers (e.g., beverage + snack) at Rs. 20-30 price points."
121710.0,S01397289,,S01397289,Ganpati Hotel,AFH - Others,27.68141,76.175433,Rajasthan,Jaipur,Kotputli,Pootli,Rural,,S. Ind Restaurnt,Deepak Trading Company-Rdb,5.52,89.78,44.65,44.63,1.34,90.55,32.24,84.49,3.64,83.63,83.17,83.17,83.17,83.17,1,12,35,0.0,0.0,0.0,2.0,5.0,7.0,8.0,1.0,42.0,68.0,80.0,118.0,49.0,40.0,15.0,12.0,56.0,335.0,Low (<30),0.0,0.0,0.0,0.0,125251.0,No,No,No,No,No,No,No,,,,,Restaurants,,,Yes,170.0,<200 sqft,Micro Outlet,RAJASTHAN,Balance,yes,81765.3095,,,,545.454,,,,,,,,,181.818,,,43155.049,218.1816,,,,1090.908,,,,,,126956.7201,10579.726675,5.5,12,North India,OPSC21-AFH - Others,4.666666666666667,4.5,55.0,99.0,34.666666666666664,83.17,44.65,32.24,3.64,1.0,94.58,A,15.0,1.0,1,0.0,0.0,2096.96,-8482.77,-404.5,False,A,876.0,1.0,0.0,0.0,0.0,0.0,0.0,0.0,0.0,1,1.0,,,,0.0,4,4,Urban Transit Impulse GT,"This cluster consists of small urban GT outlets like paan kiosks, dairies, and tea shops, often near transit points. They cater to on-the-move shoppers seeking quick, affordable impulse purchases, with no premium category sales.","Prioritize counter-top displays and visible merchandising for single-serve, grab-and-go beverage and snack SKUs. Introduce combo offers (e.g., beverage + snack) at Rs. 20-30 price points."
122011.0,2493973,,2493973,Shyam Tea Stall,Retail,30.104486,78.3021,Uttaranchal,Dehradun,Rishikesh,Rishikesh,Urban,Rishikesh +OG,Tea Shop (Hot),Manish Agencies,2.73,0.13,16.46,27.4,11.08,0.0,1.4,27.83,1.44,27.83,27.83,27.83,27.83,27.83,26,54,82,0.0,0.0,0.0,296.0,570.0,1268.0,1224.0,2251.0,3226.0,2051.0,2527.0,1736.0,692.0,592.0,296.0,2391.0,4747.0,9767.0,High (>100),0.0,0.0,0.0,0.0,286107.0,No,Yes,No,No,No,No,No,Rs. 5,,Rs. 5,,GT,,,No,95.0,<200 sqft,Micro Outlet,UTTARANCHAL,Balance,yes,436.3632,,,,8759.6756,,4085.9442,,,,,,,254.5452,,,236.3634,3772.7235,,,1747.0977,21786.1449,,,,,,41078.8577,3734.441609,15.18,11,North India,Retail,711.3333333333334,1737.5,2638.5,2131.5,526.6666666666666,27.83,0.13,0.0,1.44,26.0,73.3,B,150.0,0.0,1,0.0,0.0,4054.73,320.29,7.9,True,B+,650.0,0.0,0.0,1.0,0.0,0.0,0.0,0.0,0.0,1,1.0,5.0,,5.0,1.0,3,4,Urban Transit Impulse GT,"This cluster consists of small urban GT outlets like paan kiosks, dairies, and tea shops, often near transit points. They cater to on-the-move shoppers seeking quick, affordable impulse purchases, with no premium category sales.","Prioritize counter-top displays and visible merchandising for single-serve, grab-and-go beverage and snack SKUs. Introduce combo offers (e.g., beverage + snack) at Rs. 20-30 price points."
107133.0,2253695,Jaipur,2253695,Ag Floor Mill,Retail,26.923858,75.80795,Rajasthan,Jaipur,Jaipur,Jaipur,Urban,Jalupura,,Balaji Enterprises,2.93,5.0,0.08,1.46,0.26,95.86,0.28,0.95,0.09,0.09,0.09,0.09,0.09,0.09,50,144,314,13.0,24.0,39.0,261.0,290.0,338.0,481.0,549.0,854.0,960.0,1419.0,1233.0,337.0,270.0,553.0,787.0,1426.0,4497.0,Medium (30 to 100),43.0,27.0,15.0,1.0,3755646.0,No,No,No,No,No,No,No,,,,,Others,Urban,1.5,No,105.0,<200 sqft,Micro Outlet,RAJASTHAN,Jaipur,yes,,,,,1890.9072,,2408.28,,,,1045.8816,,,,,,,1963.6344,,,2705.2032,4299.9957,,,,,,14313.9021,1431.39021,7.55,10,North India,Retail,296.3333333333333,515.0,907.0,1326.0,386.6666666666667,0.09,0.08,0.28,0.09,63.0,35.72,C,,0.0,1,0.0,1.0,1697.06,265.67,15.7,True,C+,1193.0,0.0,0.0,0.0,0.0,0.0,0.0,0.0,0.0,1,1.0,,,,1.0,2,4,Urban Transit Impulse GT,"This cluster consists of small urban GT outlets like paan kiosks, dairies, and tea shops, often near transit points. They cater to on-the-move shoppers seeking quick, affordable impulse purchases, with no premium category sales.","Prioritize counter-top displays and visible merchandising for single-serve, grab-and-go beverage and snack SKUs. Introduce combo offers (e.g., beverage + snack) at Rs. 20-30 price points."
117094.0,2446429,,2446429,Megha Video,Retail,25.794331,87.528776,Bihar,Purnia,Purnia East,Purnia,Urban,Shri Ram Colony,,Shankar Traders,4.2,0.29,4.21,217.31,2.09,0.0,1.13,214.59,5.45,214.59,214.59,214.59,214.59,214.59,7,25,48,0.0,0.0,0.0,19.0,22.0,22.0,38.0,53.0,63.0,75.0,99.0,85.0,38.0,45.0,264.0,104.0,145.0,463.0,Low (<30),231.0,37.0,5.0,0.0,36085.0,No,No,No,No,No,No,No,,,,,Others,,,No,70.0,<200 sqft,Micro Outlet,BIHAR,Balance,yes,490.9086,,,,2472.7248,,10346.4564,,,,,,,,,,381.8178,1363.635,,,9576.057,2927.2698,,,,,,27558.8694,2296.57245,11.25,12,East India,Retail,21.0,45.5,69.0,92.0,115.66666666666669,214.59,0.29,0.0,5.45,7.0,55.5,C,15.0,0.0,1,0.0,0.0,3056.06,759.48,24.9,True,C+,1011.0,0.0,0.0,0.0,0.0,0.0,0.0,0.0,0.0,1,1.0,,,,1.0,2,4,Urban Transit Impulse GT,"This cluster consists of small urban GT outlets like paan kiosks, dairies, and tea shops, often near transit points. They cater to on-the-move shoppers seeking quick, affordable impulse purchases, with no premium category sales.","Prioritize counter-top displays and visible merchandising for single-serve, grab-and-go beverage and snack SKUs. Introduce combo offers (e.g., beverage + snack) at Rs. 20-30 price points."
114720.0,1511337,Jabalpur,1511337,Ayushi Pan,Retail,23.187214,79.915636,Madhya Pradesh,Jabalpur,Jabalpur,Jabalpur,Urban,SBI Chowk Metro,Cig / Paan Kiosk,Prakash Brothers ? Sdp,5.89,0.4,0.9,137.29,0.36,410.83,2.42,1.21,0.2,0.2,0.2,0.2,0.2,0.2,13,53,106,3.0,9.0,25.0,101.0,110.0,134.0,235.0,271.0,441.0,449.0,382.0,383.0,69.0,70.0,43.0,386.0,763.0,1229.0,Medium (30 to 100),82.0,71.0,16.0,1.0,184070.0,Yes,No,No,No,No,No,No,Rs. 5,Rs. 5,,,GT,Urban,0.7,No,45.0,<200 sqft,Micro Outlet,MADHYA PRADESH,Jabalpur,yes,,,,,1709.0892,,344.04,,,,275.232,,,,,,,1890.9072,,,825.696,3472.7238,,,,,,8517.6882,1064.711025,8.75,8,MADHYA PRADESH,Retail,115.0,253.0,445.0,382.5,60.66666666666666,0.2,0.4,2.42,0.2,16.0,24.66,D,,0.0,1,0.0,1.0,2115.07,1050.36,49.7,True,D+,810.0,0.0,1.0,0.0,0.0,0.0,0.0,0.0,0.0,1,1.0,5.0,5.0,,1.0,1,4,Urban Transit Impulse GT,"This cluster consists of small urban GT outlets like paan kiosks, dairies, and tea shops, often near transit points. They cater to on-the-move shoppers seeking quick, affordable impulse purchases, with no premium category sales.","Prioritize counter-top displays and visible merchandising for single-serve, grab-and-go beverage and snack SKUs. Introduce combo offers (e.g., beverage + snack) at Rs. 20-30 price points."
116152.0,1385781,Chandrapur,1385781,Vaishnavi Restarent (Rod),Retail,19.951549,79.299791,Maharashtra,Chandrapur,Chandrapur,Chandrapur,Urban,Chandrapur,QSRs (Ind) Stand-alone,Khushi Agencies,2.72,0.29,0.13,131.4,0.51,404.25,0.98,131.18,0.5,127.69,127.69,127.69,127.69,127.69,19,58,105,3.0,8.0,17.0,670.0,1562.0,4205.0,4074.0,9065.0,13433.0,8681.0,11077.0,9670.0,4099.0,5160.0,2580.0,13041.0,25055.0,31062.0,High (>100),56.0,27.0,13.0,2.0,149829.0,No,No,No,No,No,No,No,,,,,Restaurants,,,Yes,220.0,200–300 sqft,Small Outlet,MAHARASHTRA,Chandrapur,yes,,,,,,,1609.107,,,,,,,,,,,,,,2904.5745,,,,,,,4513.6815,451.36815,2.0,10,MAHARASHTRA,Retail,2145.6666666666665,6569.5,11057.0,10373.5,3946.3333333333335,127.69,0.13,0.98,0.5,22.0,6.98,D,150.0,1.0,1,0.0,0.0,877.41,426.04,48.6,True,D+,1209.0,1.0,0.0,0.0,0.0,0.0,0.0,0.0,0.0,1,2.0,,,,1.0,1,4,Urban Transit Impulse GT,"This cluster consists of small urban GT outlets like paan kiosks, dairies, and tea shops, often near transit points. They cater to on-the-move shoppers seeking quick, affordable impulse purchases, with no premium category sales.","Prioritize counter-top displays and visible merchandising for single-serve, grab-and-go beverage and snack SKUs. Introduce combo offers (e.g., beverage + snack) at Rs. 20-30 price points."
107133.0,S01431540,Jaipur,S01431540,Sunil Restaurant,Retail,26.9174661,75.8372274,Rajasthan,Jaipur,Jaipur,Jaipur,Urban,Karnot Mahal,QSRs (Ind) Stand-alone,Khandelwal Marketing-Sdp,3.03,3.68,0.35,3.97,0.72,98.28,3.11,1.44,0.16,0.37,0.16,0.16,0.16,0.16,80,201,338,3.0,9.0,29.0,316.0,388.0,415.0,623.0,815.0,1257.0,1570.0,2843.0,2423.0,682.0,589.0,1574.0,1656.0,2480.0,7867.0,Medium (30 to 100),20.0,13.0,6.0,0.0,1802664.0,No,No,No,No,No,No,No,,,,,Restaurants,Urban,0.5,Yes,150.0,<200 sqft,Micro Outlet,RAJASTHAN,Jaipur,yes,,,,,2409.0885,272.727,1167.234,,,,279.7775,,,,,,,1127.2716,,,582.491,3845.4507,,,,,,9684.0403,880.3673,6.64,11,North India,Retail,373.0,719.0,1413.5,2633.0,948.3333333333334,0.16,0.35,3.11,0.16,83.0,18.82,D,,1.0,1,0.0,1.0,1640.95,760.58,46.3,True,D+,1019.0,1.0,0.0,0.0,0.0,0.0,0.0,0.0,0.0,1,1.0,,,,1.0,1,4,Urban Transit Impulse GT,"This cluster consists of small urban GT outlets like paan kiosks, dairies, and tea shops, often near transit points. They cater to on-the-move shoppers seeking quick, affordable impulse purchases, with no premium category sales.","Prioritize counter-top displays and visible merchandising for single-serve, grab-and-go beverage and snack SKUs. Introduce combo offers (e.g., beverage + snack) at Rs. 20-30 price points."
115456.0,1797314,,1797314,Loknath Tea Stall  Hat,Retail,22.762047,88.550762,West Bengal,N. 24 Parganas,Barasat - I,Nebadhai Duttapukur,Urban,Nebadhai Duttapukur,Tea Shop (Hot),Archana Enterprise - Rd,1.65,0.41,6.17,18.96,0.24,22.02,1.36,8.02,8.02,8.02,8.02,8.02,8.02,8.02,9,26,47,0.0,0.0,0.0,15.0,33.0,197.0,131.0,641.0,1066.0,898.0,1160.0,1043.0,442.0,568.0,284.0,2163.0,2110.0,2065.0,High (>100),0.0,0.0,0.0,0.0,148037.0,No,Yes,No,No,No,No,No,Rs. 5,,Rs. 5,,GT,,,No,100.0,<200 sqft,Micro Outlet,WEST BENGAL,Balance,yes,,,,,226.8773,,10916.1184,,,,,,,,,,,236.3634,,,8081.0268,608.6951,,,,,,20069.081,1672.423417,5.25,12,East India,Retail,81.66666666666667,386.0,982.0,1101.5,431.3333333333333,8.02,0.41,1.36,8.02,9.0,42.06,C,150.0,0.0,1,0.0,0.0,1416.07,-256.35,-18.1,False,C,1354.0,0.0,0.0,1.0,0.0,0.0,0.0,0.0,0.0,1,1.0,5.0,,5.0,1.0,2,4,Urban Transit Impulse GT,"This cluster consists of small urban GT outlets like paan kiosks, dairies, and tea shops, often near transit points. They cater to on-the-move shoppers seeking quick, affordable impulse purchases, with no premium category sales.","Prioritize counter-top displays and visible merchandising for single-serve, grab-and-go beverage and snack SKUs. Introduce combo offers (e.g., beverage + snack) at Rs. 20-30 price points."
112076.0,2413784,Kolkata,2413784,Karmakar Pan,Retail,22.595458,88.433887,West Bengal,N. 24 Parganas,Rajarhat Gopalpur unassignd,Rajarhat Gopalpur,Urban,Samarpally,Cig / Paan Kiosk,Dutson Enterprise,2.85,0.21,1.27,2.42,1.44,1.75,4.14,1.16,1.16,1.16,1.16,1.16,1.16,1.16,4,28,70,0.0,6.0,34.0,205.0,272.0,242.0,753.0,950.0,829.0,796.0,826.0,680.0,246.0,226.0,134.0,1825.0,1635.0,1623.0,Low (<30),0.0,0.0,0.0,0.0,70310.0,Yes,No,No,No,No,No,No,Rs. 5,Rs. 5,,,GT,Periphery,3.8,No,55.0,<200 sqft,Micro Outlet,WEST BENGAL,Kolkata,yes,1927.2708,,,,2708.693,709.0902,1541.2992,,,,330.2784,,,472.7268,,,399.9996,818.181,,,591.7488,5027.2677,,,,,,14526.5555,1320.595955,18.45,11,East India,Retail,239.66666666666663,851.5,812.5,753.0,202.0,1.16,0.21,1.75,1.16,4.0,32.74,C,15.0,0.0,1,0.0,0.0,5047.87,3727.27,73.8,True,C+,40.0,0.0,1.0,0.0,0.0,0.0,0.0,0.0,0.0,1,1.0,5.0,5.0,,1.0,2,4,Urban Transit Impulse GT,"This cluster consists of small urban GT outlets like paan kiosks, dairies, and tea shops, often near transit points. They cater to on-the-move shoppers seeking quick, affordable impulse purchases, with no premium category sales.","Prioritize counter-top displays and visible merchandising for single-serve, grab-and-go beverage and snack SKUs. Introduce combo offers (e.g., beverage + snack) at Rs. 20-30 price points."
113249.0,2400393,Jaipur,2400393,Manju Pan Bandar,Retail,26.936344,75.79531417,Rajasthan,Jaipur,Jaipur,Jaipur,Urban,Bani Park,Cig / Paan Kiosk,Balaji Enterprises,3.72,6.09,0.31,0.34,0.06,93.99,1.59,0.17,0.17,0.17,0.17,0.17,0.17,0.17,28,138,253,7.0,15.0,36.0,163.0,131.0,164.0,269.0,234.0,371.0,337.0,290.0,261.0,66.0,51.0,88.0,324.0,571.0,1224.0,Medium (30 to 100),71.0,48.0,38.0,15.0,4845634.0,Yes,No,No,No,No,No,No,Rs. 5,Rs. 5,,,GT,Urban,0.4,No,55.0,<200 sqft,Micro Outlet,RAJASTHAN,Jaipur,yes,,,,,11916.9882,181.818,,,,,55.0464,,,,,,,7612.644,,,68.808,9218.1726,,,,,,29053.4772,3631.68465,5.33,8,North India,Retail,152.66666666666666,251.5,354.0,275.5,68.33333333333333,0.17,0.31,1.59,0.17,35.0,72.32,B,,0.0,1,0.0,1.0,1062.72,-2568.97,-241.7,False,B,983.0,0.0,1.0,0.0,0.0,0.0,0.0,0.0,0.0,1,1.0,5.0,5.0,,1.0,3,4,Urban Transit Impulse GT,"This cluster consists of small urban GT outlets like paan kiosks, dairies, and tea shops, often near transit points. They cater to on-the-move shoppers seeking quick, affordable impulse purchases, with no premium category sales.","Prioritize counter-top displays and visible merchandising for single-serve, grab-and-go beverage and snack SKUs. Introduce combo offers (e.g., beverage + snack) at Rs. 20-30 price points."
102629.0,2582294,,2582294,Asha Milk Home,Retail,29.58201667,80.21696333,Uttaranchal,Pithoragarh,Pithoragarh,Pithoragarh,Urban,Pithoragarh,Dairy str,Saluja Ink Industries,5.8,0.11,79.21,102.48,29.93,0.0,58.17,210.59,53.61,210.59,210.59,210.59,210.59,210.59,31,56,73,0.0,0.0,0.0,155.0,296.0,938.0,747.0,1956.0,2963.0,2333.0,2772.0,1420.0,412.0,112.0,56.0,3682.0,4861.0,5899.0,High (>100),0.0,0.0,0.0,0.0,174807.0,No,No,No,No,No,No,No,,,,,GT,,,Yes,100.0,<200 sqft,Micro Outlet,UTTARANCHAL,Balance,yes,1236.3624,,,,10380.2296,745.4538,6357.3915,,,,4015.4856,,,872.7264,,,1418.1804,4119.3646,,,8397.6423,9885.369,,,,,,47428.2056,4311.655055,21.91,11,North India,Retail,463.0,1351.5,2648.0,2096.0,193.3333333333333,210.59,0.11,0.0,53.61,31.0,78.16,B,150.0,1.0,1,0.0,0.0,6671.64,2359.99,35.4,True,B+,222.0,1.0,0.0,0.0,0.0,0.0,0.0,0.0,0.0,1,1.0,,,,1.0,3,4,Urban Transit Impulse GT,"This cluster consists of small urban GT outlets like paan kiosks, dairies, and tea shops, often near transit points. They cater to on-the-move shoppers seeking quick, affordable impulse purchases, with no premium category sales.","Prioritize counter-top displays and visible merchandising for single-serve, grab-and-go beverage and snack SKUs. Introduce combo offers (e.g., beverage + snack) at Rs. 20-30 price points."
121459.0,1732874,Mumbai,1732874,Naveen Pb,Retail,19.074823,72.872492,Maharashtra,Mumbai (Combined),Mumbai,Mumbai (Grtr),Urban,Santacruz Kalina,Cig / Paan Kiosk,Karimah Enterprises,1.19,0.03,0.56,0.24,0.38,0.03,1.24,0.81,0.13,0.73,0.13,0.13,0.13,0.13,19,62,134,16.0,32.0,92.0,368.0,426.0,393.0,1037.0,960.0,1273.0,1623.0,1971.0,1538.0,403.0,131.0,275.0,1496.0,2389.0,4951.0,High (>100),197.0,708.0,330.0,74.0,285273.0,Yes,No,No,No,No,No,No,Rs. 5,Rs. 5,,,GT,Urban,4.6,No,45.0,<200 sqft,Micro Outlet,MAHARASHTRA,Mumbai,yes,,,,,3117.7848,,886.3725,,,,,,,,,,,,,,4977.3225,327.2724,,,,,,9308.7522,775.72935,2.42,12,MAHARASHTRA,Retail,395.6666666666667,998.5,1448.0,1754.5,269.6666666666667,0.13,0.03,0.03,0.13,35.0,16.0,D,150.0,0.0,1,0.0,1.0,345.72,-430.01,-124.4,False,D,1474.0,0.0,1.0,0.0,0.0,0.0,0.0,0.0,0.0,1,1.0,5.0,5.0,,1.0,1,4,Urban Transit Impulse GT,"This cluster consists of small urban GT outlets like paan kiosks, dairies, and tea shops, often near transit points. They cater to on-the-move shoppers seeking quick, affordable impulse purchases, with no premium category sales.","Prioritize counter-top displays and visible merchandising for single-serve, grab-and-go beverage and snack SKUs. Introduce combo offers (e.g., beverage + snack) at Rs. 20-30 price points."
117586.0,256997,Chandigarh,256997,Sachdeva Tea,Retail,30.717892,76.766284,Chandigarh,Chandigarh,Chandigarh,Chandigarh,Urban,"Sec 34, 35 & 44",Tea Shop (Hot),,,0.33,0.52,0.43,0.08,0.06,5.55,0.63,0.2,0.2,0.2,0.2,0.2,0.2,9,47,91,10.0,31.0,54.0,218.0,140.0,180.0,307.0,248.0,402.0,342.0,235.0,229.0,59.0,41.0,2.0,439.0,738.0,790.0,Medium (30 to 100),16.0,49.0,20.0,11.0,454092.0,No,Yes,No,No,No,No,No,Rs. 5,,Rs. 5,,GT,Urban,1.9,No,90.0,<200 sqft,Micro Outlet,CHANDIGARH,Chandigarh,yes,56531.9604,109.092,,,1345.4532,90.909,327.276,4559.6793,384.9923,,,,,15653.7396,,,28535.9403,454.545,,592.592,395.4585,1690.9074,481.481,,,,,111154.026,9262.8355,23.08,12,North India,Retail,179.33333333333334,277.5,372.0,232.0,34.0,0.2,0.33,0.06,0.2,19.0,93.4,A,,0.0,1,0.0,1.0,6429.26,-2833.57,-44.1,False,A,607.0,0.0,0.0,1.0,0.0,0.0,0.0,0.0,0.0,1,1.0,5.0,,5.0,1.0,4,4,Urban Transit Impulse GT,"This cluster consists of small urban GT outlets like paan kiosks, dairies, and tea shops, often near transit points. They cater to on-the-move shoppers seeking quick, affordable impulse purchases, with no premium category sales.","Prioritize counter-top displays and visible merchandising for single-serve, grab-and-go beverage and snack SKUs. Introduce combo offers (e.g., beverage + snack) at Rs. 20-30 price points."
115954.0,2265142,Surat,2265142,Mira Pan,Retail,21.246072,72.858377,Gujarat,Surat,Surat City,Surat,Urban,Kosad,Cig / Paan Kiosk,Shreeji Enterprise,7.7,0.42,0.73,8.16,3.98,63.98,1.43,4.28,0.65,0.65,0.65,0.65,0.65,0.65,11,50,79,2.0,6.0,11.0,33.0,50.0,52.0,88.0,160.0,253.0,321.0,478.0,420.0,107.0,100.0,274.0,363.0,629.0,1107.0,Medium (30 to 100),,,,,173973.0,Yes,No,No,No,No,No,No,Rs. 5,Rs. 5,,,GT,Urban,1.6,No,45.0,<200 sqft,Micro Outlet,GUJARAT,Surat,yes,,,,,7493.2754,,190.911,,,,,,,,,,,,,,954.555,654.5448,,,,,,9293.2862,844.8442,3.55,11,GUJARAT,Retail,45.0,124.0,287.0,449.0,160.33333333333334,0.65,0.42,1.43,0.65,13.0,17.8,D,,0.0,1,0.0,1.0,708.79,-136.05,-19.2,False,D,1440.0,0.0,1.0,0.0,0.0,0.0,0.0,0.0,0.0,1,1.0,5.0,5.0,,1.0,1,4,Urban Transit Impulse GT,"This cluster consists of small urban GT outlets like paan kiosks, dairies, and tea shops, often near transit points. They cater to on-the-move shoppers seeking quick, affordable impulse purchases, with no premium category sales.","Prioritize counter-top displays and visible merchandising for single-serve, grab-and-go beverage and snack SKUs. Introduce combo offers (e.g., beverage + snack) at Rs. 20-30 price points."
114480.0,2184636,,2184636,Bandhu Pan,Retail,23.077472,85.28018,Jharkhand,Ranchi,Khunti,Khunti,Urban,N'brhd No. 12,Cig / Paan Kiosk,Shivam Store - Th,5.74,0.08,20.85,33.68,0.35,0.0,15.34,23.0,0.78,19.68,19.04,19.68,19.04,19.04,14,23,33,0.0,0.0,0.0,8.0,11.0,10.0,24.0,35.0,43.0,42.0,54.0,49.0,12.0,12.0,25.0,34.0,82.0,180.0,Medium (30 to 100),0.0,0.0,0.0,0.0,93707.0,Yes,No,No,No,No,No,No,Rs. 5,Rs. 5,,,GT,,,No,60.0,<200 sqft,Micro Outlet,JHARKHAND,Balance,yes,399.9996,,,,1563.6348,,10596.015,,,,,,,54.5454,,,54.5454,90.909,,,90.91,427.2723,,,,,,13277.8315,1207.075591,4.18,11,East India,Retail,9.666666666666666,29.5,42.5,51.5,16.333333333333332,19.04,0.08,0.0,0.78,14.0,29.14,D,,0.0,1,0.0,0.0,905.41,-301.67,-33.3,False,D,1462.0,0.0,1.0,0.0,0.0,0.0,0.0,0.0,0.0,1,1.0,5.0,5.0,,1.0,1,4,Urban Transit Impulse GT,"This cluster consists of small urban GT outlets like paan kiosks, dairies, and tea shops, often near transit points. They cater to on-the-move shoppers seeking quick, affordable impulse purchases, with no premium category sales.","Prioritize counter-top displays and visible merchandising for single-serve, grab-and-go beverage and snack SKUs. Introduce combo offers (e.g., beverage + snack) at Rs. 20-30 price points."
120064.0,1909752,Kota,1909752,Galaxy Cyber Cafe,Retail,25.202829,75.830266,Rajasthan,Kota,Ladpura,Kota (Raj),Urban,Naya Khera,Internet Cafe,Jv Sales,2.58,121.88,2.86,15.99,0.51,272.55,5.54,1.33,0.64,0.64,0.64,0.64,0.64,0.64,8,53,125,0.0,0.0,3.0,53.0,49.0,60.0,87.0,112.0,181.0,187.0,219.0,191.0,37.0,38.0,45.0,165.0,338.0,611.0,Medium (30 to 100),39.0,54.0,45.0,45.0,3117698.0,No,No,No,No,No,No,No,,,,,Others,Urban,1.4,No,145.0,<200 sqft,Micro Outlet,RAJASTHAN,Kota,yes,31960.443,,,,11765.208,1999.998,,2218.1796,,,,,,6245.0532,,,19373.8941,1636.362,,,137.616,12962.4404,,,,,,88299.1943,7358.266192,24.58,12,North India,Retail,54.0,99.5,184.0,205.0,40.0,0.64,2.86,5.54,0.64,8.0,89.66,A,,0.0,1,0.0,1.0,6990.19,-368.08,-5.3,False,A,366.0,0.0,0.0,0.0,0.0,0.0,0.0,0.0,0.0,1,1.0,,,,1.0,4,4,Urban Transit Impulse GT,"This cluster consists of small urban GT outlets like paan kiosks, dairies, and tea shops, often near transit points. They cater to on-the-move shoppers seeking quick, affordable impulse purchases, with no premium category sales.","Prioritize counter-top displays and visible merchandising for single-serve, grab-and-go beverage and snack SKUs. Introduce combo offers (e.g., beverage + snack) at Rs. 20-30 price points."
107133.0,S01285921,Jaipur,S01285921,Raja Pan Shop,Retail,26.915522,75.809503,Rajasthan,Jaipur,Jaipur,Jaipur,Urban,Civil Lines,Cig / Paan Kiosk,Balaji Enterprises,2.4,4.13,0.6,1.36,0.33,96.67,1.22,0.04,0.04,0.04,0.04,0.04,0.04,0.04,32,132,299,9.0,26.0,48.0,125.0,126.0,150.0,249.0,242.0,394.0,423.0,502.0,439.0,115.0,90.0,135.0,335.0,609.0,1732.0,High (>100),72.0,49.0,44.0,16.0,12136126.0,Yes,No,No,No,No,No,No,Rs. 5,Rs. 5,,,GT,Urban,2.3,No,70.0,<200 sqft,Micro Outlet,RAJASTHAN,Jaipur,yes,13915.4016,,,,6082.999,,,541.5015,,,,,,6482.9976,,,7388.9256,218.1816,,,,1272.726,,,,,,35902.7329,2991.894408,12.83,12,North India,Retail,133.66666666666666,245.5,408.5,470.5,113.33333333333331,0.04,0.6,1.22,0.04,41.0,65.74,B,150.0,0.0,1,0.0,1.0,3287.86,295.97,9.0,True,B+,656.0,0.0,1.0,0.0,0.0,0.0,0.0,0.0,0.0,1,1.0,5.0,5.0,,1.0,3,4,Urban Transit Impulse GT,"This cluster consists of small urban GT outlets like paan kiosks, dairies, and tea shops, often near transit points. They cater to on-the-move shoppers seeking quick, affordable impulse purchases, with no premium category sales.","Prioritize counter-top displays and visible merchandising for single-serve, grab-and-go beverage and snack SKUs. Introduce combo offers (e.g., beverage + snack) at Rs. 20-30 price points."
102350.0,2632010,,2632010,Janta Dhaba,Retail,28.481738,79.444578,Uttar Pradesh,Bareilly,Bareilly,Rampura Mafi,Rural,,N. Ind Restaurnt,Gargi Enterprises-Bareilly-Sdp,12.83,0.9,0.18,10.54,1.14,1.03,1.4,9.76,6.22,6.22,6.22,6.22,6.22,6.22,6,18,39,2.0,3.0,3.0,4.0,4.0,4.0,16.0,3.0,43.0,68.0,114.0,151.0,85.0,82.0,31.0,26.0,46.0,494.0,Low (<30),32.0,13.0,16.0,8.0,38636.0,No,No,No,No,No,No,No,,,,,Restaurants,,,Yes,135.0,<200 sqft,Micro Outlet,UTTAR PRADESH,Bareilly,yes,,,,,5872.7214,181.818,1741.077,,,,1714.2912,,,,,,,13990.8951,,,683.0379,19535.9502,,,,,,43719.7908,3974.526436,8.36,11,UTTAR PRADESH,Retail,4.0,9.5,55.5,132.5,66.0,6.22,0.18,1.03,6.22,8.0,75.36,B,15.0,1.0,1,0.0,0.0,2803.62,-1170.9,-41.8,False,B,898.0,1.0,0.0,0.0,0.0,0.0,0.0,0.0,0.0,1,1.0,,,,0.0,3,4,Urban Transit Impulse GT,"This cluster consists of small urban GT outlets like paan kiosks, dairies, and tea shops, often near transit points. They cater to on-the-move shoppers seeking quick, affordable impulse purchases, with no premium category sales.","Prioritize counter-top displays and visible merchandising for single-serve, grab-and-go beverage and snack SKUs. Introduce combo offers (e.g., beverage + snack) at Rs. 20-30 price points."
120700.0,2568150,,2568150,Chamunda Pan And Coldrinks,Retail,21.604938,71.225638,Gujarat,Amreli,Amreli,Amreli,Urban,Amreli,Cig / Paan Kiosk,Bipin Trading Company,2.06,0.09,31.89,85.25,62.72,28.7,0.4,28.73,17.09,17.09,17.09,17.09,17.09,17.09,21,55,68,0.0,0.0,0.0,151.0,344.0,1232.0,1023.0,3032.0,4727.0,2808.0,3555.0,2993.0,1261.0,1510.0,755.0,3521.0,6960.0,13756.0,High (>100),,,,,184560.0,Yes,No,No,No,No,No,No,Rs. 5,Rs. 5,,,GT,,,No,55.0,<200 sqft,Micro Outlet,GUJARAT,Balance,yes,327.2724,,9.0909,,4173.91,272.727,,,,,,,,,,,,,,,,272.727,,,,,,5055.7273,561.747478,2.22,9,GUJARAT,Retail,575.6666666666666,2027.5,3767.5,3274.0,1175.3333333333333,17.09,0.09,0.4,17.09,21.0,9.6,D,150.0,0.0,1,0.0,0.0,379.98,-181.77,-47.8,False,D,1446.0,0.0,1.0,0.0,0.0,0.0,0.0,0.0,0.0,1,1.0,5.0,5.0,,1.0,1,4,Urban Transit Impulse GT,"This cluster consists of small urban GT outlets like paan kiosks, dairies, and tea shops, often near transit points. They cater to on-the-move shoppers seeking quick, affordable impulse purchases, with no premium category sales.","Prioritize counter-top displays and visible merchandising for single-serve, grab-and-go beverage and snack SKUs. Introduce combo offers (e.g., beverage + snack) at Rs. 20-30 price points."
118788.0,S01467026,Faridabad,S01467026,Madan Tea Stall A,Retail,28.3882026,77.2882074,Haryana,Faridabad,Faridabad,Faridabad,Urban,Adarsh Colony,Tea Shop (Hot),Ambaji Corp - SDP,1.5,0.28,0.82,2.75,0.24,0.0,2.44,1.08,0.25,0.25,0.25,0.25,0.25,0.25,22,98,180,4.0,14.0,27.0,357.0,293.0,351.0,696.0,655.0,1008.0,904.0,969.0,850.0,149.0,170.0,348.0,864.0,1699.0,3398.0,Medium (30 to 100),17.0,25.0,7.0,1.0,153751.0,No,Yes,No,No,No,No,No,Rs. 5,,Rs. 5,,GT,Urban,0.8,No,85.0,<200 sqft,Micro Outlet,HARYANA,Faridabad,yes,1667.1849,,,,1863.6336,63.6363,,72.7272,,,,,,436.3632,,,797.6241,518.1813,,,,3209.0868,,,,,,8628.4374,719.03645,17.25,12,North India,Retail,333.6666666666667,675.5,956.0,909.5,222.3333333333333,0.25,0.28,0.0,0.25,26.0,14.36,D,,0.0,1,0.0,1.0,4660.24,3941.2,84.6,True,D+,27.0,0.0,0.0,1.0,0.0,0.0,0.0,0.0,0.0,1,1.0,5.0,,5.0,1.0,1,4,Urban Transit Impulse GT,"This cluster consists of small urban GT outlets like paan kiosks, dairies, and tea shops, often near transit points. They cater to on-the-move shoppers seeking quick, affordable impulse purchases, with no premium category sales.","Prioritize counter-top displays and visible merchandising for single-serve, grab-and-go beverage and snack SKUs. Introduce combo offers (e.g., beverage + snack) at Rs. 20-30 price points."
120883.0,S00855782,Asansol,S00855782,Laltu Pan Shop,Retail,23.704213,86.920755,West Bengal,Barddhaman,Asansol unassignd,Asansol,Urban,Chotodighari,Cig / Paan Kiosk,Mahakal Food - Tt,5.24,1.5,3.32,41.79,1.13,53.72,0.85,2.79,0.5,0.5,0.5,0.5,0.5,0.5,4,15,34,0.0,0.0,1.0,2.0,5.0,16.0,15.0,38.0,58.0,39.0,51.0,48.0,21.0,32.0,16.0,63.0,95.0,190.0,Medium (30 to 100),276.0,75.0,9.0,0.0,165235.0,Yes,No,No,No,No,No,No,Rs. 5,Rs. 5,,,GT,Urban,0.6,No,65.0,<200 sqft,Micro Outlet,WEST BENGAL,Asansol,yes,54.5454,,,,327.2724,,1332.123,,,,,,,,,,,109.0908,,,1484.001,109.0908,,,,,,3416.1234,427.015425,4.13,8,East India,Retail,7.666666666666667,26.5,48.5,49.5,23.0,0.5,1.5,0.85,0.5,4.0,6.3,D,,0.0,1,0.0,1.0,913.09,486.07,53.2,True,D+,1175.0,0.0,1.0,0.0,0.0,0.0,0.0,0.0,0.0,1,1.0,5.0,5.0,,1.0,1,4,Urban Transit Impulse GT,"This cluster consists of small urban GT outlets like paan kiosks, dairies, and tea shops, often near transit points. They cater to on-the-move shoppers seeking quick, affordable impulse purchases, with no premium category sales.","Prioritize counter-top displays and visible merchandising for single-serve, grab-and-go beverage and snack SKUs. Introduce combo offers (e.g., beverage + snack) at Rs. 20-30 price points."
103735.0,S01406454,Mumbai,S01406454,Shiv Mangal Dairy,Retail,19.109998,72.850241,Maharashtra,Mumbai (Combined),Mumbai,Mumbai (Grtr),Urban,Santacruz E.,Dairy str,Chetana Trading,2.95,0.16,0.18,0.51,0.12,0.1,0.91,0.65,0.11,0.11,0.11,0.11,0.11,0.11,22,88,166,6.0,59.0,91.0,347.0,314.0,321.0,722.0,527.0,726.0,827.0,845.0,696.0,189.0,74.0,73.0,1020.0,1466.0,2152.0,High (>100),178.0,234.0,146.0,199.0,341416.0,No,No,No,No,No,No,No,,,,,GT,Urban,2.8,Yes,95.0,<200 sqft,Micro Outlet,MAHARASHTRA,Mumbai,yes,2665.6101,,1454.544,,26915.7889,3668.7716,,109.0908,,,,,,,,,2139.9189,2049.801,1663.6347,,,40926.0501,,,,,,81593.2101,6799.434175,22.42,12,MAHARASHTRA,Retail,327.3333333333333,624.5,776.5,770.5,112.0,0.11,0.16,0.1,0.11,28.0,88.3,A,150.0,1.0,1,0.0,1.0,6450.29,-349.15,-5.4,False,A,363.0,1.0,0.0,0.0,0.0,0.0,0.0,0.0,0.0,1,1.0,,,,1.0,4,4,Urban Transit Impulse GT,"This cluster consists of small urban GT outlets like paan kiosks, dairies, and tea shops, often near transit points. They cater to on-the-move shoppers seeking quick, affordable impulse purchases, with no premium category sales.","Prioritize counter-top displays and visible merchandising for single-serve, grab-and-go beverage and snack SKUs. Introduce combo offers (e.g., beverage + snack) at Rs. 20-30 price points."
120087.0,2758775,,2758775,Sharma Gift House,Retail,25.607535,85.485792,Bihar,Vaishali,Mahnar,Mahnar Bazar,Urban,Mahnar Bazar,Stationary Str,Jay Shree Traders - Rd,1.47,0.12,25.04,31.34,6.88,0.0,5.51,32.15,23.59,23.59,23.59,23.59,23.59,23.59,10,24,48,0.0,0.0,0.0,5.0,16.0,140.0,105.0,745.0,1308.0,750.0,998.0,1198.0,552.0,1394.0,697.0,778.0,1381.0,6817.0,Medium (30 to 100),0.0,0.0,0.0,0.0,67515.0,No,No,No,No,No,No,No,,,,,GT,,,No,100.0,<200 sqft,Micro Outlet,BIHAR,Balance,yes,1018.1808,,,,2224.5054,90.909,12384.619,,,,59.0915,,,,,,509.0904,327.2724,,,12283.1174,6445.0542,,,,,,35341.8401,4417.730013,10.75,8,East India,Retail,53.66666666666666,425.0,1029.0,1098.0,881.0,23.59,0.12,0.0,23.59,10.0,78.94,B,,0.0,1,0.0,0.0,3035.66,-1382.07,-45.5,False,B,920.0,0.0,0.0,0.0,0.0,0.0,0.0,0.0,0.0,1,1.0,,,,1.0,3,4,Urban Transit Impulse GT,"This cluster consists of small urban GT outlets like paan kiosks, dairies, and tea shops, often near transit points. They cater to on-the-move shoppers seeking quick, affordable impulse purchases, with no premium category sales.","Prioritize counter-top displays and visible merchandising for single-serve, grab-and-go beverage and snack SKUs. Introduce combo offers (e.g., beverage + snack) at Rs. 20-30 price points."
118772.0,2606326,Ahmadabad,2606326,Khodal Tea,Retail,22.981852,72.663755,Gujarat,Ahmedabad,Ahmedabad City,Ahmedabad,Urban,Ramol-Hathijan,Tea Shop (Hot),Nisarg Services And Sales Pvt Ltd,4.36,0.17,2.78,10.69,4.3,0.47,1.75,0.94,0.94,0.94,0.94,0.94,0.94,0.94,12,30,68,0.0,0.0,1.0,53.0,100.0,145.0,182.0,217.0,289.0,164.0,211.0,205.0,77.0,62.0,31.0,312.0,621.0,929.0,Low (<30),,,,,192665.0,No,Yes,No,No,No,No,No,Rs. 5,,Rs. 5,,GT,Urban,1.2,No,80.0,<200 sqft,Micro Outlet,GUJARAT,Ahmadabad,yes,,,,,3181.815,,204.5475,,,,,,,,,,,,,,136.365,327.2724,,,,,,3849.9999,641.66665,3.17,6,GUJARAT,Retail,99.33333333333331,199.5,226.5,208.0,56.66666666666666,0.94,0.17,0.47,0.94,12.0,11.86,D,15.0,0.0,1,0.0,1.0,585.39,-56.27,-9.6,False,D,1422.0,0.0,0.0,1.0,0.0,0.0,0.0,0.0,0.0,1,1.0,5.0,,5.0,1.0,1,4,Urban Transit Impulse GT,"This cluster consists of small urban GT outlets like paan kiosks, dairies, and tea shops, often near transit points. They cater to on-the-move shoppers seeking quick, affordable impulse purchases, with no premium category sales.","Prioritize counter-top displays and visible merchandising for single-serve, grab-and-go beverage and snack SKUs. Introduce combo offers (e.g., beverage + snack) at Rs. 20-30 price points."
112197.0,2558377,,2558377,Amma Fancy And General Store,Retail,12.813098,74.995722,Karnataka,Dakshina Kannada,Bantval,Ira,Rural,,Cosmetc / Fancy Str (Stand-alone),Shri Parthasarathi Enterprises,12.96,1.84,5.52,18.17,2.42,6.68,7.85,15.33,3.49,3.83,3.49,3.83,3.49,3.49,2,3,8,0.0,0.0,0.0,6.0,20.0,34.0,25.0,2.0,147.0,240.0,246.0,396.0,144.0,119.0,44.0,145.0,307.0,864.0,Low (<30),54.0,5.0,0.0,0.0,334132.0,No,No,No,No,No,No,No,Rs. 5,,,,GT,,,No,85.0,<200 sqft,Micro Outlet,KARNATAKA,Balance,yes,,,909.09,,90.909,4814.225,15819.2477,,,,,,,,,,,,,,8683.008,5913.4335,,,,,,36229.9132,3019.159433,16.0,12,West India,Retail,20.0,13.5,193.5,321.0,102.33333333333331,3.49,1.84,6.68,3.49,2.0,66.16,B,15.0,0.0,1,0.0,0.0,4607.52,1588.36,34.5,True,B+,368.0,0.0,0.0,0.0,0.0,0.0,0.0,0.0,0.0,1,1.0,5.0,,,0.0,3,4,Urban Transit Impulse GT,"This cluster consists of small urban GT outlets like paan kiosks, dairies, and tea shops, often near transit points. They cater to on-the-move shoppers seeking quick, affordable impulse purchases, with no premium category sales.","Prioritize counter-top displays and visible merchandising for single-serve, grab-and-go beverage and snack SKUs. Introduce combo offers (e.g., beverage + snack) at Rs. 20-30 price points."
114722.0,1526415,,1526415,Maa Kali Pan Shop,Retail,27.237143,94.107301,Assam,Lakhimpur,North Lakhimpur,North Lakhimpur,Urban,North Lakhimpur,Cig / Paan Kiosk,P P Marketing,11.8,0.27,2.7,257.23,0.42,30.7,1.94,0.17,0.09,0.17,0.17,0.17,0.17,0.17,24,44,73,0.0,0.0,1.0,191.0,374.0,894.0,836.0,1653.0,2398.0,1572.0,2001.0,1719.0,751.0,1069.0,535.0,3023.0,4328.0,6127.0,High (>100),0.0,0.0,0.0,0.0,254735.0,Yes,No,No,No,No,No,No,Rs. 5,Rs. 5,,,GT,,,No,50.0,<200 sqft,Micro Outlet,ASSAM,Balance,yes,1779.4449,,,,2441.5001,99.9999,9.091,,,,,,,1909.089,,,909.09,2509.0884,,,4.5872,6454.1451,,,,,,16116.0356,1343.002967,15.25,12,Northeast India,Retail,486.3333333333333,1244.5,1985.0,1860.0,785.0,0.17,0.27,1.94,0.09,24.0,33.32,C,150.0,0.0,1,0.0,0.0,3991.16,2648.16,66.4,True,C+,192.0,0.0,1.0,0.0,0.0,0.0,0.0,0.0,0.0,1,1.0,5.0,5.0,,1.0,2,4,Urban Transit Impulse GT,"This cluster consists of small urban GT outlets like paan kiosks, dairies, and tea shops, often near transit points. They cater to on-the-move shoppers seeking quick, affordable impulse purchases, with no premium category sales.","Prioritize counter-top displays and visible merchandising for single-serve, grab-and-go beverage and snack SKUs. Introduce combo offers (e.g., beverage + snack) at Rs. 20-30 price points."
103425.0,S01440686,Vizianagaram,S01440686,Master Fruits,Retail,18.109114,83.411876,Andhra Pradesh,Vizianagaram,Vizianagaram,Vizianagaram,Urban,Vizianagaram,Fruit / Veg Str,Sri.P.Satyanarayana & Sons,2.03,0.13,0.29,39.33,1.54,0.0,1.71,32.99,0.82,31.94,27.03,31.94,27.03,27.03,44,103,145,57.0,73.0,77.0,364.0,809.0,2774.0,2321.0,6576.0,10112.0,7549.0,9590.0,7893.0,3391.0,4359.0,2180.0,12149.0,22755.0,18962.0,High (>100),70.0,63.0,19.0,3.0,108487.0,No,No,No,No,No,No,No,,,,,GT,,,No,135.0,<200 sqft,Micro Outlet,ANDHRA PRADESH,Vizianagaram,yes,,,,,1145.4534,127.2726,2327.2952,,,,,,,,,,,,,,1322.9486,2772.7245,,,,,,7695.6943,769.56943,11.3,10,South India,Retail,1315.6666666666667,4448.5,8830.5,8741.5,3310.0,27.03,0.13,0.0,0.82,101.0,15.78,D,150.0,0.0,1,0.0,0.0,2889.0,2119.43,73.4,True,D+,206.0,0.0,0.0,0.0,0.0,0.0,0.0,0.0,0.0,1,1.0,,,,1.0,1,4,Urban Transit Impulse GT,"This cluster consists of small urban GT outlets like paan kiosks, dairies, and tea shops, often near transit points. They cater to on-the-move shoppers seeking quick, affordable impulse purchases, with no premium category sales.","Prioritize counter-top displays and visible merchandising for single-serve, grab-and-go beverage and snack SKUs. Introduce combo offers (e.g., beverage + snack) at Rs. 20-30 price points."
117901.0,2605803,,2605803,Sonu Paan,Retail,25.120814,85.457499,Bihar,Nalanda,Silao,Mohanpur,Rural,,Cig / Paan Kiosk,Durga Enterprises.,11.84,3.51,9.13,58.94,0.04,0.0,0.61,57.95,48.6,54.19,54.19,54.19,54.19,54.19,7,20,33,0.0,0.0,0.0,7.0,9.0,12.0,59.0,27.0,67.0,97.0,160.0,203.0,124.0,125.0,49.0,70.0,118.0,652.0,Low (<30),0.0,0.0,0.0,0.0,18164.0,Yes,No,No,No,No,No,No,Rs. 5,Rs. 5,,,GT,,,No,40.0,<200 sqft,Micro Outlet,BIHAR,Balance,yes,,,,,7428.4548,,5622.162,,,,,,,,,,,,,,7124.382,6272.721,,,,,,26447.7198,2404.338164,6.64,11,East India,Retail,9.333333333333334,43.0,82.0,181.5,99.33333333333331,54.19,3.51,0.0,48.6,7.0,56.9,C,15.0,0.0,1,0.0,0.0,2141.16,-263.17,-12.3,False,C,1355.0,0.0,1.0,0.0,0.0,0.0,0.0,0.0,0.0,1,1.0,5.0,5.0,,0.0,2,4,Urban Transit Impulse GT,"This cluster consists of small urban GT outlets like paan kiosks, dairies, and tea shops, often near transit points. They cater to on-the-move shoppers seeking quick, affordable impulse purchases, with no premium category sales.","Prioritize counter-top displays and visible merchandising for single-serve, grab-and-go beverage and snack SKUs. Introduce combo offers (e.g., beverage + snack) at Rs. 20-30 price points."
119772.0,2414463,,2414463,Jalaram Khaman House,Retail,21.065123,73.373244,Gujarat,Surat,Vyara,Kapura,Rural,,,Bhavya Enterprise,17.29,4.86,40.23,59.75,14.68,61.45,5.99,56.71,22.8,33.77,33.77,33.77,33.77,33.77,2,4,8,0.0,0.0,0.0,22.0,21.0,20.0,35.0,7.0,80.0,126.0,115.0,194.0,82.0,89.0,36.0,107.0,219.0,356.0,Low (<30),,,,,141203.0,No,No,No,No,No,No,No,,,,,Others,,,No,105.0,<200 sqft,Micro Outlet,GUJARAT,Balance,yes,2036.3616,,,,4488.536,86.957,204.5475,218.1816,,,,,,163.6362,,,1490.9076,,,,613.6425,4740.7074,,,,,,14043.4774,1170.289783,5.33,12,GUJARAT,Retail,21.0,21.0,103.0,154.5,69.0,33.77,4.86,5.99,22.8,2.0,27.78,D,15.0,0.0,1,0.0,0.0,1758.46,588.17,33.4,True,D+,1130.0,0.0,0.0,0.0,0.0,0.0,0.0,0.0,0.0,1,1.0,,,,0.0,1,4,Urban Transit Impulse GT,"This cluster consists of small urban GT outlets like paan kiosks, dairies, and tea shops, often near transit points. They cater to on-the-move shoppers seeking quick, affordable impulse purchases, with no premium category sales.","Prioritize counter-top displays and visible merchandising for single-serve, grab-and-go beverage and snack SKUs. Introduce combo offers (e.g., beverage + snack) at Rs. 20-30 price points."
120263.0,2739453,,2739453,Ajeet Paan,Retail,25.648195,84.88363,Bihar,Patna,Maner,Maner,Urban,Maner,Cig / Paan Kiosk,Adarsh Enterprises-Rd,3.42,0.15,12.15,25.65,0.21,0.0,9.39,20.5,16.3,18.69,18.69,18.69,18.69,18.69,12,25,43,0.0,0.0,0.0,11.0,45.0,182.0,201.0,671.0,1061.0,752.0,959.0,825.0,378.0,693.0,346.0,554.0,963.0,5219.0,High (>100),0.0,0.0,0.0,0.0,181344.0,Yes,No,No,No,No,No,No,Rs. 5,Rs. 5,,,GT,,,No,50.0,<200 sqft,Micro Outlet,BIHAR,Balance,yes,454.545,,,,418.1814,,2751.069,,,,,,,,,,,,,,2681.6355,2509.0884,,,,,,8814.5193,1259.217043,7.0,7,East India,Retail,79.33333333333333,436.0,906.5,892.0,472.3333333333333,18.69,0.15,0.0,16.3,12.0,30.9,C,150.0,0.0,1,0.0,0.0,1755.23,496.02,28.3,True,C+,1121.0,0.0,1.0,0.0,0.0,0.0,0.0,0.0,0.0,1,1.0,5.0,5.0,,1.0,2,4,Urban Transit Impulse GT,"This cluster consists of small urban GT outlets like paan kiosks, dairies, and tea shops, often near transit points. They cater to on-the-move shoppers seeking quick, affordable impulse purchases, with no premium category sales.","Prioritize counter-top displays and visible merchandising for single-serve, grab-and-go beverage and snack SKUs. Introduce combo offers (e.g., beverage + snack) at Rs. 20-30 price points."
114076.0,2365793,,2365793,Jai Shree Shyam Hotel,AFH - Others,27.165508,75.731493,Rajasthan,Jaipur,Chomu,Chomu,Urban,Chomu,S. Ind Restaurnt,Maa Vaisno Bakeries - Rdb,4.46,27.02,17.76,26.23,7.5,71.28,2.98,21.88,0.79,17.03,17.03,17.03,17.03,17.03,11,55,85,0.0,0.0,0.0,77.0,172.0,566.0,486.0,1319.0,2025.0,1259.0,1581.0,1246.0,498.0,462.0,231.0,777.0,2038.0,8602.0,High (>100),0.0,0.0,0.0,0.0,253666.0,No,No,No,No,No,No,No,,,,,Restaurants,,,Yes,175.0,<200 sqft,Micro Outlet,RAJASTHAN,Balance,yes,30726.0675,,,,6345.4482,,,1454.544,,,,,,17090.892,,,37215.8634,2509.0884,,,,7109.0838,,,,,,102450.9873,8537.582275,10.58,12,North India,OPSC21-AFH - Others,271.6666666666667,902.5,1642.0,1413.5,397.0,17.03,17.76,2.98,0.79,11.0,92.04,A,150.0,1.0,1,0.0,0.0,3329.69,-5207.9,-156.4,False,A,762.0,1.0,0.0,0.0,0.0,0.0,0.0,0.0,0.0,1,1.0,,,,1.0,4,4,Urban Transit Impulse GT,"This cluster consists of small urban GT outlets like paan kiosks, dairies, and tea shops, often near transit points. They cater to on-the-move shoppers seeking quick, affordable impulse purchases, with no premium category sales.","Prioritize counter-top displays and visible merchandising for single-serve, grab-and-go beverage and snack SKUs. Introduce combo offers (e.g., beverage + snack) at Rs. 20-30 price points."
117817.0,2434658,,2434658,Sonu Pan Palace,Retail,26.088119,85.015167,Bihar,Muzaffarpur,Paroo,Jafarpur Asli,Rural,,Cig / Paan Kiosk,S Traders,4.32,9.51,32.09,36.95,0.03,0.0,19.1,34.9,34.9,34.9,34.9,34.9,34.9,34.9,6,22,49,0.0,0.0,0.0,16.0,18.0,20.0,70.0,33.0,80.0,115.0,178.0,227.0,122.0,101.0,37.0,117.0,164.0,621.0,Low (<30),0.0,0.0,0.0,0.0,24178.0,Yes,No,No,No,No,No,No,Rs. 5,Rs. 5,,,GT,,,No,45.0,<200 sqft,Micro Outlet,BIHAR,Balance,yes,218.1816,,,,1469.169,,26987.2112,,,,72.9782,,,,,,727.272,90.909,,,38702.028,2088.5358,,,,,,70356.2848,5863.023733,11.33,12,East India,Retail,18.0,51.5,97.5,202.5,86.66666666666667,34.9,9.51,0.0,34.9,6.0,85.48,A,15.0,0.0,1,0.0,0.0,3407.84,-2455.18,-72.0,False,A,572.0,0.0,1.0,0.0,0.0,0.0,0.0,0.0,0.0,1,1.0,5.0,5.0,,0.0,4,4,Urban Transit Impulse GT,"This cluster consists of small urban GT outlets like paan kiosks, dairies, and tea shops, often near transit points. They cater to on-the-move shoppers seeking quick, affordable impulse purchases, with no premium category sales.","Prioritize counter-top displays and visible merchandising for single-serve, grab-and-go beverage and snack SKUs. Introduce combo offers (e.g., beverage + snack) at Rs. 20-30 price points."
120504.0,1554558,,1554558,Ranjan Battle Shop,Retail,21.506458,86.91102,Orissa,Baleshwar,Baleshwar,Baleshwar,Urban,Baleshwar,Cig / Paan Kiosk,Sarojini Enterprises,6.48,0.47,3.08,134.81,0.67,0.0,1.11,155.44,1.19,150.71,150.71,150.71,150.71,150.71,12,47,84,0.0,0.0,1.0,319.0,639.0,1812.0,1565.0,3670.0,5497.0,3341.0,4338.0,4324.0,1876.0,2870.0,1435.0,6865.0,10388.0,14630.0,High (>100),0.0,0.0,0.0,0.0,392938.0,Yes,No,No,No,No,No,No,Rs. 5,Rs. 5,,,GT,,,No,60.0,<200 sqft,Micro Outlet,ORISSA,Balance,yes,6053.7498,,,,10031.6164,1172.3322,5888.34,695.652,,,,,,1410.2754,,,4799.2056,2362.8462,,,4581.3,17624.4978,,,,,,54619.8154,4965.437764,31.0,11,East India,Retail,923.3333333333334,2617.5,4419.0,4331.0,2060.333333333333,150.71,0.47,0.0,1.19,12.0,82.06,A,150.0,0.0,1,0.0,0.0,8593.67,3628.24,42.2,True,A+,16.0,0.0,1.0,0.0,0.0,0.0,0.0,0.0,0.0,1,1.0,5.0,5.0,,1.0,4,4,Urban Transit Impulse GT,"This cluster consists of small urban GT outlets like paan kiosks, dairies, and tea shops, often near transit points. They cater to on-the-move shoppers seeking quick, affordable impulse purchases, with no premium category sales.","Prioritize counter-top displays and visible merchandising for single-serve, grab-and-go beverage and snack SKUs. Introduce combo offers (e.g., beverage + snack) at Rs. 20-30 price points."
116751.0,2388226,,2388226,Parmatma Pan,Retail,23.85037967,79.56816863,Madhya Pradesh,Damoh,Damoh,Gunji,Rural,,Cig / Paan Kiosk,Khanuja Sales,8.24,5.25,80.27,82.43,13.42,390.83,0.66,81.12,12.79,80.88,80.88,80.88,80.88,80.88,2,6,16,0.0,0.0,0.0,3.0,3.0,2.0,11.0,3.0,23.0,35.0,66.0,87.0,270.0,140.0,60.0,85.0,127.0,344.0,Low (<30),0.0,0.0,0.0,0.0,42614.0,Yes,No,No,No,No,No,No,Rs. 5,Rs. 5,,,GT,,,No,45.0,<200 sqft,Micro Outlet,MADHYA PRADESH,Balance,yes,454.545,,,,5405.53,,5258.516,,,,933.7872,,,,,,,1413.438,,,4459.8428,6799.2054,,,,,,24724.8644,2247.714945,11.55,11,MADHYA PRADESH,Retail,2.6666666666666665,7.0,29.0,76.5,156.66666666666666,80.88,5.25,0.66,12.79,2.0,54.64,C,15.0,0.0,1,0.0,0.0,3290.73,1043.01,31.7,True,C+,881.0,0.0,1.0,0.0,0.0,0.0,0.0,0.0,0.0,1,1.0,5.0,5.0,,0.0,2,4,Urban Transit Impulse GT,"This cluster consists of small urban GT outlets like paan kiosks, dairies, and tea shops, often near transit points. They cater to on-the-move shoppers seeking quick, affordable impulse purchases, with no premium category sales.","Prioritize counter-top displays and visible merchandising for single-serve, grab-and-go beverage and snack SKUs. Introduce combo offers (e.g., beverage + snack) at Rs. 20-30 price points."
101035.0,S00171329,Delhi,S00171329,Delhi State Fruit And Veg Co Op Federati,Retail,28.524906,77.206018,Delhi,Delhi,Delhi,Delhi,Urban,Lado Sarai,Fruit / Veg Mandi,Nirman Retail Holdings,5.08,0.1,0.37,1.07,0.14,0.33,0.48,0.21,0.16,0.21,0.21,0.21,0.21,0.21,18,51,105,2.0,16.0,41.0,873.0,508.0,620.0,1252.0,837.0,1407.0,1448.0,1212.0,1126.0,365.0,120.0,33.0,1616.0,2592.0,3738.0,Low (<30),23.0,96.0,611.0,278.0,439236.0,No,No,No,No,No,No,No,,,,,GT,Urban,6.469069999999999,No,145.0,<200 sqft,Micro Outlet,NEW DELHI,Delhi,yes,19782.5792,,,,858.8931,377.8658,,327.2724,,,,,938.1816,2372.3298,0.0,,3730.0306,445.4541,,,,3595.254,,,,,,32427.8606,2702.321717,17.25,12,North India,Retail,667.0,1044.5,1427.5,1169.0,172.66666666666666,0.21,0.1,0.33,0.16,20.0,61.68,B,15.0,0.0,1,0.0,1.0,4826.39,2124.07,44.0,True,B+,263.0,0.0,0.0,0.0,0.0,0.0,0.0,0.0,0.0,1,1.0,,,,1.0,3,4,Urban Transit Impulse GT,"This cluster consists of small urban GT outlets like paan kiosks, dairies, and tea shops, often near transit points. They cater to on-the-move shoppers seeking quick, affordable impulse purchases, with no premium category sales.","Prioritize counter-top displays and visible merchandising for single-serve, grab-and-go beverage and snack SKUs. Introduce combo offers (e.g., beverage + snack) at Rs. 20-30 price points."
115303.0,1819298,,1819298,Radhe Radhe Fruit Chaat,Retail,25.880989,81.949087,Uttar Pradesh,Pratapgarh,Pratapgarh,Katra Medniganj,Urban,Katra Medniganj,Chats & Snacks (Stand-alone),Zamzam Agencies,4.32,0.84,1.34,50.0,2.11,0.05,2.22,48.2,6.14,48.2,43.67,43.67,43.67,43.67,7,22,34,0.0,8.0,9.0,3.0,7.0,43.0,29.0,143.0,240.0,137.0,180.0,195.0,79.0,97.0,48.0,72.0,149.0,1021.0,Medium (30 to 100),0.0,0.0,0.0,0.0,75531.0,No,No,No,No,No,No,No,,,,,GT,,,No,195.0,<200 sqft,Micro Outlet,UTTAR PRADESH,Balance,yes,3418.1784,,,,999.999,,3816.9765,,,,1071.432,,,1563.6348,,,1599.9984,690.9084,,,2250.0072,836.3628,,,,,,16247.4975,1353.958125,15.83,12,UTTAR PRADESH,Retail,17.666666666666668,86.0,188.5,187.5,74.66666666666667,43.67,0.84,0.05,6.14,7.0,33.56,C,,0.0,1,0.0,0.0,4661.43,3307.47,71.0,True,C+,77.0,0.0,0.0,0.0,0.0,0.0,0.0,0.0,0.0,1,1.0,,,,1.0,2,4,Urban Transit Impulse GT,"This cluster consists of small urban GT outlets like paan kiosks, dairies, and tea shops, often near transit points. They cater to on-the-move shoppers seeking quick, affordable impulse purchases, with no premium category sales.","Prioritize counter-top displays and visible merchandising for single-serve, grab-and-go beverage and snack SKUs. Introduce combo offers (e.g., beverage + snack) at Rs. 20-30 price points."
121660.0,2258264,Agartala,2258264,Parida Betel,Retail,23.825485,91.282395,Tripura,W. Tripura,Agartala unassignd,Agartala,Urban,Shantipara,Cig / Paan Kiosk,Ashalata Enterprise,1.48,0.3,0.96,0.0,1.36,0.77,2.98,0.48,0.12,0.12,0.12,0.12,0.12,0.12,12,35,79,2.0,7.0,10.0,215.0,243.0,257.0,373.0,456.0,539.0,527.0,573.0,546.0,82.0,91.0,84.0,1204.0,1126.0,1053.0,Low (<30),150.0,43.0,3.0,3.0,67999.0,Yes,No,No,No,No,No,No,Rs. 5,Rs. 5,,,GT,Urban,2.3,No,45.0,<200 sqft,Micro Outlet,ORISSA,Balance,yes,545.454,,,,4272.723,454.545,3936.54,,,,,,,54.5454,,,381.8178,0.0,,,68.808,3145.4514,,,,,,12859.8846,2571.97692,7.8,5,East India,Retail,238.3333333333333,414.5,533.0,559.5,85.66666666666667,0.12,0.3,0.77,0.0,14.0,59.76,C,15.0,0.0,1,0.0,1.0,1802.3,-769.67,-42.7,False,C,1440.0,0.0,1.0,0.0,0.0,0.0,0.0,0.0,0.0,1,1.0,5.0,5.0,,1.0,2,4,Urban Transit Impulse GT,"This cluster consists of small urban GT outlets like paan kiosks, dairies, and tea shops, often near transit points. They cater to on-the-move shoppers seeking quick, affordable impulse purchases, with no premium category sales.","Prioritize counter-top displays and visible merchandising for single-serve, grab-and-go beverage and snack SKUs. Introduce combo offers (e.g., beverage + snack) at Rs. 20-30 price points."
114773.0,2600300,Bengaluru,2600300,Nandini Milk Point,Retail,13.038945,77.68024,Karnataka,Bengaluru Urban,Bengaluru,Bengaluru,Urban,Ramamurthy Nagar,Dairy str,Jumbotail Wholesale Private Limited,2.44,0.25,2.61,1.01,0.45,0.15,3.54,1.35,0.25,0.25,0.25,0.25,0.25,0.25,4,21,63,0.0,1.0,18.0,27.0,28.0,32.0,79.0,83.0,132.0,135.0,111.0,109.0,24.0,16.0,12.0,173.0,242.0,238.0,Low (<30),0.0,0.0,0.0,0.0,453086.0,No,No,No,No,No,No,No,,,,,GT,Urban,0.1,Yes,105.0,<200 sqft,Micro Outlet,KARNATAKA,Bengaluru,yes,363.636,,,,4527.2682,,3203.5755,,,,,,,,,,145.4544,,,,2729.9265,6436.3572,,,,,,17406.2178,2175.777225,14.0,8,West India,Retail,29.0,81.0,133.5,110.0,17.333333333333332,0.25,0.25,0.15,0.25,4.0,53.28,C,15.0,1.0,1,0.0,1.0,4117.29,1941.51,47.2,True,C+,432.0,1.0,0.0,0.0,0.0,0.0,0.0,0.0,0.0,1,1.0,,,,1.0,2,4,Urban Transit Impulse GT,"This cluster consists of small urban GT outlets like paan kiosks, dairies, and tea shops, often near transit points. They cater to on-the-move shoppers seeking quick, affordable impulse purchases, with no premium category sales.","Prioritize counter-top displays and visible merchandising for single-serve, grab-and-go beverage and snack SKUs. Introduce combo offers (e.g., beverage + snack) at Rs. 20-30 price points."
117039.0,2477877,,2477877,Shiv Shakti Pan And Coldrink,Retail,21.96018,70.79146,Gujarat,Rajkot,Gondal,Gondal,Urban,Gondal,Cig / Paan Kiosk,Jalaram Distributor,5.32,0.17,8.41,33.02,30.06,0.21,1.4,0.54,0.03,0.03,0.03,0.03,0.03,0.03,18,52,64,0.0,0.0,0.0,127.0,317.0,1142.0,998.0,2972.0,4642.0,2667.0,3407.0,3065.0,1249.0,1358.0,679.0,3496.0,6913.0,13249.0,High (>100),,,,,181209.0,Yes,No,No,No,No,No,No,Rs. 5,Rs. 5,,,GT,,,No,50.0,<200 sqft,Micro Outlet,GUJARAT,Balance,yes,,,,,6794.463,,,,,,,,,,,,,,,,,1199.9988,,,,,,7994.4618,888.273533,1.11,9,GUJARAT,Retail,528.6666666666666,1985.0,3654.5,3236.0,1095.3333333333333,0.03,0.17,0.21,0.03,18.0,19.1,D,150.0,0.0,1,0.0,0.0,0.0,-888.27,,False,D,1499.0,0.0,1.0,0.0,0.0,0.0,0.0,0.0,0.0,1,1.0,5.0,5.0,,1.0,1,4,Urban Transit Impulse GT,"This cluster consists of small urban GT outlets like paan kiosks, dairies, and tea shops, often near transit points. They cater to on-the-move shoppers seeking quick, affordable impulse purchases, with no premium category sales.","Prioritize counter-top displays and visible merchandising for single-serve, grab-and-go beverage and snack SKUs. Introduce combo offers (e.g., beverage + snack) at Rs. 20-30 price points."
121018.0,2409796,Dehradun,2409796,Organic Vatika And CafÃ©,Retail,30.391,78.093594,Uttaranchal,Dehradun,Dehradun,Dehradun,Urban,Rajpur,,Atin Enterprises,5.92,0.01,0.5,9.42,0.06,0.0,10.29,2.53,0.13,0.13,0.13,0.13,0.13,0.13,6,18,33,0.0,3.0,0.0,26.0,18.0,21.0,41.0,38.0,59.0,64.0,58.0,53.0,5.0,4.0,8.0,58.0,102.0,154.0,Low (<30),0.0,0.0,0.0,0.0,193990.0,No,No,No,No,No,No,No,,,,,Others,Urban,0.3,No,90.0,<200 sqft,Micro Outlet,UTTARANCHAL,Dehradun,yes,13388.7088,,,,,,,545.454,,,,,,1818.18,,,4511.848,,,,,,,,,,,20264.1908,4052.83816,6.4,5,North India,OPSC21-AFH - Others,21.666666666666668,39.5,61.5,55.5,5.666666666666667,0.13,0.01,0.0,0.13,6.0,75.9,B,15.0,0.0,1,0.0,1.0,1548.98,-2503.86,-161.6,False,B,981.0,0.0,0.0,0.0,0.0,0.0,0.0,0.0,0.0,1,1.0,,,,1.0,3,4,Urban Transit Impulse GT,"This cluster consists of small urban GT outlets like paan kiosks, dairies, and tea shops, often near transit points. They cater to on-the-move shoppers seeking quick, affordable impulse purchases, with no premium category sales.","Prioritize counter-top displays and visible merchandising for single-serve, grab-and-go beverage and snack SKUs. Introduce combo offers (e.g., beverage + snack) at Rs. 20-30 price points."
121257.0,1747018,Jamshedpur,1747018,Dew Drop Recharge Point,Retail,22.827397,86.162487,Jharkhand,Purbi Singhbhum,Golmuri-Cum-Jugsalai,Jamshedpur,Urban,Jamshedpur,,Gita Marketing - Tt,1.08,0.16,7.39,105.41,0.87,0.0,5.0,5.06,4.58,5.06,5.06,5.06,5.06,5.06,11,24,57,0.0,0.0,0.0,3196.0,6011.0,10854.0,11761.0,17552.0,24270.0,14167.0,18137.0,16517.0,6654.0,6940.0,3470.0,25200.0,41073.0,78709.0,High (>100),63.0,42.0,24.0,4.0,126369.0,No,No,No,No,No,No,No,,,,,Others,,,No,90.0,<200 sqft,Micro Outlet,JHARKHAND,Jamshedpur,yes,,,,,2545.452,0.0,1539.798,,,,68.808,,,,,,,109.0908,,,1618.4895,3799.9962,,,,,,9681.6345,1383.090643,9.75,7,East India,Retail,6687.0,14656.5,19218.5,17327.0,5688.0,5.06,0.16,0.0,4.58,11.0,34.52,C,150.0,0.0,1,0.0,0.0,2545.79,1162.7,45.7,True,C+,825.0,0.0,0.0,0.0,0.0,0.0,0.0,0.0,0.0,1,1.0,,,,1.0,2,4,Urban Transit Impulse GT,"This cluster consists of small urban GT outlets like paan kiosks, dairies, and tea shops, often near transit points. They cater to on-the-move shoppers seeking quick, affordable impulse purchases, with no premium category sales.","Prioritize counter-top displays and visible merchandising for single-serve, grab-and-go beverage and snack SKUs. Introduce combo offers (e.g., beverage + snack) at Rs. 20-30 price points."
106367.0,2738811,Rajkot,2738811,Madhav Pan Tea Stall,Retail,22.273904,70.805276,Gujarat,Rajkot,Rajkot,Rajkot,Urban,Virat Nagar,Tea Shop (Hot),Hetal Enterprise,4.78,0.1,0.31,1.3,2.34,6.74,1.53,0.23,0.23,0.23,0.23,0.23,0.23,0.23,35.0,134.0,232.0,9.0,22.0,52.0,333.0,271.0,341.0,409.0,541.0,892.0,1010.0,1451.0,1412.0,422.0,358.0,83.0,1178.0,2278.0,3265.0,Medium (30 to 100),,,,,190221.0,No,Yes,No,No,No,No,No,Rs. 5,,Rs. 5,,GT,Urban,1.7,No,75.0,<200 sqft,Micro Outlet,GUJARAT,Rajkot,yes,,,,,3347.0398,90.909,,,,,,,,,,,,,,,218.184,1513.044,,,,,,5169.1768,646.1471,4.13,8,GUJARAT,Retail,315.0,475.0,951.0,1431.5,287.6666666666667,0.23,0.1,1.53,0.23,44.0,12.04,D,,0.0,1,0.0,1.0,719.66,73.52,10.2,True,D+,1382.0,0.0,0.0,1.0,0.0,0.0,0.0,0.0,0.0,1,1.0,5.0,,5.0,1.0,1,4,Urban Transit Impulse GT,"This cluster consists of small urban GT outlets like paan kiosks, dairies, and tea shops, often near transit points. They cater to on-the-move shoppers seeking quick, affordable impulse purchases, with no premium category sales.","Prioritize counter-top displays and visible merchandising for single-serve, grab-and-go beverage and snack SKUs. Introduce combo offers (e.g., beverage + snack) at Rs. 20-30 price points."
121410.0,S01298778,Coimbatore,S01298778,Sakthi Fancy General Stores,Retail,10.984913,76.933046,Tamil Nadu,Coimbatore,Coimbatore South,Coimbatore,Urban,Kumarapalayam,Cosmetc / Fancy Str (Stand-alone),Sudha Agency,4.86,0.81,1.01,4.84,0.53,0.04,3.98,3.94,0.55,0.55,0.55,0.55,0.0,0.55,5,20,49,1.0,5.0,7.0,43.0,47.0,55.0,94.0,110.0,169.0,182.0,250.0,237.0,74.0,62.0,28.0,330.0,476.0,322.0,Low (<30),41.0,93.0,21.0,1.0,255549.0,No,No,No,No,No,No,No,Rs. 5,,,,GT,Urban,0.5,No,95.0,<200 sqft,Micro Outlet,TAMIL NADU,Coimbatore,yes,,,181.818,,1890.9072,,2992.773,,,,,,,,,,,,,,1828.6665,6054.5394,,,,,,12948.7041,1294.87041,15.0,10,South India,Retail,48.333333333333336,102.0,175.5,243.5,54.66666666666666,0.0,0.81,0.04,0.55,6.0,32.04,C,15.0,0.0,1,0.0,1.0,4123.4,2828.53,68.6,True,C+,151.0,0.0,0.0,0.0,0.0,0.0,0.0,0.0,0.0,1,1.0,5.0,,,1.0,2,4,Urban Transit Impulse GT,"This cluster consists of small urban GT outlets like paan kiosks, dairies, and tea shops, often near transit points. They cater to on-the-move shoppers seeking quick, affordable impulse purchases, with no premium category sales.","Prioritize counter-top displays and visible merchandising for single-serve, grab-and-go beverage and snack SKUs. Introduce combo offers (e.g., beverage + snack) at Rs. 20-30 price points."
103570.0,2743761,Bhilai,2743761,V K Cyber,Retail,21.21325,81.442744,Chattisgarh,Durg,Durg,Bhilai Nagar,Urban,,,Shrisha Agency,4.69,0.05,6.2,17.41,1.14,0.0,0.39,6.61,1.1,2.09,2.09,2.09,2.09,2.09,3,21,31,0.0,0.0,0.0,287.0,315.0,342.0,436.0,128.0,728.0,1107.0,358.0,1476.0,177.0,139.0,50.0,973.0,1924.0,1831.0,Low (<30),326.0,100.0,16.0,0.0,189568.0,No,No,No,No,No,No,No,,,,,Others,Periphery,1.4,No,125.0,<200 sqft,Micro Outlet,CHHATTISGARH,Bhilai,yes,1090.908,,,,1209.0897,190.9089,1301.1148,54.5454,,,,,,199.9998,,,527.2722,690.9084,,,2346.3636,2381.8158,,,,,,9992.9266,1249.115825,12.13,8,East India,Retail,314.6666666666667,282.0,917.5,917.0,122.0,2.09,0.05,0.0,1.1,3.0,30.56,C,15.0,0.0,1,0.0,0.0,3353.39,2104.27,62.8,True,C+,366.0,0.0,0.0,0.0,0.0,0.0,0.0,0.0,0.0,1,1.0,,,,1.0,2,4,Urban Transit Impulse GT,"This cluster consists of small urban GT outlets like paan kiosks, dairies, and tea shops, often near transit points. They cater to on-the-move shoppers seeking quick, affordable impulse purchases, with no premium category sales.","Prioritize counter-top displays and visible merchandising for single-serve, grab-and-go beverage and snack SKUs. Introduce combo offers (e.g., beverage + snack) at Rs. 20-30 price points."
117034.0,2599023,Delhi,2599023,Gupta Pan Bhandar,Retail,28.7019942,77.2997723,Delhi,Delhi,Delhi,Delhi,Urban,Ashok Nagar,Cig / Paan Kiosk,Rudhra Food Products Pvt Ltd,3.04,0.16,0.82,4.54,0.27,0.37,2.74,1.7,0.57,1.13,0.57,0.57,0.57,0.57,43,149,329,1.0,2.0,8.0,1330.0,598.0,652.0,833.0,1176.0,1473.0,1772.0,2766.0,2516.0,623.0,597.0,349.0,1347.0,2791.0,9352.0,High (>100),32.0,866.0,2559.0,20.0,241443.0,Yes,No,No,No,No,No,No,Rs. 5,Rs. 5,,,GT,Urban,0.66979,No,45.0,<200 sqft,Micro Outlet,NEW DELHI,Delhi,yes,,,,,109.0908,,508.9302,,,,,,,,,,109.0908,,,,241.0722,2290.9068,148.148,,,,,3407.2388,681.44776,4.2,5,North India,Retail,860.0,1004.5,1622.5,2641.0,523.0,0.57,0.16,0.37,0.57,44.0,12.98,D,150.0,0.0,1,0.0,1.0,561.84,-119.61,-21.3,False,D,1437.0,0.0,1.0,0.0,0.0,0.0,0.0,0.0,0.0,1,1.0,5.0,5.0,,1.0,1,4,Urban Transit Impulse GT,"This cluster consists of small urban GT outlets like paan kiosks, dairies, and tea shops, often near transit points. They cater to on-the-move shoppers seeking quick, affordable impulse purchases, with no premium category sales.","Prioritize counter-top displays and visible merchandising for single-serve, grab-and-go beverage and snack SKUs. Introduce combo offers (e.g., beverage + snack) at Rs. 20-30 price points."
114069.0,2292432,Dehradun,2292432,Satish Pan Bhandar,AFH - Others,30.333662,78.020411,Uttaranchal,Dehradun,Dehradun,Dehradun,Urban,Ballupur,Cig / Paan Kiosk,Kalahanu Bothra Exim P.Ltd-Sdp,7.29,0.09,1.43,3.27,0.49,0.0,2.49,1.67,0.08,0.08,0.08,0.08,0.08,0.08,13,57,138,0.0,20.0,0.0,242.0,181.0,230.0,342.0,349.0,553.0,523.0,359.0,378.0,23.0,26.0,9.0,482.0,871.0,1317.0,Medium (30 to 100),0.0,0.0,0.0,0.0,269629.0,Yes,No,No,No,No,No,No,Rs. 5,Rs. 5,,,GT,Urban,1.0,No,55.0,<200 sqft,Micro Outlet,UTTARANCHAL,Dehradun,yes,14878.6621,,1045.0596,,25096.0359,3144.6636,,799.9992,,,,,,6026.8716,,,10751.2341,9615.8088,,,,31496.0373,,,,,,102854.3722,8571.197683,33.17,12,North India,OPSC21-AFH - Others,217.66666666666663,345.5,538.0,368.5,19.33333333333333,0.08,0.09,0.0,0.08,13.0,92.1,A,,0.0,1,0.0,1.0,9205.27,634.07,6.9,True,A+,242.0,0.0,1.0,0.0,0.0,0.0,0.0,0.0,0.0,1,1.0,5.0,5.0,,1.0,4,4,Urban Transit Impulse GT,"This cluster consists of small urban GT outlets like paan kiosks, dairies, and tea shops, often near transit points. They cater to on-the-move shoppers seeking quick, affordable impulse purchases, with no premium category sales.","Prioritize counter-top displays and visible merchandising for single-serve, grab-and-go beverage and snack SKUs. Introduce combo offers (e.g., beverage + snack) at Rs. 20-30 price points."
121718.0,1857183,,1857183,Tapas Tea Stall,Retail,23.639202,88.123115,West Bengal,Barddhaman,Katwa - I,Bandra,Rural,,Tea Shop (Hot),Mondal Enterprise,6.63,0.84,1.22,52.08,0.24,46.62,0.08,35.04,0.52,9.94,9.94,9.94,9.94,9.94,19,60,82,0.0,1.0,2.0,2.0,4.0,6.0,65.0,40.0,61.0,83.0,104.0,135.0,72.0,74.0,29.0,108.0,200.0,285.0,Low (<30),0.0,0.0,0.0,0.0,189044.0,No,Yes,No,No,No,No,No,Rs. 5,,Rs. 5,,GT,,,No,80.0,<200 sqft,Micro Outlet,WEST BENGAL,Balance,yes,109.0908,,,,90.909,,6394.14,,,,,,,,,,,90.909,,,2199.354,363.636,,,,,,9248.0388,770.6699,3.25,12,East India,Retail,4.0,52.5,72.0,119.5,58.333333333333336,9.94,0.84,0.08,0.52,19.0,15.82,D,15.0,0.0,1,0.0,0.0,805.89,35.22,4.4,True,D+,1393.0,0.0,0.0,1.0,0.0,0.0,0.0,0.0,0.0,1,1.0,5.0,,5.0,0.0,1,4,Urban Transit Impulse GT,"This cluster consists of small urban GT outlets like paan kiosks, dairies, and tea shops, often near transit points. They cater to on-the-move shoppers seeking quick, affordable impulse purchases, with no premium category sales.","Prioritize counter-top displays and visible merchandising for single-serve, grab-and-go beverage and snack SKUs. Introduce combo offers (e.g., beverage + snack) at Rs. 20-30 price points."
115954.0,2133580,Surat,2133580,Swami Paan,Retail,21.208195,72.826805,Gujarat,Surat,Surat City,Surat,Urban,Saiyedpura,Cig / Paan Kiosk,Shreeji Enterprise,7.66,0.1,0.84,2.83,3.4,60.44,1.49,2.09,0.13,0.22,0.13,0.13,0.13,0.13,30.0,96.0,219.0,1.0,14.0,36.0,327.0,409.0,454.0,717.0,932.0,1369.0,1567.0,2259.0,2076.0,613.0,448.0,1183.0,1764.0,2882.0,6203.0,Medium (30 to 100),,,,,186160.0,Yes,No,No,No,No,No,No,Rs. 5,Rs. 5,,,GT,Urban,0.9,No,50.0,<200 sqft,Micro Outlet,GUJARAT,Surat,yes,,,,,181.818,,,,,,,,,,,,,,,,681.825,,,,,,,863.643,215.91075,2.0,4,GUJARAT,Retail,396.6666666666667,824.5,1468.0,2167.5,748.0,0.13,0.1,1.49,0.13,31.0,2.16,D,,0.0,1,0.0,1.0,11.06,-204.85,-1852.2,False,D,1454.0,0.0,1.0,0.0,0.0,0.0,0.0,0.0,0.0,1,1.0,5.0,5.0,,1.0,1,4,Urban Transit Impulse GT,"This cluster consists of small urban GT outlets like paan kiosks, dairies, and tea shops, often near transit points. They cater to on-the-move shoppers seeking quick, affordable impulse purchases, with no premium category sales.","Prioritize counter-top displays and visible merchandising for single-serve, grab-and-go beverage and snack SKUs. Introduce combo offers (e.g., beverage + snack) at Rs. 20-30 price points."
118872.0,2161948,Delhi,2161948,Jitender Tea Stall,Retail,28.777942,77.142839,Delhi,Delhi,Delhi,Delhi,Urban,Bhalswa Jahangirpuri,Tea Shop (Hot),Super Agencies-Sdp,3.57,0.27,0.32,7.68,1.28,0.09,2.78,4.53,0.34,0.34,0.34,0.34,0.34,0.34,6,11,46,3.0,5.0,5.0,915.0,426.0,435.0,556.0,859.0,996.0,1238.0,2590.0,2216.0,490.0,495.0,757.0,1252.0,2349.0,7147.0,High (>100),49.0,189.0,73.0,7.0,210045.0,No,Yes,No,No,No,No,No,Rs. 5,,Rs. 5,,GT,Urban,5.63265,No,105.0,<200 sqft,Micro Outlet,NEW DELHI,Delhi,yes,8909.082,,,,945.4536,90.909,,,,,,,,,,,24845.826,218.1816,,,,1209.0897,,,,,,36218.5419,3018.211825,2.5,12,North India,Retail,592.0,707.5,1117.0,2403.0,580.6666666666666,0.34,0.27,0.09,0.34,9.0,66.14,B,150.0,0.0,1,0.0,1.0,599.77,-2418.45,-403.2,False,B,977.0,0.0,0.0,1.0,0.0,0.0,0.0,0.0,0.0,1,1.0,5.0,,5.0,1.0,3,4,Urban Transit Impulse GT,"This cluster consists of small urban GT outlets like paan kiosks, dairies, and tea shops, often near transit points. They cater to on-the-move shoppers seeking quick, affordable impulse purchases, with no premium category sales.","Prioritize counter-top displays and visible merchandising for single-serve, grab-and-go beverage and snack SKUs. Introduce combo offers (e.g., beverage + snack) at Rs. 20-30 price points."
120700.0,2566915,,2566915,Gopal Ice-Creame,Retail,21.600315,71.212043,Gujarat,Amreli,Amreli,Amreli,Urban,Amreli,Ice Cream Parlour (Stand-alone),Bipin Trading Company,2.4,0.13,31.83,84.97,63.91,27.85,1.85,27.88,17.03,17.03,17.03,17.03,17.03,17.03,17,43,60,0.0,0.0,0.0,151.0,344.0,1232.0,1023.0,3032.0,4727.0,2808.0,3555.0,2993.0,1261.0,1510.0,755.0,3521.0,6960.0,13756.0,High (>100),,,,,184560.0,No,No,No,No,No,No,No,,,,,GT,,,Yes,130.0,<200 sqft,Micro Outlet,GUJARAT,Balance,yes,109.0908,,,,14886.157,941.5016,,,,,,,,,,,218.1816,109.0908,,,,6898.8114,,,,,,23162.8332,1930.2361,8.83,12,GUJARAT,Retail,575.6666666666666,2027.5,3767.5,3274.0,1175.3333333333333,17.03,0.13,1.85,17.03,17.0,48.26,C,150.0,1.0,1,0.0,0.0,2816.68,886.44,31.5,True,C+,961.0,1.0,0.0,0.0,0.0,0.0,0.0,0.0,0.0,1,1.0,,,,1.0,2,4,Urban Transit Impulse GT,"This cluster consists of small urban GT outlets like paan kiosks, dairies, and tea shops, often near transit points. They cater to on-the-move shoppers seeking quick, affordable impulse purchases, with no premium category sales.","Prioritize counter-top displays and visible merchandising for single-serve, grab-and-go beverage and snack SKUs. Introduce combo offers (e.g., beverage + snack) at Rs. 20-30 price points."
121621.0,1826850,,1826850,Guddu Pan Shop,Retail,26.185678,91.840968,Assam,Kamrup,Dispur,No.2 Bonda Grant,Rural,,Cig / Paan Kiosk,Moon Marketing - Rd,1.33,0.12,0.3,5.0,0.4,0.25,0.87,6.64,0.99,0.99,0.99,0.99,0.99,0.99,7,20,36,1.0,4.0,5.0,6.0,10.0,14.0,27.0,12.0,32.0,45.0,49.0,71.0,29.0,24.0,9.0,51.0,88.0,144.0,Low (<30),184.0,54.0,20.0,1.0,25406.0,Yes,No,No,No,No,No,No,Rs. 5,Rs. 5,,,GT,,,No,50.0,<200 sqft,Micro Outlet,ASSAM,Guwahati,yes,1127.2716,,,,6818.175,454.545,,181.818,,,,,,2636.361,,,727.272,6236.3574,,,,10418.1714,,,,,,28599.9714,4085.7102,9.71,7,Northeast India,Retail,10.0,19.5,38.5,60.0,20.666666666666668,0.99,0.12,0.25,0.99,8.0,76.12,B,15.0,0.0,1,0.0,0.0,2579.62,-1506.09,-58.4,False,B,929.0,0.0,1.0,0.0,0.0,0.0,0.0,0.0,0.0,1,1.0,5.0,5.0,,0.0,3,4,Urban Transit Impulse GT,"This cluster consists of small urban GT outlets like paan kiosks, dairies, and tea shops, often near transit points. They cater to on-the-move shoppers seeking quick, affordable impulse purchases, with no premium category sales.","Prioritize counter-top displays and visible merchandising for single-serve, grab-and-go beverage and snack SKUs. Introduce combo offers (e.g., beverage + snack) at Rs. 20-30 price points."
117610.0,2603937,,2603937,Byashakhi Ladies,Retail,20.507597,86.4121,Orissa,Kendrapara,Kendrapara,Kendrapara,Urban,Kendrapara,,Biswa Marketing Co - Rd,1.64,0.16,43.1,49.14,1.67,0.0,23.29,51.09,37.19,49.1,49.1,49.1,49.1,49.1,21,53,75,0.0,0.0,0.0,31.0,70.0,341.0,248.0,995.0,1625.0,980.0,1277.0,1308.0,575.0,961.0,480.0,1419.0,2402.0,5241.0,High (>100),0.0,0.0,0.0,0.0,732994.0,No,No,No,No,No,No,No,,,,,Others,,,No,105.0,<200 sqft,Micro Outlet,ORISSA,Balance,yes,925.6908,,,,1636.362,,15135.9168,,,,1668.4898,,,745.4538,,,798.4182,758.8932,,,6086.8921,4126.8747,,,,,,31882.9914,2656.91595,13.08,12,East India,Retail,147.33333333333334,621.5,1302.5,1292.5,672.0,49.1,0.16,0.0,37.19,21.0,60.92,B,150.0,0.0,1,0.0,0.0,3822.4,1165.48,30.5,True,B+,479.0,0.0,0.0,0.0,0.0,0.0,0.0,0.0,0.0,1,1.0,,,,1.0,3,4,Urban Transit Impulse GT,"This cluster consists of small urban GT outlets like paan kiosks, dairies, and tea shops, often near transit points. They cater to on-the-move shoppers seeking quick, affordable impulse purchases, with no premium category sales.","Prioritize counter-top displays and visible merchandising for single-serve, grab-and-go beverage and snack SKUs. Introduce combo offers (e.g., beverage + snack) at Rs. 20-30 price points."
113913.0,2624565,Nagpur,2624565,Dhiraj Pan Shop,Retail,21.13202,79.098448,Maharashtra,Nagpur,Nagpur (Urban),Nagpur,Urban,Hanuman Nagar,Cig / Paan Kiosk,Soham Corporation,1.71,0.08,0.53,2.93,0.04,464.93,1.73,1.87,0.23,0.31,0.23,0.31,0.23,0.23,24,112,236,14.0,67.0,111.0,58.0,124.0,220.0,267.0,402.0,559.0,339.0,441.0,450.0,176.0,178.0,89.0,670.0,1160.0,1441.0,High (>100),35.0,60.0,28.0,12.0,234654.0,Yes,No,No,No,No,No,No,Rs. 5,Rs. 5,,,GT,Urban,3.824,No,50.0,<200 sqft,Micro Outlet,MAHARASHTRA,Nagpur,yes,,,90.909,,11845.4427,181.818,3750.0375,,,,,,,,,,,1599.9984,,,3545.49,19818.162,,,,,,40831.8576,3711.987055,18.0,11,MAHARASHTRA,Retail,134.0,334.5,449.0,445.5,147.66666666666666,0.23,0.08,1.73,0.23,38.0,73.06,B,150.0,0.0,1,0.0,1.0,4750.52,1038.54,21.9,True,B+,508.0,0.0,1.0,0.0,0.0,0.0,0.0,0.0,0.0,1,1.0,5.0,5.0,,1.0,3,4,Urban Transit Impulse GT,"This cluster consists of small urban GT outlets like paan kiosks, dairies, and tea shops, often near transit points. They cater to on-the-move shoppers seeking quick, affordable impulse purchases, with no premium category sales.","Prioritize counter-top displays and visible merchandising for single-serve, grab-and-go beverage and snack SKUs. Introduce combo offers (e.g., beverage + snack) at Rs. 20-30 price points."
115803.0,1745989,,1745989,Sudip Pan,Retail,22.957682,88.495752,West Bengal,Nadia,Gayespur unassignd,Gayespur,Urban,Gayespur,Cig / Paan Kiosk,Chatterjee Distributors - Rd,5.36,0.36,4.11,34.68,3.34,4.36,3.23,18.14,3.11,16.77,16.77,16.77,16.77,16.77,10,21,38,0.0,0.0,0.0,39.0,116.0,458.0,427.0,1392.0,2186.0,1748.0,2299.0,2379.0,1018.0,1494.0,747.0,4552.0,4323.0,5074.0,High (>100),0.0,0.0,0.0,0.0,86615.0,Yes,No,No,No,No,No,No,Rs. 5,Rs. 5,,,GT,,,No,55.0,<200 sqft,Micro Outlet,WEST BENGAL,Balance,yes,5945.4486,,,,5436.3582,1436.3622,9545.7136,,,,1071.9036,,,890.9082,,,1672.7256,3136.3605,,,4905.8856,16059.6683,,,,,,50101.3344,4175.1112,26.5,12,East India,Retail,204.3333333333333,909.5,1967.0,2339.0,1086.3333333333333,16.77,0.36,3.23,3.11,10.0,76.78,B,150.0,0.0,1,0.0,0.0,7343.01,3167.9,43.1,True,B+,119.0,0.0,1.0,0.0,0.0,0.0,0.0,0.0,0.0,1,1.0,5.0,5.0,,1.0,3,4,Urban Transit Impulse GT,"This cluster consists of small urban GT outlets like paan kiosks, dairies, and tea shops, often near transit points. They cater to on-the-move shoppers seeking quick, affordable impulse purchases, with no premium category sales.","Prioritize counter-top displays and visible merchandising for single-serve, grab-and-go beverage and snack SKUs. Introduce combo offers (e.g., beverage + snack) at Rs. 20-30 price points."
117291.0,2479897,Ahmadabad,2479897,Muskan Parlor,Retail,23.247599,72.50907,Gujarat,Gandhinagar,Kalol,Kalol (Gandhinagar distt),Urban,N'brhd No. 2,Dairy str,Khodiyar Sales Agency,11.88,0.2,13.81,9.38,1.64,15.71,0.67,15.3,1.8,13.67,13.67,13.67,13.67,13.67,8,32,57,0.0,0.0,0.0,55.0,44.0,54.0,69.0,84.0,122.0,107.0,101.0,102.0,22.0,24.0,38.0,111.0,209.0,403.0,Medium (30 to 100),,,,,212134.0,No,No,No,No,No,No,No,,,,,GT,Periphery,12.4,Yes,95.0,<200 sqft,Micro Outlet,GUJARAT,Ahmadabad,yes,,,,,4618.1772,,,,,,,,,,,,,,,,1016.8065,727.272,,,,,,6362.2557,636.22557,3.1,10,GUJARAT,Retail,51.0,76.5,114.5,101.5,28.0,13.67,0.2,0.67,1.8,8.0,11.68,D,,1.0,1,0.0,0.0,998.08,361.86,36.3,True,D+,1237.0,1.0,0.0,0.0,0.0,0.0,0.0,0.0,0.0,1,1.0,,,,1.0,1,4,Urban Transit Impulse GT,"This cluster consists of small urban GT outlets like paan kiosks, dairies, and tea shops, often near transit points. They cater to on-the-move shoppers seeking quick, affordable impulse purchases, with no premium category sales.","Prioritize counter-top displays and visible merchandising for single-serve, grab-and-go beverage and snack SKUs. Introduce combo offers (e.g., beverage + snack) at Rs. 20-30 price points."
110234.0,S01454521,,S01454521,Mittra Da Dhaba,Retail,30.60820833,74.260055,Punjab,Firozpur,Jalalabad,Jalalabad (Punj),Urban,N'brhd No. 11,N. Ind Restaurnt,Shri Balaji Agencies-Tt,0.82,0.12,1.74,0.52,0.01,15.23,0.87,18.09,0.18,18.09,18.09,18.09,0.18,0.18,15,24,38,0.0,2.0,3.0,149.0,114.0,144.0,180.0,229.0,338.0,282.0,291.0,283.0,26.0,34.0,36.0,243.0,607.0,1091.0,Medium (30 to 100),0.0,0.0,0.0,0.0,205491.0,No,No,No,No,No,No,No,,,,,Restaurants,,,Yes,180.0,<200 sqft,Micro Outlet,PUNJAB,Balance,yes,11981.8062,,,,13418.1684,2363.634,1080.8278,381.8178,,,,,,12727.26,,,9199.9908,9872.7174,,,1694.0114,32272.695,,,,,,94992.9288,7916.0774,19.33,12,North India,Retail,135.66666666666666,204.5,310.0,287.0,32.0,0.18,0.12,0.87,0.18,15.0,90.76,A,,1.0,1,0.0,0.0,5812.42,-2103.66,-36.2,False,A,540.0,1.0,0.0,0.0,0.0,0.0,0.0,0.0,0.0,1,1.0,,,,1.0,4,4,Urban Transit Impulse GT,"This cluster consists of small urban GT outlets like paan kiosks, dairies, and tea shops, often near transit points. They cater to on-the-move shoppers seeking quick, affordable impulse purchases, with no premium category sales.","Prioritize counter-top displays and visible merchandising for single-serve, grab-and-go beverage and snack SKUs. Introduce combo offers (e.g., beverage + snack) at Rs. 20-30 price points."
119859.0,S00946653,,S00946653,Sai Pan Shop,Retail,21.850281,84.01326,Orissa,Jharsuguda,Jharsuguda,Jharsuguda,Urban,Jharsuguda,Cig / Paan Kiosk,Maa Bhagwati Industries - Tt,2.96,0.25,27.3,18.09,0.98,0.0,0.28,41.96,0.09,41.96,41.96,41.96,41.96,41.96,14,39,68,0.0,0.0,0.0,153.0,274.0,1083.0,747.0,2441.0,3856.0,2490.0,3219.0,3078.0,1353.0,2147.0,1073.0,4806.0,6693.0,10388.0,High (>100),0.0,0.0,0.0,0.0,138624.0,Yes,No,No,No,No,No,No,Rs. 5,Rs. 5,,,GT,,,No,85.0,<200 sqft,Micro Outlet,ORISSA,Balance,yes,,,,,10033.1946,363.636,3628.716,,,,,,,2399.9976,,,1090.908,1263.2412,,,4193.223,11808.6852,,,,,,34781.6016,2898.4668,6.83,12,East India,Retail,503.3333333333333,1594.0,3173.0,3148.5,1524.3333333333333,41.96,0.25,0.0,0.09,14.0,64.62,B,150.0,0.0,1,0.0,0.0,1734.22,-1164.25,-67.1,False,B,896.0,0.0,1.0,0.0,0.0,0.0,0.0,0.0,0.0,1,1.0,5.0,5.0,,1.0,3,4,Urban Transit Impulse GT,"This cluster consists of small urban GT outlets like paan kiosks, dairies, and tea shops, often near transit points. They cater to on-the-move shoppers seeking quick, affordable impulse purchases, with no premium category sales.","Prioritize counter-top displays and visible merchandising for single-serve, grab-and-go beverage and snack SKUs. Introduce combo offers (e.g., beverage + snack) at Rs. 20-30 price points."
117917.0,2153929,,2153929,Bismillah Trd,Retail,34.419229,74.602602,Jammu & Kashmir,Baramula,Bandipore,Qazipora Patushi,Rural,,,M/S Bismillah Traders-Tt,11.61,1.85,26.33,191.3,36.65,0.0,43.99,191.86,188.79,0.0,0.0,0.0,0.0,0.0,7,24,50,0.0,0.0,0.0,3.0,11.0,19.0,20.0,2.0,106.0,172.0,257.0,348.0,170.0,136.0,49.0,86.0,183.0,962.0,Low (<30),0.0,0.0,0.0,0.0,99428.0,No,No,No,No,No,No,No,,,,,Others,,,No,90.0,<200 sqft,Micro Outlet,JAMMU & KASHMIR,Balance,yes,16127.2566,,,,1627.2711,,320.687,,,,,,,1345.4532,,,4472.7228,781.8174,,,916.606,10436.3532,,,,,,36028.1673,3602.81673,18.1,10,North India,Retail,11.0,11.0,139.0,302.5,118.33333333333331,0.0,1.85,0.0,188.79,7.0,72.08,B,15.0,0.0,1,0.0,0.0,6660.68,3057.87,45.9,True,B+,123.0,0.0,0.0,0.0,0.0,0.0,0.0,0.0,0.0,1,1.0,,,,0.0,3,4,Urban Transit Impulse GT,"This cluster consists of small urban GT outlets like paan kiosks, dairies, and tea shops, often near transit points. They cater to on-the-move shoppers seeking quick, affordable impulse purchases, with no premium category sales.","Prioritize counter-top displays and visible merchandising for single-serve, grab-and-go beverage and snack SKUs. Introduce combo offers (e.g., beverage + snack) at Rs. 20-30 price points."
118083.0,2147479,,2147479,Gokul Dairy,Retail,18.993854,73.099714,Maharashtra,Raigarh,Panvel,Panvel,Urban,Sai Nagar,Dairy str,Dharma Enterprises,1.94,0.61,0.72,5.51,0.74,16.33,2.21,1.01,0.2,0.2,0.2,0.2,0.2,0.2,3,30,60,3.0,8.0,33.0,32.0,40.0,43.0,100.0,122.0,183.0,201.0,158.0,164.0,22.0,19.0,9.0,227.0,298.0,427.0,High (>100),15.0,15.0,16.0,28.0,180055.0,No,No,No,No,No,No,No,,,,,GT,,,Yes,85.0,<200 sqft,Micro Outlet,MAHARASHTRA,Pune,yes,,,290.9088,,5718.1761,399.9996,,,,,,,,,,,,,,,,8272.719,,,,,,14681.8035,1223.483625,9.08,12,MAHARASHTRA,Retail,38.333333333333336,111.0,192.0,161.0,16.666666666666668,0.2,0.61,2.21,0.2,6.0,29.64,D,150.0,1.0,1,0.0,0.0,2744.05,1520.56,55.4,True,D+,476.0,1.0,0.0,0.0,0.0,0.0,0.0,0.0,0.0,1,1.0,,,,1.0,1,4,Urban Transit Impulse GT,"This cluster consists of small urban GT outlets like paan kiosks, dairies, and tea shops, often near transit points. They cater to on-the-move shoppers seeking quick, affordable impulse purchases, with no premium category sales.","Prioritize counter-top displays and visible merchandising for single-serve, grab-and-go beverage and snack SKUs. Introduce combo offers (e.g., beverage + snack) at Rs. 20-30 price points."
121246.0,S01447066,Bhopal,S01447066,Rajpoot Restorant 2,Retail,23.53088,77.831358,Madhya Pradesh,Vidisha,Vidisha,Vidisha,Urban,Dabar,QSRs (Ind) Stand-alone,Kabra Enterprises,11.36,0.51,3.53,52.23,1.99,212.48,1.93,47.96,37.07,45.57,45.57,45.57,45.57,45.57,13,40,96,0.0,0.0,0.0,17.0,35.0,33.0,61.0,138.0,139.0,123.0,157.0,138.0,46.0,61.0,193.0,120.0,246.0,667.0,Low (<30),0.0,0.0,0.0,0.0,90396.0,No,No,No,No,No,No,No,,,,,Restaurants,Urban,0.1,Yes,255.0,200–300 sqft,Small Outlet,MADHYA PRADESH,Balance,yes,1636.362,,,,9239.5212,,538.392,,,,320.6208,,,654.5448,,,1727.271,6417.3876,,,753.7488,16861.65,,,,,,38149.4982,4768.687275,12.0,8,MADHYA PRADESH,Retail,28.33333333333333,99.5,131.0,147.5,100.0,45.57,0.51,1.93,37.07,13.0,81.18,A,15.0,1.0,1,0.0,1.0,4126.2,-642.49,-15.6,False,A,398.0,1.0,0.0,0.0,0.0,0.0,0.0,0.0,0.0,1,2.0,,,,1.0,4,4,Urban Transit Impulse GT,"This cluster consists of small urban GT outlets like paan kiosks, dairies, and tea shops, often near transit points. They cater to on-the-move shoppers seeking quick, affordable impulse purchases, with no premium category sales.","Prioritize counter-top displays and visible merchandising for single-serve, grab-and-go beverage and snack SKUs. Introduce combo offers (e.g., beverage + snack) at Rs. 20-30 price points."
115470.0,1662142,Ahmadabad,1662142,Om Pan Parlour,Retail,23.001948,72.516699,Gujarat,Ahmedabad,Ahmedabad City,Ahmedabad,Urban,Vejalpur,Cig / Paan Kiosk,Netlink Systems-Ahmedabad,7.45,0.06,1.16,1.19,1.8,0.16,0.69,0.55,0.09,0.09,0.09,0.09,0.09,0.09,35,92,125,0.0,1.0,3.0,19.0,40.0,84.0,88.0,153.0,216.0,146.0,189.0,180.0,70.0,65.0,33.0,270.0,479.0,1061.0,Medium (30 to 100),,,,,114178.0,Yes,No,No,No,No,No,No,Rs. 5,Rs. 5,,,GT,Urban,1.2,No,40.0,<200 sqft,Micro Outlet,GUJARAT,Ahmadabad,yes,,,1072.7262,,14399.9856,818.181,,,,,,,,,,,,872.7264,,,,3109.0878,,,,,,20272.707,1689.39225,8.08,12,GUJARAT,Retail,47.66666666666666,120.5,181.0,184.5,56.0,0.09,0.06,0.16,0.09,35.0,42.44,C,,0.0,1,0.0,1.0,1841.46,152.07,8.3,True,C+,1228.0,0.0,1.0,0.0,0.0,0.0,0.0,0.0,0.0,1,1.0,5.0,5.0,,1.0,2,4,Urban Transit Impulse GT,"This cluster consists of small urban GT outlets like paan kiosks, dairies, and tea shops, often near transit points. They cater to on-the-move shoppers seeking quick, affordable impulse purchases, with no premium category sales.","Prioritize counter-top displays and visible merchandising for single-serve, grab-and-go beverage and snack SKUs. Introduce combo offers (e.g., beverage + snack) at Rs. 20-30 price points."
115470.0,2182220,Ahmadabad,2182220,Vintage Pan Parlour,Retail,23.042844,72.567743,Gujarat,Ahmedabad,Ahmedabad City,Ahmedabad,Urban,Sardar Patel Stadium,Cig / Paan Kiosk,Krish Enterprise,9.02,0.22,0.13,0.2,5.04,0.22,1.79,0.35,0.18,0.18,0.18,0.18,0.18,0.18,13,71,175,7.0,23.0,38.0,76.0,136.0,189.0,248.0,379.0,556.0,357.0,465.0,466.0,179.0,166.0,83.0,450.0,806.0,1714.0,High (>100),,,,,142090.0,Yes,No,No,No,No,No,No,Rs. 5,Rs. 5,,,GT,Urban,3.2,No,50.0,<200 sqft,Micro Outlet,GUJARAT,Ahmadabad,yes,,,,,11266.3954,,,,,,,,,,,,,,,,,1872.7254,,,,,,13139.1208,1094.926733,4.58,12,GUJARAT,Retail,133.66666666666666,313.5,456.5,465.5,142.66666666666666,0.18,0.13,0.22,0.18,20.0,25.7,D,150.0,0.0,1,0.0,1.0,1017.22,-77.71,-7.6,False,D,1427.0,0.0,1.0,0.0,0.0,0.0,0.0,0.0,0.0,1,1.0,5.0,5.0,,1.0,1,4,Urban Transit Impulse GT,"This cluster consists of small urban GT outlets like paan kiosks, dairies, and tea shops, often near transit points. They cater to on-the-move shoppers seeking quick, affordable impulse purchases, with no premium category sales.","Prioritize counter-top displays and visible merchandising for single-serve, grab-and-go beverage and snack SKUs. Introduce combo offers (e.g., beverage + snack) at Rs. 20-30 price points."
120958.0,S01306252,,S01306252,Ashif Pan,Retail,25.855309,85.777083,Bihar,Samastipur,Samastipur,Samastipur,Urban,Samastipur,Cig / Paan Kiosk,Rrj Pharmaceutical Pvt Ltd-Tt,1.13,0.56,33.37,48.57,2.88,0.0,1.06,45.85,45.85,45.85,45.85,45.85,45.85,45.85,18,58,94,0.0,0.0,0.0,71.0,152.0,613.0,469.0,1561.0,2471.0,1656.0,2107.0,1787.0,765.0,989.0,494.0,1769.0,3333.0,8941.0,High (>100),0.0,0.0,0.0,0.0,54092.0,Yes,No,No,No,No,No,No,Rs. 5,Rs. 5,,,GT,,,No,65.0,<200 sqft,Micro Outlet,BIHAR,Balance,yes,272.727,,,,1309.0896,,602.508,109.0908,,,109.092,,,109.0908,,,381.8178,218.1816,,,343.4145,1090.908,,,,,,4545.9201,1515.3067,11.0,3,East India,Retail,278.6666666666667,1015.0,2063.5,1947.0,749.3333333333334,45.85,0.56,0.0,45.85,18.0,38.12,C,150.0,0.0,1,0.0,0.0,3059.44,1544.13,50.5,True,C+,624.0,0.0,1.0,0.0,0.0,0.0,0.0,0.0,0.0,1,1.0,5.0,5.0,,1.0,2,4,Urban Transit Impulse GT,"This cluster consists of small urban GT outlets like paan kiosks, dairies, and tea shops, often near transit points. They cater to on-the-move shoppers seeking quick, affordable impulse purchases, with no premium category sales.","Prioritize counter-top displays and visible merchandising for single-serve, grab-and-go beverage and snack SKUs. Introduce combo offers (e.g., beverage + snack) at Rs. 20-30 price points."
117829.0,2255276,Mumbai,2255276,Adarsh Dairy Farm,Retail,19.247034,72.865601,Maharashtra,Mumbai (Combined),Mumbai,Mumbai (Grtr),Urban,Dahisar E.,Dairy str,Laxmi Trading,1.08,0.2,0.24,6.32,0.09,0.09,0.72,0.72,0.3,0.48,0.3,0.3,0.3,0.3,25,64,101,6.0,15.0,24.0,223.0,247.0,237.0,542.0,453.0,581.0,695.0,704.0,592.0,171.0,62.0,94.0,915.0,1337.0,1653.0,High (>100),840.0,335.0,93.0,113.0,317532.0,No,No,No,No,No,No,No,,,,,GT,Urban,1.1,Yes,80.0,<200 sqft,Micro Outlet,MAHARASHTRA,Mumbai,yes,,,,,3890.9052,272.727,,,,,,,,,,,,,,,227.275,7581.8106,,,,,,11972.7178,1197.27178,9.1,10,MAHARASHTRA,Retail,235.66666666666663,497.5,638.0,648.0,109.0,0.3,0.2,0.09,0.3,31.0,28.78,D,150.0,1.0,1,0.0,1.0,2549.37,1352.1,53.0,True,D+,610.0,1.0,0.0,0.0,0.0,0.0,0.0,0.0,0.0,1,1.0,,,,1.0,1,4,Urban Transit Impulse GT,"This cluster consists of small urban GT outlets like paan kiosks, dairies, and tea shops, often near transit points. They cater to on-the-move shoppers seeking quick, affordable impulse purchases, with no premium category sales.","Prioritize counter-top displays and visible merchandising for single-serve, grab-and-go beverage and snack SKUs. Introduce combo offers (e.g., beverage + snack) at Rs. 20-30 price points."
110149.0,2790291,Alwar,2790291,SAWARIYA SATH BHOJNALYE,Retail,27.56150724,76.62307522,Rajasthan,Alwar,Alwar,Alwar,Urban,Mungshka,N. Ind Restaurnt,Jay Ambey Agency,1.48,63.51,2.23,1.53,0.19,135.33,0.15,72.45,0.56,72.45,72.45,72.45,72.45,72.45,22,104,206,0.0,0.0,1.0,63.0,73.0,88.0,136.0,193.0,286.0,196.0,220.0,217.0,42.0,51.0,26.0,138.0,417.0,922.0,Low (<30),113.0,49.0,9.0,3.0,3999999.0,No,No,No,No,No,No,No,,,,,Restaurants,Urban,2.3,Yes,105.0,<200 sqft,Micro Outlet,RAJASTHAN,Alwar,yes,163.6362,,,,872.7264,,301.254,,,,109.092,,,,,,236.3634,436.3632,,,272.73,654.5448,,,,,,3046.71,1015.57,7.0,3,North India,Retail,74.66666666666667,164.5,241.0,218.5,39.66666666666666,72.45,2.23,0.15,0.56,22.0,23.34,D,15.0,1.0,1,0.0,1.0,1896.83,881.26,46.5,True,D+,938.0,1.0,0.0,0.0,0.0,0.0,0.0,0.0,0.0,1,1.0,,,,1.0,1,4,Urban Transit Impulse GT,"This cluster consists of small urban GT outlets like paan kiosks, dairies, and tea shops, often near transit points. They cater to on-the-move shoppers seeking quick, affordable impulse purchases, with no premium category sales.","Prioritize counter-top displays and visible merchandising for single-serve, grab-and-go beverage and snack SKUs. Introduce combo offers (e.g., beverage + snack) at Rs. 20-30 price points."
120006.0,1779918,Bhopal,1779918,Mourya Dairy,Retail,23.252051,77.459534,Madhya Pradesh,Bhopal,Huzur,Bhopal,Urban,Ayodhya Nagar,Dairy str,N.B. Sales,1.79,0.08,0.94,3.34,0.12,165.86,3.93,1.87,0.02,0.02,0.02,0.02,0.02,0.02,5,53,122,3.0,4.0,15.0,124.0,121.0,149.0,264.0,300.0,472.0,408.0,362.0,342.0,80.0,75.0,91.0,453.0,786.0,1154.0,Medium (30 to 100),39.0,47.0,29.0,2.0,182884.0,No,No,No,No,No,No,No,,,,,GT,Urban,2.5,Yes,95.0,<200 sqft,Micro Outlet,MADHYA PRADESH,Bhopal,yes,23435.55,,90.909,,18856.9004,1181.817,,2036.3616,409.0905,,,,,6595.2504,,,20294.8416,6745.4478,736.3629,,,24612.627,,,,,,104995.1582,8749.596517,31.25,12,MADHYA PRADESH,Retail,131.33333333333334,282.0,440.0,352.0,82.0,0.02,0.08,3.93,0.02,8.0,92.38,A,,1.0,1,0.0,1.0,9089.52,339.92,3.7,True,A+,281.0,1.0,0.0,0.0,0.0,0.0,0.0,0.0,0.0,1,1.0,,,,1.0,4,4,Urban Transit Impulse GT,"This cluster consists of small urban GT outlets like paan kiosks, dairies, and tea shops, often near transit points. They cater to on-the-move shoppers seeking quick, affordable impulse purchases, with no premium category sales.","Prioritize counter-top displays and visible merchandising for single-serve, grab-and-go beverage and snack SKUs. Introduce combo offers (e.g., beverage + snack) at Rs. 20-30 price points."
119072.0,2650350,,2650350,Akash Faat Food,Retail,26.301531,77.618668,Madhya Pradesh,Morena,Kailaras,Kailaras,Urban,Sabji Mandi Road,QSRs (Ind) Stand-alone,P R Sales,23.47,0.18,53.09,41.54,21.62,427.25,0.4,53.75,42.25,51.84,51.84,51.84,51.84,51.84,20,29,40,0.0,0.0,0.0,125.0,81.0,81.0,107.0,253.0,294.0,286.0,802.0,755.0,124.0,158.0,395.0,304.0,568.0,2324.0,Low (<30),0.0,0.0,0.0,0.0,124792.0,No,No,No,No,No,No,No,,,,,Restaurants,,,Yes,225.0,200–300 sqft,Small Outlet,MADHYA PRADESH,Balance,yes,90.909,,,,1999.998,,1169.736,,,,,,,454.545,,,199.9998,3086.954,,,68.808,4035.577,,,,,,11106.5268,1110.65268,3.7,10,MADHYA PRADESH,Retail,95.66666666666669,180.0,290.0,778.5,225.66666666666663,51.84,0.18,0.4,41.54,20.0,26.2,D,15.0,1.0,1,0.0,0.0,1702.77,592.12,34.8,True,D+,1127.0,1.0,0.0,0.0,0.0,0.0,0.0,0.0,0.0,1,2.0,,,,1.0,1,4,Urban Transit Impulse GT,"This cluster consists of small urban GT outlets like paan kiosks, dairies, and tea shops, often near transit points. They cater to on-the-move shoppers seeking quick, affordable impulse purchases, with no premium category sales.","Prioritize counter-top displays and visible merchandising for single-serve, grab-and-go beverage and snack SKUs. Introduce combo offers (e.g., beverage + snack) at Rs. 20-30 price points."
121931.0,2393664,Thane,2393664,K.D Farm House,Retail,19.4466521,72.8166914,Maharashtra,Thane,Vasai,Vasai,Urban,Vasai,,Ananya Distributor,8.42,0.31,1.76,26.56,0.82,20.92,1.05,0.44,0.35,0.44,0.35,0.44,0.35,0.35,19,77,110,0.0,6.0,7.0,3328.0,8251.0,18015.0,20261.0,36560.0,51896.0,40898.0,51176.0,37588.0,12912.0,6896.0,3448.0,113556.0,38296.0,15318.0,High (>100),90.0,51.0,246.0,135.0,141229.0,No,No,No,No,No,No,No,,,,,Others,Periphery,21.2,No,110.0,<200 sqft,Micro Outlet,MAHARASHTRA,Balance,yes,90.909,,545.454,,4309.0866,636.363,136.365,54.5454,81.8181,,,,,,,190.9089,290.9088,90.909,109.0908,,227.275,6799.9932,,,,,,13563.6268,2712.72536,15.6,5,MAHARASHTRA,Retail,9864.666666666666,28410.5,46397.0,44382.0,7752.0,0.35,0.31,1.05,0.35,19.0,61.9,B,150.0,0.0,1,0.0,0.0,4137.68,1424.96,34.4,True,B+,405.0,0.0,0.0,0.0,0.0,0.0,0.0,0.0,0.0,1,1.0,,,,1.0,3,4,Urban Transit Impulse GT,"This cluster consists of small urban GT outlets like paan kiosks, dairies, and tea shops, often near transit points. They cater to on-the-move shoppers seeking quick, affordable impulse purchases, with no premium category sales.","Prioritize counter-top displays and visible merchandising for single-serve, grab-and-go beverage and snack SKUs. Introduce combo offers (e.g., beverage + snack) at Rs. 20-30 price points."
120480.0,2322507,,2322507,Maruty Parlour,Retail,23.616887,72.350787,Gujarat,Mahesana,Mahesana,Panchot,Rural,,Dairy str,Shimal Traders,2.04,1.76,27.12,3.63,4.59,3.71,2.32,56.89,1.59,1.59,1.59,1.59,1.59,1.59,0,8,22,0.0,0.0,0.0,45.0,51.0,57.0,86.0,14.0,248.0,393.0,318.0,595.0,186.0,178.0,68.0,277.0,581.0,1103.0,Low (<30),,,,,251430.0,No,No,No,No,No,No,No,,,,,GT,,,Yes,105.0,<200 sqft,Micro Outlet,GUJARAT,Balance,yes,,,,,20193.6618,90.909,136.365,,,,,,,,,,,,,,463.641,2977.0728,,,,,,23861.6496,1988.4708,6.08,12,GUJARAT,Retail,51.0,50.0,320.5,456.5,144.0,1.59,1.76,2.32,1.59,0.0,49.54,C,15.0,1.0,1,0.0,0.0,2104.34,115.87,5.5,True,C+,1241.0,1.0,0.0,0.0,0.0,0.0,0.0,0.0,0.0,1,1.0,,,,0.0,2,4,Urban Transit Impulse GT,"This cluster consists of small urban GT outlets like paan kiosks, dairies, and tea shops, often near transit points. They cater to on-the-move shoppers seeking quick, affordable impulse purchases, with no premium category sales.","Prioritize counter-top displays and visible merchandising for single-serve, grab-and-go beverage and snack SKUs. Introduce combo offers (e.g., beverage + snack) at Rs. 20-30 price points."
121423.0,2427703,Rajahmundry,2427703,Sri Venkatanagaraju Kg,Retail,16.967282,81.802216,Andhra Pradesh,East Godavari,Rajahmundry Rural,Rajahmundry (Rajmndry Rrl sub-distt) Pt 2 of 2,Urban,Rajahmundry +OG (Raj'mndry Rrl sub-distt) Pt 2 of 2,,Premsai Chemicals And Lubricants,3.98,1.32,0.24,45.87,0.64,0.0,2.72,55.73,3.87,55.73,55.73,55.73,55.73,55.73,7,26,51,1.0,1.0,6.0,33.0,91.0,392.0,336.0,1196.0,1907.0,1446.0,1853.0,1617.0,692.0,905.0,452.0,2404.0,4228.0,2823.0,High (>100),0.0,0.0,0.0,0.0,54632.0,No,No,No,No,No,No,No,,,,,Others,Periphery,1.0,No,110.0,<200 sqft,Micro Outlet,ANDHRA PRADESH,Rajahmundry,yes,,,90.909,,545.454,272.727,3715.632,,,,,,,,,,,,,,1720.2,2327.2704,,,,,,8672.1924,2168.0481,13.75,4,South India,Retail,172.0,766.0,1676.5,1735.0,683.0,55.73,0.24,0.0,3.87,8.0,53.02,C,150.0,0.0,1,0.0,0.0,3702.62,1534.57,41.4,True,C+,637.0,0.0,0.0,0.0,0.0,0.0,0.0,0.0,0.0,1,1.0,,,,1.0,2,4,Urban Transit Impulse GT,"This cluster consists of small urban GT outlets like paan kiosks, dairies, and tea shops, often near transit points. They cater to on-the-move shoppers seeking quick, affordable impulse purchases, with no premium category sales.","Prioritize counter-top displays and visible merchandising for single-serve, grab-and-go beverage and snack SKUs. Introduce combo offers (e.g., beverage + snack) at Rs. 20-30 price points."
117023.0,2690305,,2690305,Shiv Sakti Pan,Retail,22.829803,70.819782,Gujarat,Rajkot,Morvi,Madhapar,Rural,,Cig / Paan Kiosk,Payal Sales Agency,2.58,0.24,9.7,3.94,42.3,1.67,1.32,0.64,0.41,0.41,0.41,0.41,0.41,0.41,6,27,66,0.0,0.0,0.0,1.0,1.0,1.0,2.0,0.0,12.0,19.0,16.0,29.0,9.0,6.0,2.0,8.0,25.0,58.0,Low (<30),,,,,909101.0,Yes,No,No,No,No,No,No,Rs. 5,Rs. 5,,,GT,,,No,50.0,<200 sqft,Micro Outlet,GUJARAT,Balance,yes,,,,,7612.644,272.727,,,,,,,,,,,,,,,,2119.3666,,,,,,10004.7376,1250.5922,5.0,8,GUJARAT,Retail,1.0,1.0,15.5,22.5,5.666666666666667,0.41,0.24,1.32,0.41,6.0,30.62,C,15.0,0.0,1,0.0,0.0,1253.19,2.6,0.2,True,C+,1288.0,0.0,1.0,0.0,0.0,0.0,0.0,0.0,0.0,1,1.0,5.0,5.0,,0.0,2,4,Urban Transit Impulse GT,"This cluster consists of small urban GT outlets like paan kiosks, dairies, and tea shops, often near transit points. They cater to on-the-move shoppers seeking quick, affordable impulse purchases, with no premium category sales.","Prioritize counter-top displays and visible merchandising for single-serve, grab-and-go beverage and snack SKUs. Introduce combo offers (e.g., beverage + snack) at Rs. 20-30 price points."
121427.0,2796493,,2796493,NAANAYAM MALLIGAI,Retail,10.95993333,79.81330333,Pondicherry,Karaikal,Karaikal,Karaikal,Urban,Rafinagar,,Gebsy Marketing,2.21,0.0,3.15,0.0,9.52,96.91,5.52,0.0,3.18,0.0,0.0,0.0,0.0,0.0,1.0,15.0,28.0,0.0,0.0,1.0,4.0,5.0,6.0,8.0,9.0,14.0,11.0,12.0,12.0,4.0,4.0,6.0,18.0,28.0,29.0,Low (<30),0.0,0.0,0.0,0.0,188934.0,No,No,No,No,No,No,No,,,,,Others,,,No,100.0,<200 sqft,Micro Outlet,PUDHUCHERRY,Balance,yes,,,,,,,,,,,,,,,,,,,,,,436.3632,,,,,,436.3632,436.3632,1.0,1,South India,Retail,5.0,8.5,12.5,12.0,4.666666666666667,0.0,0.0,5.52,0.0,1.0,6.52,D,15.0,0.0,1,0.0,0.0,0.0,-436.36,,False,D,1476.0,0.0,0.0,0.0,0.0,0.0,0.0,0.0,0.0,1,1.0,,,,1.0,1,4,Urban Transit Impulse GT,"This cluster consists of small urban GT outlets like paan kiosks, dairies, and tea shops, often near transit points. They cater to on-the-move shoppers seeking quick, affordable impulse purchases, with no premium category sales.","Prioritize counter-top displays and visible merchandising for single-serve, grab-and-go beverage and snack SKUs. Introduce combo offers (e.g., beverage + snack) at Rs. 20-30 price points."
117884.0,2386102,,2386102,Anil Ice Cream,Retail,27.39804,74.569694,Rajasthan,Nagaur,Didwana,Chand Basni,Rural,,Ice Cream Parlour (Stand-alone),Krishana Traders,6.91,35.62,58.88,101.47,17.86,60.69,1.48,98.37,39.57,59.01,59.01,59.01,59.01,59.01,26,54,62,0.0,0.0,0.0,2.0,3.0,4.0,5.0,1.0,10.0,15.0,28.0,37.0,21.0,17.0,6.0,12.0,26.0,98.0,Low (<30),0.0,0.0,0.0,0.0,58807.0,No,No,No,No,No,No,No,,,,,GT,,,Yes,135.0,<200 sqft,Micro Outlet,RAJASTHAN,Balance,yes,45275.0553,,,,909.09,618.1812,,2254.5432,,,,,,32290.8768,,,36490.8726,1636.362,,,,3999.996,,,,,,123474.9771,10289.581425,8.92,12,North India,Retail,3.0,3.0,12.5,32.5,14.666666666666666,59.01,35.62,1.48,39.57,26.0,94.3,A,15.0,1.0,1,0.0,0.0,3114.22,-7175.36,-230.4,False,A,840.0,1.0,0.0,0.0,0.0,0.0,0.0,0.0,0.0,1,1.0,,,,0.0,4,4,Urban Transit Impulse GT,"This cluster consists of small urban GT outlets like paan kiosks, dairies, and tea shops, often near transit points. They cater to on-the-move shoppers seeking quick, affordable impulse purchases, with no premium category sales.","Prioritize counter-top displays and visible merchandising for single-serve, grab-and-go beverage and snack SKUs. Introduce combo offers (e.g., beverage + snack) at Rs. 20-30 price points."
119428.0,2336292,Panipat,2336292,Rinku Tea Stall,Retail,29.405026,76.952839,Haryana,Panipat,Panipat,Panipat,Urban,Kacha Camp,Tea Shop (Hot),Radhika Sales - TT,8.42,0.74,0.89,31.54,1.32,0.0,1.94,1.75,0.93,0.93,0.93,0.93,0.93,0.93,20,64,124,2.0,20.0,25.0,19.0,38.0,40.0,91.0,188.0,227.0,165.0,456.0,361.0,66.0,90.0,240.0,253.0,481.0,1060.0,Low (<30),74.0,19.0,2.0,0.0,387910.0,No,Yes,No,No,No,No,No,Rs. 5,,Rs. 5,,GT,,,No,80.0,<200 sqft,Micro Outlet,HARYANA,Balance,yes,,,,,9403.9452,,,,,,,,,,,,,4640.3136,,,,15552.5604,,,,,,29596.8192,2466.4016,4.75,12,North India,Retail,32.333333333333336,139.5,196.0,408.5,132.0,0.93,0.74,0.0,0.93,22.0,58.0,C,15.0,0.0,1,0.0,0.0,1092.86,-1373.54,-125.7,False,C,1490.0,0.0,0.0,1.0,0.0,0.0,0.0,0.0,0.0,1,1.0,5.0,,5.0,1.0,2,4,Urban Transit Impulse GT,"This cluster consists of small urban GT outlets like paan kiosks, dairies, and tea shops, often near transit points. They cater to on-the-move shoppers seeking quick, affordable impulse purchases, with no premium category sales.","Prioritize counter-top displays and visible merchandising for single-serve, grab-and-go beverage and snack SKUs. Introduce combo offers (e.g., beverage + snack) at Rs. 20-30 price points."
117091.0,2672357,Bhilai,2672357,Bhaina Pan Thela,Retail,21.1947821,81.3382862,Chattisgarh,Durg,Durg,Bhilai Nagar,Urban,State Bank Colony II,Cig / Paan Kiosk,M/S Aayush Enterprises-Rd,2.46,0.33,0.37,6.58,1.0,0.0,0.8,1.55,0.06,0.06,0.06,0.06,0.06,0.06,13,47,93,4.0,18.0,28.0,54.0,57.0,75.0,124.0,144.0,271.0,287.0,245.0,243.0,24.0,28.0,10.0,216.0,525.0,661.0,Medium (30 to 100),562.0,52.0,14.0,0.0,238172.0,Yes,No,No,No,No,No,No,Rs. 5,Rs. 5,,,GT,Urban,2.2,No,50.0,<200 sqft,Micro Outlet,CHHATTISGARH,Bhilai,yes,,,,,199.9998,181.818,1461.7741,,,,,,,,,,,218.1816,,,920.8598,872.7264,,,,,,3855.3597,550.765671,10.57,7,East India,Retail,62.0,134.0,279.0,244.0,20.666666666666668,0.06,0.33,0.0,0.06,17.0,9.3,D,,0.0,1,0.0,1.0,2636.8,2086.04,79.1,True,D+,217.0,0.0,1.0,0.0,0.0,0.0,0.0,0.0,0.0,1,1.0,5.0,5.0,,1.0,1,4,Urban Transit Impulse GT,"This cluster consists of small urban GT outlets like paan kiosks, dairies, and tea shops, often near transit points. They cater to on-the-move shoppers seeking quick, affordable impulse purchases, with no premium category sales.","Prioritize counter-top displays and visible merchandising for single-serve, grab-and-go beverage and snack SKUs. Introduce combo offers (e.g., beverage + snack) at Rs. 20-30 price points."
121040.0,2718525,,2718525,Thacker Restaurant,Retail,22.831813,69.354402,Gujarat,Kachchh,Mandvi,Mandvi,Urban,Mandvi,QSRs (Ind) Stand-alone,R K Enterprise,13.37,0.02,1.07,66.19,57.54,133.7,41.91,130.67,0.25,0.25,0.25,0.25,0.25,0.25,15.0,30.0,35.0,1.0,2.0,2.0,55.0,117.0,502.0,369.0,1312.0,2095.0,1446.0,1806.0,1344.0,542.0,506.0,253.0,1689.0,2667.0,5972.0,High (>100),,,,,210641.0,No,No,No,No,No,No,No,,,,,Restaurants,,,Yes,140.0,<200 sqft,Micro Outlet,GUJARAT,Balance,yes,,,872.7264,,5773.9084,,,,,,,,,,,,323.3199,,,,2586.3895,3818.178,,,,,,13374.5222,1337.45222,7.1,10,GUJARAT,Retail,224.66666666666663,840.5,1770.5,1575.0,433.6666666666667,0.25,0.02,41.91,0.25,16.0,33.16,C,150.0,1.0,1,0.0,0.0,2182.51,845.06,38.7,True,C+,974.0,1.0,0.0,0.0,0.0,0.0,0.0,0.0,0.0,1,1.0,,,,1.0,2,4,Urban Transit Impulse GT,"This cluster consists of small urban GT outlets like paan kiosks, dairies, and tea shops, often near transit points. They cater to on-the-move shoppers seeking quick, affordable impulse purchases, with no premium category sales.","Prioritize counter-top displays and visible merchandising for single-serve, grab-and-go beverage and snack SKUs. Introduce combo offers (e.g., beverage + snack) at Rs. 20-30 price points."
120624.0,2547771,Vijayawada,2547771,Sri Sai Teja Fancy,Retail,16.540469,80.64268,Andhra Pradesh,Krishna,Vijayawada (Urban),Vijayawada,Urban,Andhra Prabha Colony,Cosmetc / Fancy Str (Stand-alone),Golden Traders,0.99,0.06,0.48,2.55,0.53,0.0,1.61,3.43,0.08,0.24,0.08,0.08,0.08,0.08,20,57,122,7.0,16.0,41.0,29.0,62.0,57.0,136.0,239.0,295.0,372.0,586.0,463.0,88.0,100.0,207.0,533.0,899.0,590.0,Medium (30 to 100),55.0,71.0,35.0,2.0,173628.0,No,No,No,No,No,No,No,Rs. 5,,,,GT,,,No,90.0,<200 sqft,Micro Outlet,ANDHRA PRADESH,Vijayawada,yes,,,,,,,1444.968,,,,110.0928,,,,,,,,,,825.696,,,,,,,2380.7568,793.5856,9.0,3,South India,Retail,49.333333333333336,187.5,333.5,524.5,131.66666666666666,0.08,0.06,0.0,0.08,27.0,16.58,D,,0.0,1,0.0,0.0,2157.83,1364.25,63.2,True,D+,596.0,0.0,0.0,0.0,0.0,0.0,0.0,0.0,0.0,1,1.0,5.0,,,1.0,1,4,Urban Transit Impulse GT,"This cluster consists of small urban GT outlets like paan kiosks, dairies, and tea shops, often near transit points. They cater to on-the-move shoppers seeking quick, affordable impulse purchases, with no premium category sales.","Prioritize counter-top displays and visible merchandising for single-serve, grab-and-go beverage and snack SKUs. Introduce combo offers (e.g., beverage + snack) at Rs. 20-30 price points."
121304.0,2526985,,2526985,Shri Rajput Dhaba,Retail,22.622368,75.802313,Madhya Pradesh,Indore,Mhow,Pigdambar,Rural,,N. Ind Restaurnt,Shri Shyam Distributor,1.91,0.9,5.77,0.47,0.05,5.06,1.28,10.5,1.92,10.5,9.19,9.19,8.99,7.12,4,17,39,0.0,0.0,0.0,27.0,28.0,29.0,42.0,9.0,91.0,141.0,119.0,213.0,69.0,64.0,24.0,78.0,182.0,459.0,Low (<30),69.0,0.0,0.0,0.0,86383.0,No,No,No,No,No,No,No,,,,,Restaurants,,,Yes,165.0,<200 sqft,Micro Outlet,MADHYA PRADESH,Indore,yes,,,490.9086,,25036.3386,5872.7214,,,,,,,,54.5454,,,18.1818,3745.4508,,,,27527.2452,,,,,,62745.3918,6274.53918,16.1,10,MADHYA PRADESH,Retail,28.0,25.5,116.0,166.0,52.333333333333336,7.12,0.9,1.28,0.47,4.0,86.82,A,15.0,1.0,1,0.0,0.0,5035.29,-1239.25,-24.6,False,A,465.0,1.0,0.0,0.0,0.0,0.0,0.0,0.0,0.0,1,1.0,,,,0.0,4,4,Urban Transit Impulse GT,"This cluster consists of small urban GT outlets like paan kiosks, dairies, and tea shops, often near transit points. They cater to on-the-move shoppers seeking quick, affordable impulse purchases, with no premium category sales.","Prioritize counter-top displays and visible merchandising for single-serve, grab-and-go beverage and snack SKUs. Introduce combo offers (e.g., beverage + snack) at Rs. 20-30 price points."
118713.0,1857884,Chennai,1857884,Kennedy Fancy Nr,Retail,13.145485,80.2339,Tamil Nadu,Thiruvallur,Ambattur,Madavaram,Urban,Kamaraj Nagar,Cosmetc / Fancy Str (Stand-alone),Svr Enterprises,2.63,0.23,0.87,1.12,0.23,0.15,4.23,3.7,1.37,2.27,1.37,1.37,0.0,1.37,9,38,89,1.0,6.0,10.0,101.0,112.0,134.0,261.0,258.0,401.0,374.0,369.0,364.0,110.0,88.0,31.0,575.0,956.0,686.0,Low (<30),0.0,0.0,0.0,0.0,174203.0,No,No,No,No,No,No,No,Rs. 5,,,,GT,Periphery,0.7,No,115.0,<200 sqft,Micro Outlet,TAMIL NADU,Chennai,yes,,,745.4538,,1909.089,636.363,3079.596,,,,,,,,,,,,,,2379.756,3654.5418,,,,,,12404.7996,1378.311067,10.78,9,South India,Retail,115.66666666666669,259.5,387.5,366.5,76.33333333333333,0.0,0.23,0.15,1.12,10.0,34.4,C,15.0,0.0,1,0.0,0.0,2921.08,1542.77,52.8,True,C+,625.0,0.0,0.0,0.0,0.0,0.0,0.0,0.0,0.0,1,1.0,5.0,,,1.0,2,4,Urban Transit Impulse GT,"This cluster consists of small urban GT outlets like paan kiosks, dairies, and tea shops, often near transit points. They cater to on-the-move shoppers seeking quick, affordable impulse purchases, with no premium category sales.","Prioritize counter-top displays and visible merchandising for single-serve, grab-and-go beverage and snack SKUs. Introduce combo offers (e.g., beverage + snack) at Rs. 20-30 price points."
114935.0,1567490,Mumbai,1567490,Shivam Dairy,Retail,19.102844,72.916374,Maharashtra,Mumbai (Combined),Mumbai,Mumbai (Grtr),Urban,Vikhroli,Dairy str,Excelencia,1.78,0.11,0.48,1.2,0.18,0.14,1.61,0.35,0.12,0.35,0.12,0.12,0.12,0.12,19,52,140,3.0,18.0,39.0,444.0,515.0,484.0,1125.0,1010.0,1235.0,1486.0,1690.0,1362.0,439.0,145.0,287.0,1644.0,2832.0,4370.0,High (>100),800.0,906.0,77.0,53.0,274364.0,No,No,No,No,No,No,No,,,,,GT,Urban,1.7,Yes,100.0,<200 sqft,Micro Outlet,MAHARASHTRA,Mumbai,yes,,,181.818,,8436.3552,272.727,,,,,,,,,,,,218.1816,,,159.0925,6654.5388,,,,,,15922.7131,2653.785517,7.29,6,MAHARASHTRA,Retail,481.0,1067.5,1360.5,1526.0,290.3333333333333,0.12,0.11,0.14,0.12,22.0,60.8,B,150.0,1.0,1,0.0,1.0,2044.12,-609.67,-29.8,False,B,825.0,1.0,0.0,0.0,0.0,0.0,0.0,0.0,0.0,1,1.0,,,,1.0,3,4,Urban Transit Impulse GT,"This cluster consists of small urban GT outlets like paan kiosks, dairies, and tea shops, often near transit points. They cater to on-the-move shoppers seeking quick, affordable impulse purchases, with no premium category sales.","Prioritize counter-top displays and visible merchandising for single-serve, grab-and-go beverage and snack SKUs. Introduce combo offers (e.g., beverage + snack) at Rs. 20-30 price points."
120659.0,1698851,,1698851,Aaa Fancy,Retail,13.424495,77.734292,Karnataka,Kolar,Chik Ballapur,Agalagurki,Rural,,Cosmetc / Fancy Str (Stand-alone),Sahasra Enterprises,7.44,0.35,0.54,41.5,0.51,0.77,0.76,1.0,0.45,0.45,0.45,0.45,0.45,0.45,7,35,47,12.0,26.0,31.0,4.0,7.0,11.0,8.0,1.0,60.0,99.0,82.0,153.0,56.0,60.0,24.0,102.0,153.0,206.0,Low (<30),0.0,0.0,0.0,0.0,77596.0,No,No,No,No,No,No,No,Rs. 5,,,,GT,,,No,105.0,<200 sqft,Micro Outlet,KARNATAKA,Balance,yes,,,,,2954.5425,,10023.1524,,,,,,,,,,,,2909.088,,3568.962,10499.9895,,,,,,29955.7344,3744.4668,14.0,8,West India,Retail,7.333333333333333,4.5,79.5,117.5,46.66666666666666,0.45,0.35,0.76,0.45,19.0,73.38,B,15.0,0.0,1,0.0,0.0,3948.26,203.79,5.2,True,B+,679.0,0.0,0.0,0.0,0.0,0.0,0.0,0.0,0.0,1,1.0,5.0,,,0.0,3,4,Urban Transit Impulse GT,"This cluster consists of small urban GT outlets like paan kiosks, dairies, and tea shops, often near transit points. They cater to on-the-move shoppers seeking quick, affordable impulse purchases, with no premium category sales.","Prioritize counter-top displays and visible merchandising for single-serve, grab-and-go beverage and snack SKUs. Introduce combo offers (e.g., beverage + snack) at Rs. 20-30 price points."
109630.0,2258101,Kolkata,2258101,Taraknath Furniture,Retail,22.66354,88.422384,West Bengal,N. 24 Parganas,North Dum Dum unassignd,North Dum Dum,Urban,North Dum Dum,,Anand Traders,3.74,0.07,0.21,4.89,1.86,4.97,0.53,3.17,2.85,3.17,2.85,3.17,2.85,2.85,17,52,115,0.0,2.0,3.0,349.0,764.0,2616.0,2173.0,6147.0,9399.0,8463.0,11121.0,11147.0,4397.0,4453.0,2227.0,22651.0,20605.0,20529.0,High (>100),0.0,0.0,0.0,0.0,160945.0,No,No,No,No,No,No,No,,,,,Others,Periphery,4.6,No,130.0,<200 sqft,Micro Outlet,WEST BENGAL,Balance,yes,11498.013,,,,9327.2634,90.909,12187.2732,,,,989.8344,,,5323.3164,,,4127.2686,4999.2072,,,7058.1581,22671.129,,,,,,78272.3723,6522.697692,26.67,12,East India,Retail,1243.0,4160.0,8931.0,11134.0,3692.3333333333335,2.85,0.07,0.53,2.85,17.0,87.64,A,150.0,0.0,1,0.0,0.0,7514.71,992.02,13.2,True,A+,192.0,0.0,0.0,0.0,0.0,0.0,0.0,0.0,0.0,1,1.0,,,,1.0,4,4,Urban Transit Impulse GT,"This cluster consists of small urban GT outlets like paan kiosks, dairies, and tea shops, often near transit points. They cater to on-the-move shoppers seeking quick, affordable impulse purchases, with no premium category sales.","Prioritize counter-top displays and visible merchandising for single-serve, grab-and-go beverage and snack SKUs. Introduce combo offers (e.g., beverage + snack) at Rs. 20-30 price points."
121252.0,2176371,,2176371,Jonny Hotal 2,Afh - Others,28.203986,76.770718,Haryana,Rewari,Rewari,Dharuhera,Urban,Dharuhera,S. Ind Restaurnt,Vs Enterprises - TT,3.56,1.57,23.52,30.38,2.04,0.0,12.02,3.04,3.04,3.04,3.04,3.04,3.04,3.04,3,10,18,0.0,0.0,0.0,71.0,133.0,421.0,330.0,866.0,1319.0,858.0,1061.0,748.0,308.0,304.0,152.0,929.0,2287.0,3832.0,High (>100),57.0,6.0,11.0,10.0,287340.0,No,No,No,No,No,No,No,,,,,Restaurants,,,Yes,180.0,<200 sqft,Micro Outlet,HARYANA,Balance,yes,67505.9683,,,,4873.5379,,,5991.2994,,,,,,10436.3532,,,36509.7975,272.727,6488.5432,,,14329.9253,,,,,,146408.1518,12200.679317,15.67,12,North India,OPSC21-AFH - Others,208.3333333333333,598.0,1088.5,904.5,254.66666666666663,3.04,1.57,0.0,3.04,3.0,95.86,A,150.0,1.0,1,0.0,0.0,4872.69,-7327.99,-150.4,False,A,844.0,1.0,0.0,0.0,0.0,0.0,0.0,0.0,0.0,1,1.0,,,,1.0,4,4,Urban Transit Impulse GT,"This cluster consists of small urban GT outlets like paan kiosks, dairies, and tea shops, often near transit points. They cater to on-the-move shoppers seeking quick, affordable impulse purchases, with no premium category sales.","Prioritize counter-top displays and visible merchandising for single-serve, grab-and-go beverage and snack SKUs. Introduce combo offers (e.g., beverage + snack) at Rs. 20-30 price points."
111462.0,S01164368,Muzaffarpur,S01164368,Munna Pan,Retail,26.129895,85.369668,Bihar,Muzaffarpur,Musahari,Muzaffarpur,Urban,Imli Chatti Chowk,Cig / Paan Kiosk,Prabhat Traders,2.08,0.12,0.77,2.43,1.23,0.0,1.3,2.09,2.09,2.09,2.09,2.09,2.09,2.09,15,68,152,3.0,42.0,55.0,81.0,117.0,116.0,245.0,370.0,430.0,376.0,464.0,405.0,103.0,125.0,205.0,313.0,579.0,1896.0,Low (<30),106.0,71.0,23.0,2.0,91089.0,Yes,No,No,No,No,No,No,Rs. 5,Rs. 5,,,GT,Urban,1.1,No,50.0,<200 sqft,Micro Outlet,BIHAR,Muzaffarpur,yes,1890.9072,,,,5699.6004,,32478.545,218.1816,,,1987.1004,,,381.8178,,,1945.4526,2026.8768,,,9324.3612,9249.7938,,,,,,65202.6368,5433.553067,17.33,12,East India,Retail,104.66666666666669,307.5,403.0,434.5,144.33333333333334,2.09,0.12,0.0,2.09,18.0,84.0,A,15.0,0.0,1,0.0,1.0,4665.65,-767.9,-16.5,False,A,416.0,0.0,1.0,0.0,0.0,0.0,0.0,0.0,0.0,1,1.0,5.0,5.0,,1.0,4,4,Urban Transit Impulse GT,"This cluster consists of small urban GT outlets like paan kiosks, dairies, and tea shops, often near transit points. They cater to on-the-move shoppers seeking quick, affordable impulse purchases, with no premium category sales.","Prioritize counter-top displays and visible merchandising for single-serve, grab-and-go beverage and snack SKUs. Introduce combo offers (e.g., beverage + snack) at Rs. 20-30 price points."
121804.0,S00329613,Raipur,S00329613,J.M.V. Parlour,Retail,21.223587,81.66762,Chattisgarh,Raipur,Raipur,Raipur (Chattis),Urban,Dr. Rajendra Prasad,Dairy str,G.N.Sales,2.61,0.08,1.43,6.21,0.94,0.0,1.37,1.08,0.38,0.38,0.38,0.38,0.38,0.38,9,31,92,0.0,6.0,17.0,45.0,41.0,52.0,98.0,102.0,183.0,192.0,171.0,155.0,25.0,26.0,13.0,176.0,309.0,494.0,Medium (30 to 100),89.0,91.0,14.0,10.0,164050.0,No,No,No,No,No,No,No,,,,,GT,Urban,1.1,Yes,115.0,<200 sqft,Micro Outlet,CHHATTISGARH,Balance,yes,10493.2704,,,,25919.3532,4539.9198,,,,,,,,4911.4578,,,12257.6961,7720.5531,,,,51675.4797,,,,,,117517.7301,11751.77301,19.8,10,East India,Retail,46.0,100.0,187.5,163.0,21.33333333333333,0.38,0.08,0.0,0.38,9.0,95.48,A,,1.0,1,0.0,1.0,5802.77,-5949.01,-102.5,False,A,794.0,1.0,0.0,0.0,0.0,0.0,0.0,0.0,0.0,1,1.0,,,,1.0,4,4,Urban Transit Impulse GT,"This cluster consists of small urban GT outlets like paan kiosks, dairies, and tea shops, often near transit points. They cater to on-the-move shoppers seeking quick, affordable impulse purchases, with no premium category sales.","Prioritize counter-top displays and visible merchandising for single-serve, grab-and-go beverage and snack SKUs. Introduce combo offers (e.g., beverage + snack) at Rs. 20-30 price points."
100629.0,S01338455,Kolkata,S01338455,Pankaj Pan Shop,Retail,22.592125,88.35709,West Bengal,Kolkata,Kolkata,Kolkata,Urban,Ahiritola,Cig / Paan Kiosk,S. D. Agency,2.06,0.05,0.48,0.56,0.04,0.03,0.56,0.37,0.24,0.24,0.24,0.24,0.24,0.24,52,174,337,4.0,29.0,50.0,421.0,619.0,518.0,1193.0,1527.0,1397.0,1785.0,2200.0,1609.0,848.0,293.0,921.0,2483.0,2924.0,5443.0,High (>100),0.0,0.0,0.0,0.0,199171.0,Yes,No,No,No,No,No,No,Rs. 5,Rs. 5,,,GT,Urban,0.4,No,40.0,<200 sqft,Micro Outlet,WEST BENGAL,Kolkata,yes,,,,,81.4229,,2021.9492,,,,55.0464,,,,,,,,,,380.3352,108.3004,,,,,,2647.0541,330.881763,7.0,8,East India,Retail,519.3333333333334,1360.0,1591.0,1904.5,687.3333333333334,0.24,0.05,0.03,0.24,56.0,4.24,D,150.0,0.0,1,0.0,1.0,1341.47,1010.59,75.3,True,D+,840.0,0.0,1.0,0.0,0.0,0.0,0.0,0.0,0.0,1,1.0,5.0,5.0,,1.0,1,4,Urban Transit Impulse GT,"This cluster consists of small urban GT outlets like paan kiosks, dairies, and tea shops, often near transit points. They cater to on-the-move shoppers seeking quick, affordable impulse purchases, with no premium category sales.","Prioritize counter-top displays and visible merchandising for single-serve, grab-and-go beverage and snack SKUs. Introduce combo offers (e.g., beverage + snack) at Rs. 20-30 price points."
114613.0,1815903,Visakhapatnam,1815903,Amritha Varshini P S,Retail,17.825163,83.356733,Andhra Pradesh,Visakhapatnam,Visakhapatnam (Urban),Visakhapatnam,Urban,Paradesipalem,Cig / Paan Kiosk,Sri Vigneswara Agencies,10.13,0.19,0.56,7.5,0.14,0.0,13.43,0.92,0.41,0.41,0.41,0.41,0.41,0.41,18,36,56,4.0,12.0,15.0,8.0,14.0,14.0,30.0,50.0,57.0,59.0,72.0,47.0,13.0,12.0,59.0,87.0,168.0,109.0,Low (<30),116.0,57.0,41.0,32.0,58160.0,Yes,No,No,No,No,No,No,Rs. 5,Rs. 5,,,GT,Urban,1.1,No,50.0,<200 sqft,Micro Outlet,ANDHRA PRADESH,Visakhapatnam,yes,90.909,,90.909,,5254.5402,,5749.9725,,,,,,,,,,,,,,5490.2535,10954.5345,,,,,,27631.1187,2302.593225,16.83,12,South India,Retail,12.0,40.0,58.0,59.5,28.0,0.41,0.19,0.0,0.41,22.0,55.56,C,15.0,0.0,1,0.0,1.0,4488.08,2185.49,48.7,True,C+,331.0,0.0,1.0,0.0,0.0,0.0,0.0,0.0,0.0,1,1.0,5.0,5.0,,1.0,2,4,Urban Transit Impulse GT,"This cluster consists of small urban GT outlets like paan kiosks, dairies, and tea shops, often near transit points. They cater to on-the-move shoppers seeking quick, affordable impulse purchases, with no premium category sales.","Prioritize counter-top displays and visible merchandising for single-serve, grab-and-go beverage and snack SKUs. Introduce combo offers (e.g., beverage + snack) at Rs. 20-30 price points."
120427.0,2167506,,2167506,Sarfaraj Tea Stall,Retail,27.577473,80.672875,Uttar Pradesh,Sitapur,Sitapur,Sitapur,Urban,N'brhd No. 20,Tea Shop (Hot),Shivraj Enterpises-Tt,6.12,0.24,0.71,22.08,3.31,0.98,1.0,78.0,5.46,77.95,77.95,77.95,77.95,77.95,10,33,50,4.0,6.0,8.0,88.0,111.0,102.0,180.0,337.0,325.0,343.0,808.0,685.0,428.0,455.0,1258.0,505.0,781.0,3401.0,Medium (30 to 100),0.0,0.0,0.0,0.0,69142.0,No,Yes,No,No,No,No,No,Rs. 5,,Rs. 5,,GT,,,No,80.0,<200 sqft,Micro Outlet,UTTAR PRADESH,Balance,yes,,,,,727.272,,848.217,127.2726,,,1767.8628,,,,,,,1018.1808,,,1272.3255,2481.8157,,,,,,8242.9464,1030.3683,10.38,8,UTTAR PRADESH,SC05-Retail,100.33333333333331,258.5,334.0,746.5,713.6666666666666,77.95,0.24,0.98,5.46,14.0,23.8,D,,0.0,1,0.0,0.0,2735.45,1705.08,62.3,True,D+,366.0,0.0,0.0,1.0,0.0,0.0,0.0,0.0,0.0,1,1.0,5.0,,5.0,1.0,1,4,Urban Transit Impulse GT,"This cluster consists of small urban GT outlets like paan kiosks, dairies, and tea shops, often near transit points. They cater to on-the-move shoppers seeking quick, affordable impulse purchases, with no premium category sales.","Prioritize counter-top displays and visible merchandising for single-serve, grab-and-go beverage and snack SKUs. Introduce combo offers (e.g., beverage + snack) at Rs. 20-30 price points."
112903.0,2326688,Gurugram,2326688,Pankaj Paan,Retail,28.682335,76.93164,Haryana,Jhajjar,Bahadurgarh,Bahadurgarh,Urban,Bahadurgarh +OG,Cig / Paan Kiosk,Sonu Cold Drinks,1.79,0.21,20.99,24.44,0.1,0.0,2.12,21.82,0.81,19.33,19.33,19.33,19.33,19.33,16,43,67,0.0,0.0,0.0,585.0,1178.0,2401.0,2506.0,4221.0,5939.0,4110.0,5248.0,4541.0,1776.0,1603.0,802.0,5192.0,11455.0,20850.0,High (>100),0.0,0.0,0.0,0.0,184913.0,Yes,No,No,No,No,No,No,Rs. 5,Rs. 5,,,GT,Periphery,1.7,No,65.0,<200 sqft,Micro Outlet,HARYANA,Delhi,yes,2090.907,,,,8139.9162,1818.18,13.3929,90.909,,,,,,490.9086,,,1327.2714,3345.0573,,,8.9286,16434.7716,,,,,,33760.2426,3376.02426,13.8,10,North India,Retail,1388.0,3363.5,5024.5,4894.5,1393.6666666666667,19.33,0.21,0.0,0.81,16.0,69.9,B,150.0,0.0,1,0.0,0.0,3636.3,260.28,7.2,True,B+,663.0,0.0,1.0,0.0,0.0,0.0,0.0,0.0,0.0,1,1.0,5.0,5.0,,1.0,3,4,Urban Transit Impulse GT,"This cluster consists of small urban GT outlets like paan kiosks, dairies, and tea shops, often near transit points. They cater to on-the-move shoppers seeking quick, affordable impulse purchases, with no premium category sales.","Prioritize counter-top displays and visible merchandising for single-serve, grab-and-go beverage and snack SKUs. Introduce combo offers (e.g., beverage + snack) at Rs. 20-30 price points."
100965.0,1471626,Delhi,1471626,Benarashi Pan,Retail,28.691113,77.100793,Delhi,Delhi,Delhi,Delhi,Urban,Saraswati Vihar,Cig / Paan Kiosk,Super Agencies,3.68,0.39,0.84,1.45,0.25,0.09,1.21,0.73,0.55,0.69,0.55,0.55,0.55,0.55,14,69,187,1.0,16.0,38.0,1109.0,627.0,767.0,1292.0,1016.0,1621.0,1705.0,1783.0,1605.0,387.0,218.0,196.0,1513.0,3260.0,6042.0,High (>100),0.0,0.0,0.0,0.0,364369.0,Yes,No,No,No,No,No,No,Rs. 5,Rs. 5,,,GT,Urban,13.147,Yes,55.0,<200 sqft,Micro Outlet,NEW DELHI,Delhi,yes,23149.3842,,327.2724,,12031.2153,2177.864,,927.2718,,,,,,7199.9928,,,12903.5448,5372.328,,,,19982.1947,,,,,,84071.068,7005.922333,28.67,12,North India,Retail,834.3333333333334,1154.0,1663.0,1694.0,267.0,0.55,0.39,0.09,0.55,15.0,88.76,A,150.0,1.0,1,0.0,1.0,8204.37,1198.45,14.6,True,A+,170.0,1.0,1.0,0.0,0.0,0.0,0.0,0.0,0.0,1,1.0,5.0,5.0,,1.0,4,4,Urban Transit Impulse GT,"This cluster consists of small urban GT outlets like paan kiosks, dairies, and tea shops, often near transit points. They cater to on-the-move shoppers seeking quick, affordable impulse purchases, with no premium category sales.","Prioritize counter-top displays and visible merchandising for single-serve, grab-and-go beverage and snack SKUs. Introduce combo offers (e.g., beverage + snack) at Rs. 20-30 price points."
113525.0,2126402,Siliguri,2126402,Tapash Pan Ghor,Retail,26.702865,88.41883,West Bengal,Darjiling,Siliguri (Darj'lng distt) Pt 1 of 2,Siliguri,Urban,Milan Pally Housing,Cig / Paan Kiosk,Essdee,3.8,0.19,1.64,110.64,0.53,103.71,1.13,0.39,0.24,0.24,0.24,0.24,0.24,0.24,18,64,131,0.0,2.0,6.0,210.0,260.0,292.0,462.0,569.0,764.0,735.0,489.0,505.0,112.0,117.0,103.0,942.0,1187.0,1948.0,High (>100),44.0,93.0,45.0,10.0,145319.0,Yes,No,No,No,No,No,No,Rs. 5,Rs. 5,,,GT,Urban,0.9,No,50.0,<200 sqft,Micro Outlet,WEST BENGAL,Siliguri,yes,8841.0987,,,,8154.5373,2999.997,4.5872,2538.3375,163.6362,,4.5872,,,3041.1042,,,4090.1148,6027.2667,1389.7236,,9.1744,13799.9862,,,,,,51064.151,4255.345917,28.67,12,East India,Retail,254.0,515.5,749.5,497.0,110.66666666666669,0.24,0.19,1.13,0.24,18.0,77.58,B,150.0,0.0,1,0.0,1.0,7870.81,3615.47,45.9,True,B+,68.0,0.0,1.0,0.0,0.0,0.0,0.0,0.0,0.0,1,1.0,5.0,5.0,,1.0,3,4,Urban Transit Impulse GT,"This cluster consists of small urban GT outlets like paan kiosks, dairies, and tea shops, often near transit points. They cater to on-the-move shoppers seeking quick, affordable impulse purchases, with no premium category sales.","Prioritize counter-top displays and visible merchandising for single-serve, grab-and-go beverage and snack SKUs. Introduce combo offers (e.g., beverage + snack) at Rs. 20-30 price points."
114935.0,1568864,Mumbai,1568864,Mahalaxmi Pan Bidi,Retail,19.100277,72.886787,Maharashtra,Mumbai (Combined),Mumbai,Mumbai (Grtr),Urban,Sakinaka,Cig / Paan Kiosk,Chetana Trading,2.04,0.2,1.1,0.4,0.14,0.28,0.38,0.37,0.06,0.06,0.06,0.06,0.06,0.06,24,78,142,2.0,12.0,60.0,445.0,503.0,480.0,1180.0,1119.0,1432.0,1735.0,2174.0,1677.0,420.0,150.0,480.0,1740.0,2744.0,5722.0,High (>100),898.0,2273.0,289.0,68.0,228397.0,Yes,No,No,No,No,No,No,Rs. 5,Rs. 5,,,GT,Urban,3.9,No,50.0,<200 sqft,Micro Outlet,MAHARASHTRA,Mumbai,yes,,,,,,,940.9185,,,,,,,,,,,,,,750.0075,,,,,,,1690.926,338.1852,3.6,5,MAHARASHTRA,Retail,476.0,1149.5,1583.5,1925.5,350.0,0.06,0.2,0.28,0.06,26.0,4.4,D,150.0,0.0,1,0.0,1.0,529.71,191.53,36.2,True,D+,1329.0,0.0,1.0,0.0,0.0,0.0,0.0,0.0,0.0,1,1.0,5.0,5.0,,1.0,1,4,Urban Transit Impulse GT,"This cluster consists of small urban GT outlets like paan kiosks, dairies, and tea shops, often near transit points. They cater to on-the-move shoppers seeking quick, affordable impulse purchases, with no premium category sales.","Prioritize counter-top displays and visible merchandising for single-serve, grab-and-go beverage and snack SKUs. Introduce combo offers (e.g., beverage + snack) at Rs. 20-30 price points."
102350.0,2583424,Bareilly,2583424,Cash,Retail,28.3646258,79.4243438,Uttar Pradesh,Bareilly,Bareilly,Bareilly,Urban,Jatav Pura,,Gargi Enterprises-Bareilly-Sdp,1.61,0.28,0.47,1.87,0.49,0.88,2.25,0.7,0.24,0.42,0.24,0.24,0.24,0.24,36,120,219,6.0,11.0,13.0,172.0,195.0,218.0,447.0,555.0,807.0,840.0,1146.0,1105.0,369.0,358.0,435.0,753.0,1267.0,4014.0,High (>100),33.0,12.0,0.0,1.0,83564.0,No,No,No,No,No,No,No,,,,,Others,Urban,0.8,No,110.0,<200 sqft,Micro Outlet,UTTAR PRADESH,Bareilly,yes,8163.6282,,,,5863.6305,463.6359,2410.722,1490.9076,,,2084.8281,,4221.8172,1599.9984,4581.8184,,4163.6322,3709.0872,5454.5448,,1915.1847,10399.9896,1583.84,,,,,58107.2648,8301.037829,24.0,7,UTTAR PRADESH,Retail,195.0,501.0,823.5,1125.5,387.3333333333333,0.24,0.28,0.88,0.24,42.0,91.56,A,150.0,0.0,1,0.0,1.0,6458.71,-1842.33,-28.5,False,A,521.0,0.0,0.0,0.0,0.0,0.0,0.0,0.0,0.0,1,1.0,,,,1.0,4,4,Urban Transit Impulse GT,"This cluster consists of small urban GT outlets like paan kiosks, dairies, and tea shops, often near transit points. They cater to on-the-move shoppers seeking quick, affordable impulse purchases, with no premium category sales.","Prioritize counter-top displays and visible merchandising for single-serve, grab-and-go beverage and snack SKUs. Introduce combo offers (e.g., beverage + snack) at Rs. 20-30 price points."
113267.0,S00514410,Mumbai,S00514410,Shrada Pan Shop.,Retail,18.995155,72.848812,Maharashtra,Mumbai (Combined),Mumbai,Mumbai (Grtr),Urban,Sewri,Cig / Paan Kiosk,Remy Distributors,0.48,0.08,0.56,0.73,0.04,0.3,0.73,2.45,0.2,0.2,0.2,0.2,0.2,0.2,20,59,116,12.0,31.0,71.0,184.0,252.0,232.0,503.0,580.0,674.0,831.0,948.0,754.0,234.0,81.0,221.0,868.0,1380.0,2438.0,High (>100),293.0,389.0,171.0,95.0,279334.0,Yes,No,No,No,No,No,No,Rs. 5,Rs. 5,,,GT,Urban,0.9,No,50.0,<200 sqft,Micro Outlet,MAHARASHTRA,Mumbai,yes,,,,,872.7264,90.909,16541.4635,,,,,,,,,,,,,,12874.6305,3704.3448,,,,,,34084.0742,2840.339517,11.75,12,MAHARASHTRA,Retail,222.66666666666663,541.5,752.5,851.0,178.66666666666666,0.2,0.08,0.3,0.2,32.0,63.76,B,150.0,0.0,1,0.0,1.0,3019.48,179.14,5.9,True,B+,690.0,0.0,1.0,0.0,0.0,0.0,0.0,0.0,0.0,1,1.0,5.0,5.0,,1.0,3,4,Urban Transit Impulse GT,"This cluster consists of small urban GT outlets like paan kiosks, dairies, and tea shops, often near transit points. They cater to on-the-move shoppers seeking quick, affordable impulse purchases, with no premium category sales.","Prioritize counter-top displays and visible merchandising for single-serve, grab-and-go beverage and snack SKUs. Introduce combo offers (e.g., beverage + snack) at Rs. 20-30 price points."
121940.0,1950298,Kolkata,1950298,Ramu Pan Stall,Retail,22.897534,88.404175,West Bengal,Hugli,Hugli-Chinsurah +OG (Hugli distt) Pt 1 of 2,Hugli-Chinsurah,Urban,,Cig / Paan Kiosk,Nandi Traders,2.03,0.16,0.78,23.78,0.89,8.14,1.13,7.08,1.2,5.37,5.37,5.37,5.37,5.37,10,74,120,0.0,9.0,15.0,75.0,106.0,107.0,165.0,186.0,239.0,285.0,340.0,295.0,131.0,119.0,21.0,582.0,494.0,590.0,Medium (30 to 100),0.0,0.0,0.0,0.0,125564.0,Yes,No,No,No,No,No,No,Rs. 5,Rs. 5,,,GT,Periphery,29.9,Yes,60.0,<200 sqft,Micro Outlet,WEST BENGAL,Balance,yes,18.1818,,,,4981.8132,2309.0886,4934.2845,,,,274.2312,,,18.1818,,,18.1818,3345.4512,,,5198.382,10545.444,,,,,,31643.2401,2636.936675,14.5,12,East India,Retail,96.0,175.5,262.0,317.5,90.33333333333331,5.37,0.16,1.13,1.2,10.0,60.64,B,,1.0,1,0.0,0.0,4196.01,1559.07,37.2,True,B+,375.0,1.0,1.0,0.0,0.0,0.0,0.0,0.0,0.0,1,1.0,5.0,5.0,,1.0,3,4,Urban Transit Impulse GT,"This cluster consists of small urban GT outlets like paan kiosks, dairies, and tea shops, often near transit points. They cater to on-the-move shoppers seeking quick, affordable impulse purchases, with no premium category sales.","Prioritize counter-top displays and visible merchandising for single-serve, grab-and-go beverage and snack SKUs. Introduce combo offers (e.g., beverage + snack) at Rs. 20-30 price points."
120743.0,S01441223,Vadodara,S01441223,Falguni Snacks,Retail,22.292298,73.275222,Gujarat,Vadodara,Vadodara,Ankhol,Rural,,Chats & Snacks (Stand-alone),Paras Trading Corporation,3.91,2.56,4.92,9.77,3.66,94.78,6.58,6.68,2.32,3.76,3.76,3.76,3.76,3.76,1,10,15,0.0,0.0,0.0,0.0,4.0,7.0,1.0,0.0,25.0,41.0,46.0,71.0,29.0,27.0,10.0,39.0,66.0,124.0,Medium (30 to 100),,,,,165442.0,No,No,No,No,No,No,No,,,,,GT,Periphery,2.3,Yes,225.0,200–300 sqft,Small Outlet,GUJARAT,Vadodara,yes,163.6362,,2253.7554,,19580.2204,2719.366,,,,,,,,,,,,1522.5288,409.0905,,,20308.2828,,,,,,46956.8801,3913.073342,16.0,12,GUJARAT,Retail,3.6666666666666665,0.5,33.0,58.5,22.0,3.76,2.56,6.58,2.32,1.0,74.94,B,,1.0,1,0.0,0.0,5216.79,1303.71,25.0,True,B+,435.0,1.0,0.0,0.0,0.0,0.0,0.0,0.0,0.0,1,2.0,,,,0.0,3,4,Urban Transit Impulse GT,"This cluster consists of small urban GT outlets like paan kiosks, dairies, and tea shops, often near transit points. They cater to on-the-move shoppers seeking quick, affordable impulse purchases, with no premium category sales.","Prioritize counter-top displays and visible merchandising for single-serve, grab-and-go beverage and snack SKUs. Introduce combo offers (e.g., beverage + snack) at Rs. 20-30 price points."
115250.0,2490602,Kanpur,2490602,Tea Plus,Retail,26.421197,80.413398,Uttar Pradesh,Kanpur Nagar,Kanpur,Kanpur,Urban,Jajmau South,Tea Shop (Hot),Primewest Marketing P.Ltd.-Sdp,4.9,0.61,2.15,7.29,2.86,1.47,4.5,7.06,0.04,0.2,0.04,0.04,0.04,0.04,11,47,111,0.0,1.0,3.0,39.0,42.0,50.0,98.0,111.0,170.0,143.0,190.0,175.0,57.0,59.0,38.0,146.0,248.0,649.0,High (>100),63.0,48.0,27.0,0.0,135511.0,No,Yes,No,No,No,No,No,Rs. 5,,Rs. 5,,GT,Urban,0.6,No,45.0,<200 sqft,Micro Outlet,UTTAR PRADESH,Kanpur,yes,,,,,1396.0466,90.909,6343.1958,,,,2403.8532,,,,,,,1286.1654,,,3379.2453,4467.9804,,,,,,19367.3957,1613.949642,11.92,12,UTTAR PRADESH,Retail,43.66666666666666,104.5,156.5,182.5,51.333333333333336,0.04,0.61,1.47,0.04,11.0,40.62,C,150.0,0.0,1,0.0,1.0,3117.74,1503.79,48.2,True,C+,650.0,0.0,0.0,1.0,0.0,0.0,0.0,0.0,0.0,1,1.0,5.0,,5.0,1.0,2,4,Urban Transit Impulse GT,"This cluster consists of small urban GT outlets like paan kiosks, dairies, and tea shops, often near transit points. They cater to on-the-move shoppers seeking quick, affordable impulse purchases, with no premium category sales.","Prioritize counter-top displays and visible merchandising for single-serve, grab-and-go beverage and snack SKUs. Introduce combo offers (e.g., beverage + snack) at Rs. 20-30 price points."
120792.0,2806014,Surat,2806014,GAYTRI DAIRY 4799,Retail,21.14441697,72.86809358,Gujarat,Surat,Surat City,Surat,Urban,Bhestan,Dairy str,Sunrise Efficient Marketing Ltd.,0.79,0.47,1.5,7.47,7.32,52.66,2.45,5.96,0.86,1.05,1.05,1.05,1.05,1.05,9,50,129,0.0,3.0,8.0,44.0,65.0,72.0,117.0,212.0,301.0,321.0,680.0,576.0,252.0,228.0,483.0,544.0,891.0,1450.0,Medium (30 to 100),,,,,166235.0,No,No,No,No,No,No,No,,,,,GT,Urban,0.8,Yes,90.0,<200 sqft,Micro Outlet,GUJARAT,Surat,yes,,,509.0904,,3599.9964,454.545,777.2805,,,,,218.182,312.7272,,,,,654.5448,,,1272.74,4599.9954,,,,,,12399.1017,3099.775425,19.0,4,GUJARAT,Retail,60.333333333333336,164.5,311.0,628.0,321.0,1.05,0.47,2.45,0.86,9.0,67.2,B,,1.0,1,0.0,1.0,5407.49,2307.72,42.7,True,B+,233.0,1.0,0.0,0.0,0.0,0.0,0.0,0.0,0.0,1,1.0,,,,1.0,3,4,Urban Transit Impulse GT,"This cluster consists of small urban GT outlets like paan kiosks, dairies, and tea shops, often near transit points. They cater to on-the-move shoppers seeking quick, affordable impulse purchases, with no premium category sales.","Prioritize counter-top displays and visible merchandising for single-serve, grab-and-go beverage and snack SKUs. Introduce combo offers (e.g., beverage + snack) at Rs. 20-30 price points."
121920.0,S01096048,,S01096048,Mukim Pan Shop,Retail,22.529055,88.269262,West Bengal,S. 24 Parganas,Maheshtala unassignd,Maheshtala,Urban,Kata Potti,Cig / Paan Kiosk,Maa Tara Agency,4.22,0.39,0.54,2.35,1.76,1.48,0.61,0.97,0.12,0.12,0.12,0.12,0.12,0.12,17.0,55.0,150.0,0.0,3.0,4.0,29.0,78.0,62.0,166.0,386.0,323.0,415.0,588.0,439.0,308.0,232.0,315.0,626.0,731.0,1659.0,High (>100),0.0,0.0,0.0,0.0,104424.0,Yes,No,No,No,No,No,No,Rs. 5,Rs. 5,,,GT,,,No,45.0,<200 sqft,Micro Outlet,WEST BENGAL,Balance,yes,,,,,163.6362,,944.5952,,,,,,,,,,,9.0909,163.6362,,678.9056,2009.0889,,,,,,3968.953,330.746083,7.08,12,East India,Retail,56.333333333333336,276.0,369.0,513.5,285.0,0.12,0.39,0.61,0.12,17.0,4.22,D,150.0,0.0,1,0.0,0.0,1692.36,1361.61,80.5,True,D+,600.0,0.0,1.0,0.0,0.0,0.0,0.0,0.0,0.0,1,1.0,5.0,5.0,,1.0,1,4,Urban Transit Impulse GT,"This cluster consists of small urban GT outlets like paan kiosks, dairies, and tea shops, often near transit points. They cater to on-the-move shoppers seeking quick, affordable impulse purchases, with no premium category sales.","Prioritize counter-top displays and visible merchandising for single-serve, grab-and-go beverage and snack SKUs. Introduce combo offers (e.g., beverage + snack) at Rs. 20-30 price points."
118654.0,2380353,,2380353,Shri Krushna Dudh Dairy,Retail,20.406847,78.135402,Maharashtra,Yavatmal,Yavatmal,Pimpalgaon,Rural,,Dairy str,Sumit Agencies,8.27,0.1,0.62,120.04,0.02,336.62,2.72,67.23,1.21,63.2,63.2,63.2,63.2,63.2,7,31,80,5.0,8.0,23.0,50.0,40.0,30.0,123.0,27.0,260.0,404.0,300.0,592.0,175.0,170.0,65.0,446.0,837.0,721.0,Low (<30),0.0,0.0,0.0,0.0,100810.0,No,No,No,No,No,No,No,,,,,GT,,,Yes,85.0,<200 sqft,Micro Outlet,MAHARASHTRA,Balance,yes,,,,,11882.5993,454.545,,,,,4.5455,,,,,,,,,,4.5455,6881.4174,,,,,,19227.6527,1602.304392,5.25,12,MAHARASHTRA,Retail,40.0,75.0,332.0,446.0,136.66666666666666,63.2,0.1,2.72,1.21,12.0,40.24,C,15.0,1.0,1,0.0,0.0,1761.32,159.01,9.0,True,C+,1227.0,1.0,0.0,0.0,0.0,0.0,0.0,0.0,0.0,1,1.0,,,,0.0,2,4,Urban Transit Impulse GT,"This cluster consists of small urban GT outlets like paan kiosks, dairies, and tea shops, often near transit points. They cater to on-the-move shoppers seeking quick, affordable impulse purchases, with no premium category sales.","Prioritize counter-top displays and visible merchandising for single-serve, grab-and-go beverage and snack SKUs. Introduce combo offers (e.g., beverage + snack) at Rs. 20-30 price points."
117945.0,1916721,Delhi,1916721,Raju Pan,Retail,28.649235,77.293298,Delhi,Delhi,Delhi,Delhi,Urban,Anarkali,Cig / Paan Kiosk,Shivani Enterprises,2.74,0.07,0.34,1.37,0.53,0.18,0.85,0.78,0.23,0.42,0.23,0.23,0.23,0.23,25,109,241,7.0,22.0,39.0,1423.0,807.0,1022.0,1688.0,1372.0,2158.0,2042.0,1687.0,1657.0,390.0,248.0,120.0,2004.0,4146.0,6796.0,High (>100),0.0,0.0,0.0,0.0,376217.0,Yes,No,No,No,No,No,No,Rs. 5,Rs. 5,,,GT,Urban,2.31617,Yes,55.0,<200 sqft,Micro Outlet,NEW DELHI,Delhi,yes,345.4542,,,,2209.4852,272.727,2204.1045,,,,375.0012,,,127.2726,,,181.818,509.0904,,,1719.6705,4154.1474,,,,,,12098.771,1728.395857,15.43,7,North India,SC05-Retail,1084.0,1530.0,2100.0,1672.0,252.66666666666663,0.23,0.07,0.18,0.23,32.0,43.36,C,150.0,1.0,1,0.0,1.0,4245.72,2517.33,59.3,True,C+,229.0,1.0,1.0,0.0,0.0,0.0,0.0,0.0,0.0,1,1.0,5.0,5.0,,1.0,2,4,Urban Transit Impulse GT,"This cluster consists of small urban GT outlets like paan kiosks, dairies, and tea shops, often near transit points. They cater to on-the-move shoppers seeking quick, affordable impulse purchases, with no premium category sales.","Prioritize counter-top displays and visible merchandising for single-serve, grab-and-go beverage and snack SKUs. Introduce combo offers (e.g., beverage + snack) at Rs. 20-30 price points."
107910.0,S00938584,,S00938584,Amul Apo,Retail,23.133065,83.185315,Chattisgarh,Surguja,Ambikapur,Ambikapur,Urban,Ambikapur,Dairy str,Neha Marketing - Rd,32.7,0.15,3.0,161.72,1.93,0.0,4.29,92.17,0.97,92.17,92.17,92.17,92.17,92.17,16,52,87,0.0,0.0,1.0,328.0,645.0,1600.0,1470.0,3013.0,4412.0,2582.0,3291.0,2905.0,1253.0,1720.0,860.0,9335.0,17542.0,38998.0,High (>100),0.0,0.0,0.0,0.0,25867.0,No,No,No,No,No,No,No,,,,,GT,,,Yes,100.0,<200 sqft,Micro Outlet,CHHATTISGARH,Balance,yes,18245.0424,,,,19190.5025,2399.9976,2850.3684,3226.8744,,,,,,3041.8944,,,11288.5272,3208.6938,,,2698.8537,24474.6879,,,,,,90625.4423,8238.676573,38.55,11,East India,Retail,857.6666666666666,2241.5,3497.0,3098.0,1277.6666666666667,92.17,0.15,0.0,0.97,16.0,91.46,A,150.0,1.0,1,0.0,0.0,11105.54,2866.87,25.8,True,A+,40.0,1.0,0.0,0.0,0.0,0.0,0.0,0.0,0.0,1,1.0,,,,1.0,4,4,Urban Transit Impulse GT,"This cluster consists of small urban GT outlets like paan kiosks, dairies, and tea shops, often near transit points. They cater to on-the-move shoppers seeking quick, affordable impulse purchases, with no premium category sales.","Prioritize counter-top displays and visible merchandising for single-serve, grab-and-go beverage and snack SKUs. Introduce combo offers (e.g., beverage + snack) at Rs. 20-30 price points."
117305.0,2118029,,2118029,Ashish Pan Dukan,Retail,25.565497,84.662475,Bihar,Bhojpur,Arrah,Arrah,Urban,Majhauwa,Cig / Paan Kiosk,Vagmi Traders,1.07,0.36,19.69,47.73,0.96,0.0,1.86,42.37,39.24,40.39,40.39,40.39,40.39,40.39,29,99,160,0.0,0.0,0.0,28.0,48.0,49.0,88.0,150.0,174.0,159.0,242.0,208.0,60.0,66.0,109.0,106.0,207.0,979.0,Low (<30),78.0,71.0,26.0,2.0,35878.0,Yes,No,No,No,No,No,No,Rs. 5,Rs. 5,,,GT,,,No,45.0,<200 sqft,Micro Outlet,BIHAR,Balance,yes,,,,,2727.27,,5482.872,,,,,,,,,,,,,,5702.9325,2727.27,,,,,,16640.3445,2377.192071,4.57,7,East India,Retail,41.66666666666666,119.0,166.5,225.0,78.33333333333333,40.39,0.36,0.0,39.24,29.0,56.5,C,15.0,0.0,1,0.0,0.0,1117.72,-1259.47,-112.7,False,C,1481.0,0.0,1.0,0.0,0.0,0.0,0.0,0.0,0.0,1,1.0,5.0,5.0,,1.0,2,4,Urban Transit Impulse GT,"This cluster consists of small urban GT outlets like paan kiosks, dairies, and tea shops, often near transit points. They cater to on-the-move shoppers seeking quick, affordable impulse purchases, with no premium category sales.","Prioritize counter-top displays and visible merchandising for single-serve, grab-and-go beverage and snack SKUs. Introduce combo offers (e.g., beverage + snack) at Rs. 20-30 price points."
105452.0,S00463022,,S00463022,Suresh Wine Stores,Retail,15.37969,73.877625,Goa,S. Goa,Mormugao,Sancoale,Urban,Sancoale,,Vasavi Enterprises,6.48,0.0,0.0,6.07,2.22,0.0,1.45,9.99,7.15,0.0,0.0,0.0,0.0,0.0,2,8,11,0.0,0.0,0.0,146.0,282.0,436.0,532.0,679.0,910.0,581.0,712.0,474.0,162.0,81.0,41.0,1309.0,1938.0,2782.0,High (>100),,,,,133069.0,No,No,No,No,No,No,No,,,,,Others,,,No,125.0,<200 sqft,Micro Outlet,GOA,Goa,yes,23990.4903,,272.727,,18611.8426,2181.816,19450.9725,163.6362,545.454,,,327.273,469.0908,12929.6316,2290.9092,636.364,13329.6312,12822.1236,3331.6198,,12606.2515,23522.5068,1134.3883,,,,,148616.7284,12384.727367,33.33,12,West India,Retail,288.0,605.5,745.5,593.0,94.66666666666669,0.0,0.0,0.0,6.07,2.0,96.0,A,150.0,0.0,1,0.0,0.0,9538.66,-2846.07,-29.8,False,A,609.0,0.0,0.0,0.0,0.0,0.0,0.0,0.0,0.0,1,1.0,,,,1.0,4,4,Urban Transit Impulse GT,"This cluster consists of small urban GT outlets like paan kiosks, dairies, and tea shops, often near transit points. They cater to on-the-move shoppers seeking quick, affordable impulse purchases, with no premium category sales.","Prioritize counter-top displays and visible merchandising for single-serve, grab-and-go beverage and snack SKUs. Introduce combo offers (e.g., beverage + snack) at Rs. 20-30 price points."
121337.0,2493565,,2493565,Shree Shyam Tea Point,AFH - Others,27.422158,76.082169,Rajasthan,Jaipur,Viratnagar,Beelwari,Rural,,Tea Shop (Hot),Shivay Sales,11.79,64.67,28.49,54.07,9.42,90.27,44.07,59.18,9.53,53.56,53.08,53.08,53.08,53.08,2,5,15,0.0,0.0,0.0,7.0,8.0,9.0,24.0,6.0,48.0,75.0,100.0,137.0,77.0,83.0,33.0,43.0,89.0,408.0,Low (<30),0.0,0.0,0.0,0.0,151520.0,No,Yes,No,No,No,No,No,Rs. 5,,Rs. 5,,GT,,,No,65.0,<200 sqft,Micro Outlet,RAJASTHAN,Balance,yes,5859.1905,,,,3609.0873,163.6362,475.8595,,,,384.324,,,893.28,,,3768.8945,1645.4529,,,351.6298,4590.9045,,,,,,21742.2592,2717.7824,13.88,8,North India,OPSC21-AFH - Others,8.0,15.0,61.5,118.5,64.33333333333333,53.08,28.49,44.07,9.53,2.0,62.0,B,15.0,0.0,1,0.0,0.0,3928.06,1210.28,30.8,True,B+,462.0,0.0,0.0,1.0,0.0,0.0,0.0,0.0,0.0,1,1.0,5.0,,5.0,0.0,3,4,Urban Transit Impulse GT,"This cluster consists of small urban GT outlets like paan kiosks, dairies, and tea shops, often near transit points. They cater to on-the-move shoppers seeking quick, affordable impulse purchases, with no premium category sales.","Prioritize counter-top displays and visible merchandising for single-serve, grab-and-go beverage and snack SKUs. Introduce combo offers (e.g., beverage + snack) at Rs. 20-30 price points."
115685.0,2525509,,2525509,Aanhalmilk,Retail,29.935492,78.073142,Uttaranchal,Hardwar,Hardwar,Ranipur,Rural,,Dairy str,Sumit Trading Co-Tt,3.44,1.23,29.98,1.8,1.03,0.0,4.67,1.39,1.39,1.39,1.39,1.39,1.39,1.39,8,23,49,0.0,0.0,0.0,2.0,3.0,4.0,5.0,1.0,10.0,16.0,15.0,24.0,8.0,6.0,2.0,12.0,23.0,41.0,Low (<30),0.0,0.0,0.0,0.0,275864.0,No,No,No,No,No,No,No,,,,,GT,,,Yes,105.0,<200 sqft,Micro Outlet,UTTARANCHAL,Balance,yes,11203.1514,,,,1773.9124,,136.365,3049.7994,,,,,,4195.2528,,,11967.5772,872.7264,,,,35733.1767,,,,,,68931.9613,5744.330108,17.17,12,North India,Retail,3.0,3.0,13.0,19.5,5.333333333333333,1.39,1.23,0.0,1.39,8.0,85.12,A,15.0,1.0,1,0.0,0.0,5219.14,-525.19,-10.1,False,A,378.0,1.0,0.0,0.0,0.0,0.0,0.0,0.0,0.0,1,1.0,,,,0.0,4,4,Urban Transit Impulse GT,"This cluster consists of small urban GT outlets like paan kiosks, dairies, and tea shops, often near transit points. They cater to on-the-move shoppers seeking quick, affordable impulse purchases, with no premium category sales.","Prioritize counter-top displays and visible merchandising for single-serve, grab-and-go beverage and snack SKUs. Introduce combo offers (e.g., beverage + snack) at Rs. 20-30 price points."
