DIST_CD,OUTLET_UID_EDITED,pepsi_top_city_name,outlet_code,outlet_name,channel,latitude,longitude,state,district,taluk,city_village,sector,nbrhd,sub_channel_name,nearest_pepsi_distributor_name,nearest_pepsi_distributer_distance_in_km,distance_to_nearest_school_in_km,distance_to_nearest_college_in_km,distance_to_nearest_large_office_in_km,distance_to_nearest_liqour_str_in_km,distance_to_nearest_bus_stn_in_km,distance_to_nearest_train_stn_in_km,distance_to_nearest_malls,distance_to_nearest_theatres,distance_to_nearest_temple,distance_to_nearest_church,distance_to_nearest_mosque,distance_to_nearest_gurdwara,distance_to_nearest_jain_temple,no_of_schools_in_a_1_km_radius,no_of_schools_in_a_2_km_radius,no_of_schools_in_a_3_km_radius,no_of_colleges_in_a_1_km_radius,no_of_colleges_in_a_2_km_radius,no_of_colleges_in_a_3_km_radius,sec_a1_hhs,sec_a2_hhs,sec_a3_hhs,sec_b1_hhs,sec_b2_hhs,sec_c1_hhs,sec_c2_hhs,sec_d1_hhs,sec_d2_hhs,sec_e1_hhs,sec_e2_hhs,sec_e3_hhs,3_member_hhs,4_member_hhs,5+_member_hhs,estmtd_daily_footfall_tag,no_of_single_floor_bldgs,no_of_two_floor_bldgs,no_of_three_four_floors_bldgs,no_of_abv_five_floors_bldgs,nbrhd_per_capita_income,chocolates_avlblty,biscuits_avlblty,noodles_avlblty,protein_bars_avlblty,oats_avlblty,premium_category_sold,premium_snacks_sold,western_salty_lead_pack,chocolates_lead_pack,biscuits_lead_pack,noodles_lead_pack,store_format,urban_vs_periphery_tagging,distnc_from_city_boundary_km,cooler_available,store_size,store_size_bracket,store size tagging,DB State,Top City,BI,LAYS LARGE 20,DORITOS SMALL 5,CHEETOS MEDIUM 10,QUAKER >L >273,KURKURE MEDIUM 10,DORITOS MEDIUM 10,LAYS SMALL 5,DORITOS LARGE 20,KURKURE >L >30,PROMO>L >30,UNCLE CHIPPS SMALL 5,QUAKER SMALL <99,QUAKER MEDIUM 79-460,UNCLE CHIPPS LARGE 20,QUAKER LARGE 189-380,DORITOS >L >30,KURKURE LARGE 20,UNCLE CHIPPS MEDIUM 10,LAYS >L >30,CHEETOS >L >30,KURKURE SMALL 5,LAYS MEDIUM 10,UNCLE CHIPPS >L >30,KKNMK >L >30,CHEETOS SMALL 5,KKNMK SMALL 5,KKNMK MEDIUM 10,TOTAL_REVENUE,VPO,AVG_SKU,ACTIVE_MONTHS,COHORT,SUB_CHANNEL,sec_a_hhs,sec_b_hhs,sec_c_hhs,sec_d_hhs,sec_e_hhs,distance_to_nearest_religious_place,distance_to_nearest_educational_institute_in_km,distance_to_nearest_transport_stn_in_km,distance_to_nearest_commercial_place,no_of_educational_institute_in_a_1_km_radius,vpo_percentile,priority_bucket,estmtd_daily_footfall_numeric,cooler_available_bin,BI_bin,is_modern_trade,is_urban,predicted_potential_vpo,opportunity_gap,gap_pct_of_potential,has_upside,priority,gap_rank_within_bucket,cooler_available_num,chocolates_avlblty_num,biscuits_avlblty_num,noodles_avlblty_num,protein_bars_avlblty_num,oats_avlblty_num,premium_category_sold_num,premium_snacks_sold_num,BI_num,store_size_bracket_num,western_salty_lead_pack_num,chocolates_lead_pack_num,biscuits_lead_pack_num,is_urban_sector,priority_bucket_num,cluster,segment_label,segment_description,segment_action
121112.0,1420959,Mysore,1420959,Mallikarjuna Pro Store,Retail,12.319101,76.627274,Karnataka,Mysore,Mysore,Mysore,Urban,Jayalakshmipuram,Grocry Dept Str (Stand-alone),Shivamurga Distributors,3.56,0.12,0.18,12.61,0.25,0.26,2.0,0.75,0.14,0.14,0.14,0.14,0.14,0.14,12,43,124,22.0,65.0,154.0,115.0,112.0,132.0,215.0,351.0,440.0,495.0,455.0,419.0,81.0,61.0,47.0,499.0,787.0,1288.0,Medium (30 to 100),52.0,45.0,13.0,4.0,111926.0,Yes,Yes,Yes,Yes,Yes,Yes,No,>Rs. 20,>Rs. 20,>Rs. 20,>Rs. 20,MT,Urban,1.66555,Yes,500.0,300–600 sqft,Core Outlet,KARNATAKA,Mysuru,yes,690.9084,,,,1836.3618,90.909,1220.529,,,,,,,,,,109.0908,,,,1125.699,3709.0872,,,,,,8782.5852,975.8428,8.22,9,West India,Retail,119.66666666666669,283.0,467.5,437.0,63.0,0.14,0.12,0.26,0.14,34.0,21.98,D,,1.0,1,1.0,1.0,3341.83,2365.98,70.8,True,D+,149.0,1.0,1.0,1.0,1.0,1.0,1.0,1.0,0.0,1,,,,,1.0,1,2,Urban Premium Modern Trade,"These are larger, established Modern Trade grocery department stores in urban areas, characterized by 100% cooler availability and exclusive sales of premium categories. Shoppers engage in planned, higher-value purchases for household stock-up and indulgence.","Ensure planogram compliance for premium SKUs, focusing on full range availability and secondary displays for new product launches. Implement targeted promotions for multi-pack and larger formats."
120653.0,2511625,Delhi,2511625,Kishan Mart 1,Retail,28.585017,77.191571,Delhi,Delhi,Delhi,Delhi,Urban,Chanakyapuri,Grocry Dept Str (Stand-alone),Nirman Retail Holdings,8.21,0.4,0.79,1.83,0.98,0.24,0.55,0.11,0.03,0.11,0.11,0.11,0.11,0.11,3,34,83,2.0,11.0,29.0,1676.0,1028.0,1196.0,2189.0,1872.0,2684.0,2676.0,2426.0,2152.0,502.0,399.0,568.0,2898.0,5393.0,7627.0,High (>100),27.0,104.0,94.0,31.0,370820.0,Yes,Yes,Yes,Yes,Yes,Yes,Yes,>Rs. 20,>Rs. 20,>Rs. 20,>Rs. 20,MT,Urban,10.61069,Yes,485.0,300–600 sqft,Core Outlet,NEW DELHI,Gurugram,yes,11854.5336,,,,1018.1808,,,,,,,,3752.7264,1327.2714,14127.2734,6734.5424,3109.0878,327.2724,47067.2467,925.925,,881.8173,2377.777,,,,,93503.6542,7791.971183,13.67,12,North India,Retail,1300.0,2030.5,2680.0,2289.0,489.6666666666667,0.11,0.4,0.24,0.03,5.0,90.52,A,150.0,1.0,1,1.0,1.0,4983.13,-2808.84,-56.4,False,A,604.0,1.0,1.0,1.0,1.0,1.0,1.0,1.0,1.0,1,,,,,1.0,4,2,Urban Premium Modern Trade,"These are larger, established Modern Trade grocery department stores in urban areas, characterized by 100% cooler availability and exclusive sales of premium categories. Shoppers engage in planned, higher-value purchases for household stock-up and indulgence.","Ensure planogram compliance for premium SKUs, focusing on full range availability and secondary displays for new product launches. Implement targeted promotions for multi-pack and larger formats."
116371.0,2471935,,2471935,Jai Mart,Retail,24.28021,74.991011,Madhya Pradesh,Mandsaur,Malhargarh,Malhargarh,Urban,Malhargarh,Grocry Dept Str (Stand-alone),Shree Radhe Traders,18.36,0.07,101.15,193.93,6.84,188.25,2.33,144.75,22.36,141.98,141.98,141.98,141.98,141.93,10,11,13,0.0,0.0,0.0,3.0,7.0,51.0,36.0,202.0,344.0,227.0,282.0,205.0,91.0,126.0,63.0,207.0,398.0,1040.0,High (>100),0.0,0.0,0.0,0.0,126941.0,Yes,Yes,Yes,Yes,Yes,Yes,Yes,>Rs. 20,>Rs. 20,>Rs. 20,>Rs. 20,MT,,,Yes,750.0,600–1000 sqft,Large Outlet,MADHYA PRADESH,Balance,yes,3454.542,,,,1758.8922,181.818,266.178,,,,,,,1454.544,,,3763.6326,1231.62,,,344.2008,3390.5118,,,,,,15845.9394,1440.539945,6.91,11,MADHYA PRADESH,Retail,20.33333333333333,119.0,285.5,243.5,93.33333333333331,141.93,0.07,2.33,22.36,10.0,36.04,C,150.0,1.0,1,1.0,0.0,3774.82,2334.28,61.8,True,C+,286.0,1.0,1.0,1.0,1.0,1.0,1.0,1.0,1.0,1,,,,,1.0,2,2,Urban Premium Modern Trade,"These are larger, established Modern Trade grocery department stores in urban areas, characterized by 100% cooler availability and exclusive sales of premium categories. Shoppers engage in planned, higher-value purchases for household stock-up and indulgence.","Ensure planogram compliance for premium SKUs, focusing on full range availability and secondary displays for new product launches. Implement targeted promotions for multi-pack and larger formats."
119860.0,S01274039,Dhanbad,S01274039,A One Super,Retail,23.665619,86.147485,Jharkhand,Bokaro,Chas,Bokaro Steel City,Urban,Bokaro Steel City,Grocry Dept Str (Stand-alone),Sai Ram Enterprises - Tt,2.78,0.33,21.79,57.24,0.4,0.0,6.34,0.14,0.14,0.14,0.14,0.14,0.14,0.14,14,26,64,0.0,0.0,0.0,1281.0,2300.0,5720.0,4978.0,10229.0,15000.0,8492.0,10887.0,10073.0,4341.0,6115.0,3057.0,10471.0,20031.0,50714.0,High (>100),0.0,0.0,0.0,0.0,98250.0,Yes,Yes,Yes,Yes,Yes,Yes,Yes,>Rs. 20,>Rs. 20,>Rs. 20,>Rs. 20,MT,,,Yes,775.0,600–1000 sqft,Large Outlet,JHARKHAND,Balance,yes,10489.3182,,,,5795.6483,272.727,100.9184,436.3632,,,,,234.5454,2290.9068,,,8685.3672,1286.1654,,,45.872,6994.4628,,,,,,36632.2947,3052.691225,20.5,12,East India,Retail,3100.333333333333,7603.5,11746.0,10480.0,4504.333333333333,0.14,0.33,0.0,0.14,14.0,66.48,B,150.0,1.0,1,1.0,0.0,7533.36,4480.67,59.5,True,B+,25.0,1.0,1.0,1.0,1.0,1.0,1.0,1.0,1.0,1,,,,,1.0,3,2,Urban Premium Modern Trade,"These are larger, established Modern Trade grocery department stores in urban areas, characterized by 100% cooler availability and exclusive sales of premium categories. Shoppers engage in planned, higher-value purchases for household stock-up and indulgence.","Ensure planogram compliance for premium SKUs, focusing on full range availability and secondary displays for new product launches. Implement targeted promotions for multi-pack and larger formats."
120856.0,2596922,,2596922,Govind Super Market,Retail,17.767579,74.113535,Maharashtra,Satara,Koregaon,Bhaktawadi,Rural,,Grocry Dept Str (Stand-alone),S.N.Enterprises,10.17,1.46,10.18,41.3,7.43,14.58,4.3,79.82,12.13,12.13,12.13,12.13,12.13,12.13,4,7,12,0.0,0.0,0.0,2.0,2.0,3.0,6.0,0.0,42.0,68.0,54.0,104.0,32.0,30.0,12.0,47.0,96.0,161.0,Low (<30),0.0,0.0,0.0,0.0,67913.0,Yes,Yes,Yes,Yes,Yes,Yes,Yes,>Rs. 20,>Rs. 20,>Rs. 20,>Rs. 20,MT,,,Yes,825.0,600–1000 sqft,Large Outlet,MAHARASHTRA,Balance,yes,163.6362,,,,2264.821,272.727,,,136.3635,,,,,,,,54.5454,,3541.8939,,454.55,5581.0248,,,,,,12469.5618,1385.506867,8.33,9,MAHARASHTRA,Retail,2.333333333333333,3.0,55.0,79.0,24.666666666666668,12.13,1.46,4.3,12.13,4.0,34.56,C,15.0,1.0,1,1.0,0.0,4419.36,3033.86,68.6,True,C+,115.0,1.0,1.0,1.0,1.0,1.0,1.0,1.0,1.0,1,,,,,0.0,2,2,Urban Premium Modern Trade,"These are larger, established Modern Trade grocery department stores in urban areas, characterized by 100% cooler availability and exclusive sales of premium categories. Shoppers engage in planned, higher-value purchases for household stock-up and indulgence.","Ensure planogram compliance for premium SKUs, focusing on full range availability and secondary displays for new product launches. Implement targeted promotions for multi-pack and larger formats."
119256.0,2298995,Nagpur,2298995,Sai Provision Stores Varchi Kherdi,Retail,21.112785,79.132646,Maharashtra,Nagpur,Nagpur (Urban),Nagpur,Urban,Digori,Grocry Dept Str (Stand-alone),Soham Corporation,2.87,0.19,0.32,7.06,0.54,466.18,4.19,5.67,0.09,0.09,0.09,0.09,0.09,0.09,23,76,155,5.0,11.0,60.0,43.0,110.0,339.0,324.0,831.0,1269.0,731.0,946.0,931.0,374.0,402.0,201.0,1354.0,2818.0,3446.0,High (>100),98.0,113.0,15.0,2.0,199099.0,Yes,Yes,Yes,No,Yes,Yes,No,>Rs. 20,>Rs. 20,>Rs. 20,>Rs. 20,MT,Urban,0.8205,Yes,240.0,200–300 sqft,Small Outlet,MAHARASHTRA,Balance,yes,1930.1742,,640.7115,,3890.5113,1303.952,,163.6362,,,,,,,,,2327.2704,105.1388,,,231.8205,8792.8854,,,,,,19386.1003,1762.372755,15.45,11,MAHARASHTRA,Retail,164.0,577.5,1000.0,938.5,325.6666666666667,0.09,0.19,4.19,0.09,28.0,44.32,C,150.0,1.0,1,1.0,1.0,4756.71,2994.34,62.9,True,C+,119.0,1.0,1.0,1.0,1.0,0.0,1.0,1.0,0.0,1,2.0,,,,1.0,2,2,Urban Premium Modern Trade,"These are larger, established Modern Trade grocery department stores in urban areas, characterized by 100% cooler availability and exclusive sales of premium categories. Shoppers engage in planned, higher-value purchases for household stock-up and indulgence.","Ensure planogram compliance for premium SKUs, focusing on full range availability and secondary displays for new product launches. Implement targeted promotions for multi-pack and larger formats."
120675.0,1524037,Guntur,1524037,Sai Lashmi Dept Stores,Retail,16.301597,80.420755,Andhra Pradesh,Guntur,Guntur,Guntur,Urban,Nagarampalem,Grocry Dept Str (Stand-alone),Pranavi Associates,1.19,0.22,0.42,1.21,0.59,0.0,2.38,1.33,0.11,0.32,0.11,0.11,0.11,0.11,29,98,185,2.0,91.0,126.0,131.0,164.0,181.0,327.0,366.0,530.0,588.0,764.0,625.0,96.0,113.0,172.0,775.0,1453.0,1078.0,Medium (30 to 100),99.0,70.0,12.0,7.0,151585.0,Yes,Yes,Yes,Yes,Yes,Yes,Yes,>Rs. 20,>Rs. 20,>Rs. 20,>Rs. 20,MT,Urban,1.9,Yes,500.0,300–600 sqft,Core Outlet,ANDHRA PRADESH,Guntur,yes,,,,,,,4728.486,,,,,,,,,,,,,,3271.1325,,,,,,,7999.6185,999.952313,8.75,8,South India,Retail,158.66666666666666,346.5,559.0,694.5,127.0,0.11,0.22,0.0,0.11,31.0,22.86,D,,1.0,1,1.0,1.0,3356.48,2356.53,70.2,True,D+,154.0,1.0,1.0,1.0,1.0,1.0,1.0,1.0,1.0,1,,,,,1.0,1,2,Urban Premium Modern Trade,"These are larger, established Modern Trade grocery department stores in urban areas, characterized by 100% cooler availability and exclusive sales of premium categories. Shoppers engage in planned, higher-value purchases for household stock-up and indulgence.","Ensure planogram compliance for premium SKUs, focusing on full range availability and secondary displays for new product launches. Implement targeted promotions for multi-pack and larger formats."
120792.0,1927752,Surat,1927752,Ishwar Krupa Super Mart 4058,Retail,21.138099,72.82639,Gujarat,Surat,Surat City,Surat,Urban,Bamroli,Grocry Dept Str (Stand-alone),Sunrise Efficient Marketing Ltd.,5.17,0.5,1.93,5.6,8.73,52.86,4.16,2.93,0.76,0.76,0.76,0.76,0.76,0.76,13,60,119,0.0,3.0,11.0,14.0,44.0,33.0,65.0,253.0,249.0,356.0,714.0,495.0,251.0,268.0,929.0,686.0,815.0,1251.0,Medium (30 to 100),,,,,123150.0,Yes,Yes,Yes,Yes,Yes,Yes,Yes,>Rs. 20,>Rs. 20,>Rs. 20,>Rs. 20,MT,Urban,4.2,Yes,175.0,<200 sqft,Micro Outlet,GUJARAT,Surat,yes,436.3632,,,,1145.4534,,,,,,,,,54.5454,,,,,,,140.9105,672.7266,,,,,,2449.9991,408.333183,5.86,6,GUJARAT,Retail,30.33333333333333,159.0,302.5,604.5,482.6666666666667,0.76,0.5,4.16,0.76,13.0,5.92,D,,1.0,1,1.0,1.0,1854.71,1446.38,78.0,True,D+,547.0,1.0,1.0,1.0,1.0,1.0,1.0,1.0,1.0,1,1.0,,,,1.0,1,2,Urban Premium Modern Trade,"These are larger, established Modern Trade grocery department stores in urban areas, characterized by 100% cooler availability and exclusive sales of premium categories. Shoppers engage in planned, higher-value purchases for household stock-up and indulgence.","Ensure planogram compliance for premium SKUs, focusing on full range availability and secondary displays for new product launches. Implement targeted promotions for multi-pack and larger formats."
114773.0,2790614,Bengaluru,2790614,AMAR DEPARTMENTAL STORE,Retail,12.987961,77.60838,Karnataka,Bengaluru Urban,Bengaluru,Bengaluru,Urban,Shivaji Nagar,Grocry Dept Str (Stand-alone),Kishore Marketing,2.87,0.17,0.56,0.73,0.25,0.41,1.33,0.45,0.08,0.08,0.08,0.08,0.08,0.08,44,94,205,12.0,44.0,102.0,224.0,304.0,338.0,697.0,855.0,1342.0,1539.0,1682.0,1635.0,355.0,200.0,123.0,1309.0,2326.0,4819.0,Medium (30 to 100),0.0,0.0,0.0,0.0,343542.0,Yes,Yes,Yes,Yes,Yes,Yes,Yes,>Rs. 20,>Rs. 20,>Rs. 20,>Rs. 20,MT,Urban,3.4,Yes,455.0,300–600 sqft,Core Outlet,KARNATAKA,Bengaluru,yes,,,,,1727.271,,109.092,,,,,,,,,,,,,,137.616,6981.8112,,,,,,8955.7902,2238.94755,7.25,4,West India,Retail,288.6666666666667,776.0,1440.5,1658.5,226.0,0.08,0.17,0.41,0.08,56.0,54.5,C,,1.0,1,1.0,1.0,2644.47,405.52,15.3,True,C+,1150.0,1.0,1.0,1.0,1.0,1.0,1.0,1.0,1.0,1,,,,,1.0,2,2,Urban Premium Modern Trade,"These are larger, established Modern Trade grocery department stores in urban areas, characterized by 100% cooler availability and exclusive sales of premium categories. Shoppers engage in planned, higher-value purchases for household stock-up and indulgence.","Ensure planogram compliance for premium SKUs, focusing on full range availability and secondary displays for new product launches. Implement targeted promotions for multi-pack and larger formats."
112197.0,2558416,,2558416,Rmb Madeena Super Market,Retail,12.815467,75.062392,Karnataka,Dakshina Kannada,Bantval,Bolanthuru,Rural,,Grocry Dept Str (Stand-alone),Mas Enterprises,16.69,0.58,7.48,24.96,8.18,6.57,3.39,21.74,2.42,3.81,2.42,2.42,2.42,2.42,1,5,15,0.0,0.0,0.0,8.0,15.0,23.0,28.0,5.0,76.0,119.0,141.0,206.0,86.0,69.0,25.0,86.0,142.0,514.0,Low (<30),110.0,3.0,0.0,0.0,264858.0,Yes,Yes,Yes,Yes,Yes,Yes,Yes,>Rs. 20,>Rs. 20,>Rs. 20,>Rs. 20,MT,,,Yes,330.0,300–600 sqft,Core Outlet,KARNATAKA,Balance,yes,27022.8984,,,,9.0909,,2161.3545,3363.633,136.3635,,,,,181.818,,,9909.081,,5284.346,,627.279,2644.2702,,,,,,51340.1345,4278.344542,20.5,12,West India,Retail,15.333333333333334,16.5,97.5,173.5,60.0,2.42,0.58,3.39,2.42,1.0,77.82,B,15.0,1.0,1,1.0,0.0,6750.09,2471.74,36.6,True,B+,206.0,1.0,1.0,1.0,1.0,1.0,1.0,1.0,1.0,1,,,,,0.0,3,2,Urban Premium Modern Trade,"These are larger, established Modern Trade grocery department stores in urban areas, characterized by 100% cooler availability and exclusive sales of premium categories. Shoppers engage in planned, higher-value purchases for household stock-up and indulgence.","Ensure planogram compliance for premium SKUs, focusing on full range availability and secondary displays for new product launches. Implement targeted promotions for multi-pack and larger formats."
117884.0,2558867,,2558867,Lk Noor Super Market,Retail,27.395371,74.670997,Rajasthan,Nagaur,Didwana,Cholookhan,Rural,,Grocry Dept Str (Stand-alone),Krishana Traders,9.07,39.96,50.02,101.08,17.76,51.68,11.24,97.94,32.88,50.12,50.12,50.12,50.12,50.12,2,6,9,0.0,0.0,0.0,2.0,8.0,14.0,10.0,1.0,44.0,71.0,93.0,131.0,60.0,56.0,21.0,42.0,58.0,388.0,Low (<30),0.0,0.0,0.0,0.0,58653.0,Yes,Yes,Yes,Yes,Yes,Yes,Yes,>Rs. 20,>Rs. 20,>Rs. 20,>Rs. 20,MT,,,Yes,310.0,300–600 sqft,Core Outlet,RAJASTHAN,Balance,yes,9782.601,,,,9472.7178,199.9998,4753.257,709.0902,,,385.3248,,1954.545,6770.745,,,9300.387,3490.9056,,,1041.8784,12636.351,,,,,,60497.8026,5041.48355,20.5,12,North India,Retail,8.0,5.5,57.5,112.0,45.66666666666666,50.12,39.96,11.24,32.88,2.0,82.4,A,15.0,1.0,1,1.0,0.0,6944.4,1902.92,27.4,True,A+,104.0,1.0,1.0,1.0,1.0,1.0,1.0,1.0,1.0,1,,,,,0.0,4,2,Urban Premium Modern Trade,"These are larger, established Modern Trade grocery department stores in urban areas, characterized by 100% cooler availability and exclusive sales of premium categories. Shoppers engage in planned, higher-value purchases for household stock-up and indulgence.","Ensure planogram compliance for premium SKUs, focusing on full range availability and secondary displays for new product launches. Implement targeted promotions for multi-pack and larger formats."
114047.0,2327783,Bengaluru,2327783,Pearl City Super Market,Retail,13.011095,77.674043,Karnataka,Bengaluru Urban,Bengaluru,Bengaluru,Urban,Vijnanapura,Grocry Dept Str (Stand-alone),Jumbotail Wholesale Private Limited,0.73,0.32,0.6,2.4,0.18,0.08,1.18,1.88,0.09,0.11,0.11,0.11,0.11,0.11,26,59,122,2.0,8.0,30.0,104.0,111.0,124.0,305.0,311.0,469.0,489.0,435.0,411.0,112.0,63.0,56.0,607.0,932.0,1008.0,Low (<30),0.0,0.0,0.0,0.0,454064.0,Yes,Yes,Yes,Yes,Yes,Yes,Yes,>Rs. 20,>Rs. 20,>Rs. 20,>Rs. 20,MT,Urban,3.1,Yes,970.0,600–1000 sqft,Large Outlet,KARNATAKA,Bengaluru,yes,,,,,754.9412,,1295.28,,,,,,,,,,,,,,1298.298,1626.8772,,,,,,4975.3964,1243.8491,13.75,4,West India,Retail,113.0,308.0,479.0,423.0,77.0,0.11,0.32,0.08,0.09,28.0,30.34,C,15.0,1.0,1,1.0,1.0,5822.66,4578.81,78.6,True,C+,7.0,1.0,1.0,1.0,1.0,1.0,1.0,1.0,1.0,1,,,,,1.0,2,2,Urban Premium Modern Trade,"These are larger, established Modern Trade grocery department stores in urban areas, characterized by 100% cooler availability and exclusive sales of premium categories. Shoppers engage in planned, higher-value purchases for household stock-up and indulgence.","Ensure planogram compliance for premium SKUs, focusing on full range availability and secondary displays for new product launches. Implement targeted promotions for multi-pack and larger formats."
106886.0,S01127075,,S01127075,Prince Departmental Store,Retail,26.758334,94.203866,Assam,Jorhat,Jorhat East,Jorhat,Urban,Krishna Nagar,Grocry Dept Str (Stand-alone),M/S Vashwat Trade & Associates,1.09,0.13,0.14,246.41,0.34,0.14,1.53,0.06,0.06,0.06,0.06,0.06,0.06,0.06,31,60,82,9.0,14.0,17.0,7.0,5.0,6.0,13.0,12.0,17.0,11.0,7.0,7.0,3.0,2.0,1.0,21.0,26.0,26.0,Medium (30 to 100),0.0,0.0,0.0,0.0,535374.0,Yes,Yes,Yes,Yes,Yes,Yes,Yes,>Rs. 20,>Rs. 20,>Rs. 20,>Rs. 20,MT,,,Yes,1120.0,1000+ sqft,Super Store,ASSAM,Balance,yes,48456.0792,,,,20613.4188,1092.0949,2956.155,1726.4805,,,161.2656,,14072.724,17977.8483,12027.2733,,24445.035,24509.8997,,,245.457,40335.945,,,,,,208619.6763,17384.973025,24.17,12,Northeast India,Retail,6.0,12.5,14.0,7.0,2.0,0.06,0.13,0.14,0.06,40.0,98.12,A,,1.0,1,1.0,0.0,9264.02,-8120.96,-87.7,False,A,869.0,1.0,1.0,1.0,1.0,1.0,1.0,1.0,1.0,1,,,,,1.0,4,2,Urban Premium Modern Trade,"These are larger, established Modern Trade grocery department stores in urban areas, characterized by 100% cooler availability and exclusive sales of premium categories. Shoppers engage in planned, higher-value purchases for household stock-up and indulgence.","Ensure planogram compliance for premium SKUs, focusing on full range availability and secondary displays for new product launches. Implement targeted promotions for multi-pack and larger formats."
119834.0,2769423,Pune,2769423,Shiv Super Market,Retail,18.55177199,73.93145157,Maharashtra,Pune,Pune City,Pune,Urban,Kharadi Infotech,Grocry Dept Str (Stand-alone),Ace Energie,3.25,0.08,0.66,1.94,0.11,0.27,2.78,0.29,0.29,0.29,0.29,0.29,0.29,0.29,8,34,56,1.0,5.0,15.0,56.0,72.0,84.0,230.0,278.0,453.0,461.0,409.0,383.0,78.0,62.0,54.0,550.0,809.0,870.0,High (>100),67.0,102.0,22.0,26.0,238138.0,Yes,Yes,Yes,Yes,Yes,Yes,Yes,>Rs. 20,>Rs. 20,>Rs. 20,>Rs. 20,MT,Urban,1.1,Yes,170.0,<200 sqft,Micro Outlet,MAHARASHTRA,Pune,yes,545.454,,199.9998,,3454.542,218.1816,0.0,,,,,,,90.909,,,363.636,,,,600.006,4581.8136,,,,,,10054.542,1675.757,13.57,6,MAHARASHTRA,Retail,70.66666666666667,254.0,457.0,396.0,64.66666666666667,0.29,0.08,0.27,0.29,9.0,42.14,C,150.0,1.0,1,1.0,1.0,4080.43,2404.67,58.9,True,C+,265.0,1.0,1.0,1.0,1.0,1.0,1.0,1.0,1.0,1,1.0,,,,1.0,2,2,Urban Premium Modern Trade,"These are larger, established Modern Trade grocery department stores in urban areas, characterized by 100% cooler availability and exclusive sales of premium categories. Shoppers engage in planned, higher-value purchases for household stock-up and indulgence.","Ensure planogram compliance for premium SKUs, focusing on full range availability and secondary displays for new product launches. Implement targeted promotions for multi-pack and larger formats."
118259.0,1883194,Hyderabad,1883194,Flex Mart,Retail,17.393202,78.445118,Telangana,Hyderabad,Hyderabad unassignd,Hyderabad,Urban,Mehdipatnam,Grocry Dept Str (Stand-alone),Jumbotail Wholesale Private Limited,1.89,0.06,0.02,0.9,0.47,0.05,2.3,0.31,0.29,0.31,0.29,0.29,0.0,0.29,61,190,348,0.0,55.0,0.0,180.0,206.0,242.0,649.0,591.0,953.0,885.0,663.0,540.0,197.0,115.0,94.0,842.0,1279.0,2452.0,Medium (30 to 100),27.0,35.0,62.0,20.0,148837.0,Yes,Yes,Yes,Yes,Yes,Yes,Yes,>Rs. 20,>Rs. 20,>Rs. 20,>Rs. 20,MT,Urban,4.8,Yes,230.0,200–300 sqft,Small Outlet,TELANGANA,Hyderabad,yes,4149.4032,,636.363,,8335.964,,363.64,,,,,,,,,,1813.437,,,,227.275,8790.509,,,,,,24316.5912,2210.5992,15.0,11,South India,Retail,209.3333333333333,620.0,919.0,601.5,135.33333333333334,0.0,0.02,0.05,0.29,61.0,54.08,C,,1.0,1,1.0,1.0,4352.85,2142.25,49.2,True,C+,348.0,1.0,1.0,1.0,1.0,1.0,1.0,1.0,1.0,1,2.0,,,,1.0,2,2,Urban Premium Modern Trade,"These are larger, established Modern Trade grocery department stores in urban areas, characterized by 100% cooler availability and exclusive sales of premium categories. Shoppers engage in planned, higher-value purchases for household stock-up and indulgence.","Ensure planogram compliance for premium SKUs, focusing on full range availability and secondary displays for new product launches. Implement targeted promotions for multi-pack and larger formats."
113913.0,S01279400,Nagpur,S01279400,Siddhivinayak Super Bazar,Retail,21.132699,79.146759,Maharashtra,Nagpur,Nagpur (Urban),Nagpur,Urban,Vatoda,Grocry Dept Str (Stand-alone),Soham Corporation,3.3,0.19,1.8,7.52,0.32,468.74,1.6,5.81,0.05,0.05,0.05,0.05,0.05,0.05,7,51,136,0.0,8.0,47.0,13.0,65.0,228.0,287.0,832.0,1289.0,845.0,1110.0,1193.0,491.0,619.0,310.0,1330.0,2838.0,3953.0,High (>100),133.0,94.0,25.0,3.0,173934.0,Yes,Yes,Yes,No,Yes,Yes,No,>Rs. 20,>Rs. 20,>Rs. 20,>Rs. 20,MT,Urban,0.8944099999999999,Yes,1600.0,1000+ sqft,Super Store,MAHARASHTRA,Nagpur,yes,7945.4466,,1086.956,,8310.2708,1814.228,,1454.544,1745.4528,,,,,1618.1802,,445.4548,7054.5384,1049.802,3763.6326,,,9521.3352,,,,,,45809.8414,3817.486783,29.92,12,MAHARASHTRA,Retail,102.0,559.5,1067.0,1151.5,473.3333333333333,0.05,0.19,1.6,0.05,7.0,74.0,B,150.0,1.0,1,1.0,1.0,12177.52,8360.04,68.7,True,B+,1.0,1.0,1.0,1.0,1.0,0.0,1.0,1.0,0.0,1,,,,,1.0,3,2,Urban Premium Modern Trade,"These are larger, established Modern Trade grocery department stores in urban areas, characterized by 100% cooler availability and exclusive sales of premium categories. Shoppers engage in planned, higher-value purchases for household stock-up and indulgence.","Ensure planogram compliance for premium SKUs, focusing on full range availability and secondary displays for new product launches. Implement targeted promotions for multi-pack and larger formats."
114047.0,2535514,Bengaluru,2535514,Mathaji Department Store,Retail,12.914992,77.698572,Karnataka,Bengaluru Urban,Bengaluru,Bengaluru,Urban,Bellanduru,Grocry Dept Str (Stand-alone),Sri Lakshmi Enterprises-Marathah'i,4.97,0.31,1.18,0.94,0.04,0.36,1.14,2.82,0.4,0.91,0.4,0.91,0.4,0.4,10,20,44,1.0,1.0,13.0,64.0,46.0,55.0,148.0,95.0,166.0,166.0,145.0,129.0,27.0,16.0,14.0,282.0,283.0,227.0,Low (<30),0.0,0.0,0.0,0.0,392884.0,Yes,Yes,Yes,Yes,Yes,Yes,Yes,>Rs. 20,>Rs. 20,>Rs. 20,>Rs. 20,MT,Urban,0.9,Yes,545.0,300–600 sqft,Core Outlet,KARNATAKA,Bengaluru,yes,,,,,15074.6921,,1236.042,,,,,,,,,,,,,,1566.4455,19116.981,,,,,,36994.1606,3082.846717,11.92,12,West India,Retail,55.0,121.5,166.0,137.0,19.0,0.4,0.31,0.36,0.4,11.0,67.0,B,15.0,1.0,1,1.0,1.0,4576.05,1493.21,32.6,True,B+,395.0,1.0,1.0,1.0,1.0,1.0,1.0,1.0,1.0,1,,,,,1.0,3,2,Urban Premium Modern Trade,"These are larger, established Modern Trade grocery department stores in urban areas, characterized by 100% cooler availability and exclusive sales of premium categories. Shoppers engage in planned, higher-value purchases for household stock-up and indulgence.","Ensure planogram compliance for premium SKUs, focusing on full range availability and secondary displays for new product launches. Implement targeted promotions for multi-pack and larger formats."
105949.0,2735714,Bengaluru,2735714,Sri Agb Mart,Retail,13.071301,77.5062546,Karnataka,Bengaluru Urban,Bengaluru,Bengaluru,Urban,Shettihalli,Grocry Dept Str (Stand-alone),Srilakshmivenkateshwara Enterp,3.21,0.13,0.43,3.22,0.43,0.02,0.39,3.63,0.13,0.4,0.13,0.4,0.13,0.13,12,51,93,13.0,16.0,34.0,44.0,52.0,56.0,126.0,149.0,211.0,227.0,229.0,206.0,48.0,34.0,35.0,301.0,477.0,393.0,Low (<30),86.0,126.0,50.0,11.0,426122.0,Yes,Yes,Yes,Yes,Yes,Yes,Yes,>Rs. 20,>Rs. 20,>Rs. 20,>Rs. 20,MT,Urban,0.6,Yes,930.0,600–1000 sqft,Large Outlet,KARNATAKA,Bengaluru,yes,49718.5281,,6082.999,,24293.6551,4119.3646,1014.7305,2828.4558,,,,545.455,820.9089,,572.7273,1272.728,37819.7259,,22815.802,,191.5365,32575.4676,,,,,,184672.0843,20519.120478,43.44,9,West India,Retail,50.66666666666666,137.5,219.0,217.5,39.0,0.13,0.13,0.02,0.13,25.0,98.46,A,15.0,1.0,1,1.0,1.0,14412.15,-6106.97,-42.4,False,A,800.0,1.0,1.0,1.0,1.0,1.0,1.0,1.0,1.0,1,,,,,1.0,4,2,Urban Premium Modern Trade,"These are larger, established Modern Trade grocery department stores in urban areas, characterized by 100% cooler availability and exclusive sales of premium categories. Shoppers engage in planned, higher-value purchases for household stock-up and indulgence.","Ensure planogram compliance for premium SKUs, focusing on full range availability and secondary displays for new product launches. Implement targeted promotions for multi-pack and larger formats."
121018.0,2266677,,2266677,The Daily Basket,Retail,30.385424,78.074165,Uttaranchal,Dehradun,Dehradun,Johari,Rural,,Grocry Dept Str (Stand-alone),Atin Enterprises,6.56,1.7,1.44,8.11,1.7,0.0,8.82,2.14,1.38,1.38,1.38,1.38,1.38,1.38,5,20,49,0.0,3.0,0.0,25.0,25.0,25.0,34.0,10.0,57.0,86.0,57.0,121.0,30.0,20.0,7.0,98.0,139.0,177.0,Low (<30),0.0,0.0,0.0,0.0,248790.0,Yes,Yes,Yes,Yes,Yes,Yes,Yes,>Rs. 20,>Rs. 20,>Rs. 20,>Rs. 20,MT,,,Yes,1070.0,1000+ sqft,Super Store,UTTARANCHAL,Dehradun,yes,77090.832,,,,,,,10999.989,,,,,938.1816,31636.332,2290.9092,1745.4528,43690.8654,,6763.6296,7111.104,,,,,,,,182267.2956,16569.754145,12.0,11,North India,OPSC21-AFH - Others,25.0,22.0,71.5,89.0,19.0,1.38,1.44,0.0,1.38,5.0,98.0,A,15.0,1.0,1,1.0,0.0,5979.72,-10590.04,-177.1,False,A,899.0,1.0,1.0,1.0,1.0,1.0,1.0,1.0,1.0,1,,,,,0.0,4,2,Urban Premium Modern Trade,"These are larger, established Modern Trade grocery department stores in urban areas, characterized by 100% cooler availability and exclusive sales of premium categories. Shoppers engage in planned, higher-value purchases for household stock-up and indulgence.","Ensure planogram compliance for premium SKUs, focusing on full range availability and secondary displays for new product launches. Implement targeted promotions for multi-pack and larger formats."
118976.0,S01199819,Varanasi,S01199819,Sudha Departmental,Retail,25.268925,82.99973,Uttar Pradesh,Varanasi,Varanasi,Varanasi,Urban,Dumraon Colony,Grocry Dept Str (Stand-alone),Shree Marketing-Sdp,6.35,0.27,0.5,8.45,4.5,0.52,4.39,1.26,0.87,0.87,0.87,0.87,0.87,0.87,9,39,128,10.0,19.0,29.0,99.0,87.0,105.0,221.0,203.0,319.0,230.0,225.0,211.0,78.0,75.0,24.0,193.0,370.0,1113.0,Low (<30),88.0,66.0,21.0,2.0,62617.0,Yes,Yes,Yes,Yes,Yes,Yes,Yes,>Rs. 20,>Rs. 20,>Rs. 20,>Rs. 20,MT,Urban,0.5,Yes,185.0,<200 sqft,Micro Outlet,UTTAR PRADESH,Varanasi,yes,15444.2538,107.1432,,,9064.0238,,5671.6059,2815.8075,,,2240.8488,763.637,1016.3634,4377.8613,763.6364,,11751.7671,2413.437,,,6039.9681,11235.9585,,,,,,73706.3118,6142.19265,34.33,12,UTTAR PRADESH,Retail,97.0,212.0,274.5,218.0,59.0,0.87,0.27,0.52,0.87,19.0,86.34,A,15.0,1.0,1,1.0,1.0,10161.96,4019.77,39.6,True,A+,8.0,1.0,1.0,1.0,1.0,1.0,1.0,1.0,1.0,1,1.0,,,,1.0,4,2,Urban Premium Modern Trade,"These are larger, established Modern Trade grocery department stores in urban areas, characterized by 100% cooler availability and exclusive sales of premium categories. Shoppers engage in planned, higher-value purchases for household stock-up and indulgence.","Ensure planogram compliance for premium SKUs, focusing on full range availability and secondary displays for new product launches. Implement targeted promotions for multi-pack and larger formats."
113113.0,2393679,Thane,2393679,Hari Om Super Market,Retail,19.23651,73.014503,Maharashtra,Thane,Bhiwandi,Kasheli,Rural,,Grocry Dept Str (Stand-alone),Riddhi Enterprises,3.49,0.17,3.08,4.4,1.11,8.55,4.83,3.37,2.31,2.31,2.31,2.31,2.31,2.31,1,9,16,0.0,0.0,1.0,26.0,30.0,34.0,53.0,15.0,92.0,140.0,116.0,208.0,63.0,45.0,16.0,149.0,218.0,365.0,Medium (30 to 100),12.0,10.0,48.0,12.0,113876.0,Yes,Yes,Yes,Yes,Yes,Yes,Yes,>Rs. 20,>Rs. 20,>Rs. 20,>Rs. 20,MT,Periphery,1.1,Yes,670.0,600–1000 sqft,Large Outlet,MAHARASHTRA,Thane,yes,363.636,,,,3272.724,636.363,,,,,,,,,,,363.636,,,,,3927.2688,,,,,,8563.6278,1427.2713,9.5,6,MAHARASHTRA,Retail,30.0,34.0,116.0,162.0,41.333333333333336,2.31,0.17,4.83,2.31,1.0,35.6,C,,1.0,1,1.0,0.0,4279.89,2852.62,66.7,True,C+,145.0,1.0,1.0,1.0,1.0,1.0,1.0,1.0,1.0,1,,,,,0.0,2,2,Urban Premium Modern Trade,"These are larger, established Modern Trade grocery department stores in urban areas, characterized by 100% cooler availability and exclusive sales of premium categories. Shoppers engage in planned, higher-value purchases for household stock-up and indulgence.","Ensure planogram compliance for premium SKUs, focusing on full range availability and secondary displays for new product launches. Implement targeted promotions for multi-pack and larger formats."
121581.0,2579942,,2579942,The Family Bazaar,Retail,19.817597,72.733665,Maharashtra,Thane,Palghar,Pasthal,Urban,Pasthal (CT) - Ward No.1,Grocry Dept Str (Stand-alone),Pridde Enterprises,5.76,0.91,2.6,3.71,3.15,63.07,3.61,39.53,1.77,38.73,38.73,38.73,38.73,38.73,6,16,40,0.0,0.0,2.0,136.0,248.0,378.0,450.0,567.0,760.0,467.0,607.0,604.0,237.0,234.0,117.0,1208.0,1975.0,1294.0,Medium (30 to 100),0.0,0.0,0.0,0.0,170373.0,Yes,Yes,Yes,Yes,Yes,Yes,Yes,>Rs. 20,>Rs. 20,>Rs. 20,>Rs. 20,MT,,,Yes,675.0,600–1000 sqft,Large Outlet,MAHARASHTRA,Balance,yes,,,,,3145.4514,,,181.818,2699.9973,,,,703.6362,,5727.273,599.9994,,,18572.7087,,472.732,872.7264,,,,,,32976.3424,5496.057067,6.57,6,MAHARASHTRA,Retail,254.0,508.5,613.5,605.5,196.0,38.73,0.91,3.61,1.77,6.0,84.28,A,,1.0,1,1.0,0.0,3273.56,-2222.5,-67.9,False,A,551.0,1.0,1.0,1.0,1.0,1.0,1.0,1.0,1.0,1,,,,,1.0,4,2,Urban Premium Modern Trade,"These are larger, established Modern Trade grocery department stores in urban areas, characterized by 100% cooler availability and exclusive sales of premium categories. Shoppers engage in planned, higher-value purchases for household stock-up and indulgence.","Ensure planogram compliance for premium SKUs, focusing on full range availability and secondary displays for new product launches. Implement targeted promotions for multi-pack and larger formats."
121262.0,2172132,Gurugram,2172132,Shree Bala Ji Mart,Retail,28.4084,76.926462,Haryana,Gurugram,Gurugram,Gurugram,Urban,Gharoli Khurd,Grocry Dept Str (Stand-alone),Harshita Enterprises - TT,4.13,3.17,1.72,5.63,0.23,0.0,3.28,5.0,1.09,3.67,3.67,3.67,3.67,3.67,1,10,34,0.0,1.0,1.0,14.0,9.0,10.0,24.0,16.0,24.0,22.0,17.0,17.0,4.0,3.0,7.0,31.0,45.0,55.0,Low (<30),53.0,7.0,8.0,31.0,511211.0,Yes,Yes,Yes,Yes,Yes,Yes,Yes,>Rs. 20,>Rs. 20,>Rs. 20,>Rs. 20,MT,Urban,1.0,Yes,780.0,600–1000 sqft,Large Outlet,HARYANA,Balance,yes,86777.22,,181.818,,8504.34,90.909,,10317.7764,,,,,2658.1812,14282.9898,,539.9997,39032.508,1081.8171,7456.3569,,,17531.2098,,,,,,188455.1259,15704.593825,29.83,12,North India,Retail,11.0,20.0,23.0,17.0,4.666666666666667,3.67,1.72,0.0,1.09,1.0,97.72,A,15.0,1.0,1,1.0,1.0,10311.62,-5392.98,-52.3,False,A,772.0,1.0,1.0,1.0,1.0,1.0,1.0,1.0,1.0,1,,,,,1.0,4,2,Urban Premium Modern Trade,"These are larger, established Modern Trade grocery department stores in urban areas, characterized by 100% cooler availability and exclusive sales of premium categories. Shoppers engage in planned, higher-value purchases for household stock-up and indulgence.","Ensure planogram compliance for premium SKUs, focusing on full range availability and secondary displays for new product launches. Implement targeted promotions for multi-pack and larger formats."
113825.0,S01060298,Jalandhar,S01060298,Pragati Departmental Store,Retail,31.321674,75.571621,Punjab,Jalandhar,Jalandhar - I,Jalandhar,Urban,Friends Colony,Grocry Dept Str (Stand-alone),Cm Associates (P) Ltd-Sdp,1.69,0.22,1.6,2.08,0.53,53.97,2.11,0.11,0.08,0.11,0.11,0.11,0.11,0.11,12,66,118,0.0,8.0,16.0,302.0,220.0,272.0,401.0,405.0,638.0,660.0,749.0,739.0,223.0,194.0,54.0,634.0,1256.0,2534.0,Medium (30 to 100),32.0,35.0,21.0,6.0,178486.0,Yes,Yes,Yes,Yes,Yes,Yes,Yes,>Rs. 20,>Rs. 20,>Rs. 20,>Rs. 20,MT,Urban,1.5,Yes,585.0,300–600 sqft,Core Outlet,PUNJAB,Jalandhar,yes,2927.2698,,545.454,,3054.5424,90.909,790.917,,,,218.184,,,1054.5444,,,1036.3626,1390.9077,,,518.187,5545.449,,,,,,17172.7269,1717.27269,11.4,10,North India,Retail,264.6666666666667,403.0,649.0,744.0,157.0,0.11,0.22,2.11,0.08,12.0,43.16,C,,1.0,1,1.0,1.0,4465.25,2747.98,61.5,True,C+,168.0,1.0,1.0,1.0,1.0,1.0,1.0,1.0,1.0,1,,,,,1.0,2,2,Urban Premium Modern Trade,"These are larger, established Modern Trade grocery department stores in urban areas, characterized by 100% cooler availability and exclusive sales of premium categories. Shoppers engage in planned, higher-value purchases for household stock-up and indulgence.","Ensure planogram compliance for premium SKUs, focusing on full range availability and secondary displays for new product launches. Implement targeted promotions for multi-pack and larger formats."
121423.0,2427988,Rajahmundry,2427988,Aravandhi Mini Mart,Retail,16.9693153,81.787452,Andhra Pradesh,East Godavari,Rajahmundry (Urban),Rajahmundry,Urban,N'brhd No. 90,Grocry Dept Str (Stand-alone),Premsai Chemicals And Lubricants,2.59,0.25,1.67,47.4,1.11,0.0,1.7,55.08,3.2,55.08,55.08,55.08,55.08,55.08,5,31,55,0.0,1.0,33.0,27.0,40.0,42.0,87.0,130.0,162.0,129.0,110.0,107.0,28.0,28.0,56.0,190.0,339.0,209.0,Low (<30),88.0,55.0,8.0,4.0,135423.0,Yes,Yes,Yes,Yes,Yes,Yes,Yes,>Rs. 20,>Rs. 20,>Rs. 20,>Rs. 20,MT,Urban,0.2,Yes,545.0,300–600 sqft,Core Outlet,ANDHRA PRADESH,Rajahmundry,yes,4272.723,,709.0902,,3109.0878,,2408.28,,,,,545.455,859.9998,,572.7273,,2090.907,,,,1169.736,4145.4504,,,,,,19883.4565,1988.34565,11.5,10,South India,Retail,36.333333333333336,108.5,145.5,108.5,37.333333333333336,55.08,0.25,0.0,3.2,5.0,49.52,C,15.0,1.0,1,1.0,1.0,4476.46,2488.12,55.6,True,C+,241.0,1.0,1.0,1.0,1.0,1.0,1.0,1.0,1.0,1,,,,,1.0,2,2,Urban Premium Modern Trade,"These are larger, established Modern Trade grocery department stores in urban areas, characterized by 100% cooler availability and exclusive sales of premium categories. Shoppers engage in planned, higher-value purchases for household stock-up and indulgence.","Ensure planogram compliance for premium SKUs, focusing on full range availability and secondary displays for new product launches. Implement targeted promotions for multi-pack and larger formats."
115866.0,1760350,,1760350,Sabale Bazar,Retail,17.685528,74.023506,Maharashtra,Satara,Satara,Sangam Mahuli,Rural,,Grocry Dept Str (Stand-alone),S.N.Enterprises,3.34,0.6,0.67,48.36,0.29,3.16,4.24,85.96,1.81,1.81,1.81,1.81,1.81,1.81,10,46,67,5.0,10.0,17.0,11.0,11.0,12.0,20.0,4.0,47.0,73.0,59.0,110.0,33.0,26.0,10.0,55.0,120.0,182.0,High (>100),0.0,0.0,0.0,0.0,102549.0,Yes,Yes,Yes,Yes,Yes,Yes,Yes,>Rs. 20,>Rs. 20,>Rs. 20,>Rs. 20,MT,,,Yes,1175.0,1000+ sqft,Super Store,MAHARASHTRA,Balance,yes,,,2228.4574,,37593.6678,4363.632,,,10383.7845,,,,,,,,545.454,109.0908,46348.1775,,,54273.5076,,,,,,155845.7716,12987.147633,22.83,12,MAHARASHTRA,Retail,11.333333333333334,12.0,60.0,84.5,23.0,1.81,0.6,3.16,1.81,15.0,96.44,A,150.0,1.0,1,1.0,0.0,9307.94,-3679.21,-39.5,False,A,669.0,1.0,1.0,1.0,1.0,1.0,1.0,1.0,1.0,1,,,,,0.0,4,2,Urban Premium Modern Trade,"These are larger, established Modern Trade grocery department stores in urban areas, characterized by 100% cooler availability and exclusive sales of premium categories. Shoppers engage in planned, higher-value purchases for household stock-up and indulgence.","Ensure planogram compliance for premium SKUs, focusing on full range availability and secondary displays for new product launches. Implement targeted promotions for multi-pack and larger formats."
117263.0,2410214,,2410214,F.C Mart,Retail,30.273354,76.038139,Punjab,Sangrur,Sangrur,Bhawanigarh,Urban,Bhawanigarh,Grocry Dept Str (Stand-alone),Shri Guru Nanak Trading Co-Tt,3.38,0.48,0.71,12.13,0.99,25.49,10.55,2.93,0.86,2.93,2.93,2.93,1.03,1.03,3.0,14.0,16.0,1.0,2.0,2.0,69.0,176.0,290.0,392.0,535.0,726.0,461.0,594.0,563.0,237.0,304.0,152.0,610.0,1316.0,2793.0,Medium (30 to 100),0.0,0.0,0.0,0.0,255566.0,Yes,Yes,Yes,Yes,Yes,Yes,Yes,>Rs. 20,>Rs. 20,>Rs. 20,>Rs. 20,MT,,,Yes,455.0,300–600 sqft,Core Outlet,PUNJAB,Balance,yes,9545.445,,,,9590.8995,545.454,727.2381,436.3632,,,,,,327.2724,,,3103.5546,218.1816,,,1280.5381,16218.1656,,,,,,41993.1121,3499.426008,11.75,12,North India,Retail,178.33333333333334,463.5,593.5,578.5,231.0,1.03,0.48,10.55,0.86,4.0,71.08,B,,1.0,1,1.0,0.0,4370.63,871.21,19.9,True,B+,539.0,1.0,1.0,1.0,1.0,1.0,1.0,1.0,1.0,1,,,,,1.0,3,2,Urban Premium Modern Trade,"These are larger, established Modern Trade grocery department stores in urban areas, characterized by 100% cooler availability and exclusive sales of premium categories. Shoppers engage in planned, higher-value purchases for household stock-up and indulgence.","Ensure planogram compliance for premium SKUs, focusing on full range availability and secondary displays for new product launches. Implement targeted promotions for multi-pack and larger formats."
119670.0,S01397225,Pune,S01397225,Jai Laxmi Super Market,Retail,18.479332,73.890037,Maharashtra,Pune,Pune City,Pune,Urban,Kondhwa Khurd,Grocry Dept Str (Stand-alone),Ace Energie,5.97,0.27,0.3,3.16,0.52,0.07,5.26,0.72,0.22,0.25,0.22,0.22,0.22,0.22,15,39,71,2.0,7.0,37.0,133.0,114.0,139.0,299.0,255.0,449.0,476.0,414.0,397.0,84.0,53.0,46.0,559.0,777.0,1039.0,High (>100),27.0,66.0,55.0,56.0,289703.0,Yes,Yes,Yes,Yes,Yes,Yes,Yes,>Rs. 20,>Rs. 20,>Rs. 20,>Rs. 20,MT,Urban,2.2,Yes,425.0,300–600 sqft,Core Outlet,MAHARASHTRA,Pune,yes,11282.9928,,,,6267.9838,529.646,,2430.828,299.9997,,,,,1810.275,,,10633.1916,,3736.3599,,,6943.872,,,,,,43935.1488,4881.6832,23.3,9,MAHARASHTRA,Retail,128.66666666666666,277.0,462.5,405.5,61.0,0.22,0.27,0.07,0.22,17.0,81.8,A,150.0,1.0,1,1.0,1.0,7460.93,2579.24,34.6,True,A+,59.0,1.0,1.0,1.0,1.0,1.0,1.0,1.0,1.0,1,,,,,1.0,4,2,Urban Premium Modern Trade,"These are larger, established Modern Trade grocery department stores in urban areas, characterized by 100% cooler availability and exclusive sales of premium categories. Shoppers engage in planned, higher-value purchases for household stock-up and indulgence.","Ensure planogram compliance for premium SKUs, focusing on full range availability and secondary displays for new product launches. Implement targeted promotions for multi-pack and larger formats."
107771.0,S00647383,Thane,S00647383,Hari Om Super Market,Retail,19.209451,72.950908,Maharashtra,Thane,Thane,Thane,Urban,Dable Nagar,Grocry Dept Str (Stand-alone),Knb Enterprises,2.73,0.12,0.24,1.62,0.14,2.54,3.7,1.69,0.04,0.04,0.04,0.04,0.04,0.04,20,40,91,3.0,4.0,21.0,400.0,671.0,641.0,1551.0,2024.0,2488.0,2941.0,3121.0,2793.0,395.0,271.0,183.0,3468.0,5743.0,6682.0,High (>100),1076.0,2061.0,354.0,104.0,230023.0,Yes,Yes,Yes,Yes,Yes,Yes,Yes,>Rs. 20,>Rs. 20,>Rs. 20,>Rs. 20,MT,Urban,0.9,Yes,1160.0,1000+ sqft,Super Store,MAHARASHTRA,Thane,yes,556720.3932,,109.0908,,2845.4517,636.363,,7109.0838,,,,,,65509.0254,,127.2728,430102.338,,151821.5972,,,4472.7228,,,,,,1219453.3387,101621.111558,22.67,12,MAHARASHTRA,Retail,570.6666666666666,1787.5,2714.5,2957.0,283.0,0.04,0.12,2.54,0.04,23.0,99.96,A,150.0,1.0,1,1.0,1.0,9003.96,-92617.16,-1028.6,False,A,998.0,1.0,1.0,1.0,1.0,1.0,1.0,1.0,1.0,1,,,,,1.0,4,2,Urban Premium Modern Trade,"These are larger, established Modern Trade grocery department stores in urban areas, characterized by 100% cooler availability and exclusive sales of premium categories. Shoppers engage in planned, higher-value purchases for household stock-up and indulgence.","Ensure planogram compliance for premium SKUs, focusing on full range availability and secondary displays for new product launches. Implement targeted promotions for multi-pack and larger formats."
120883.0,2413686,Asansol,2413686,Super Market,Retail,23.661812,86.927803,West Bengal,Barddhaman,Asansol unassignd,Asansol,Urban,Dharampur,Grocry Dept Str (Stand-alone),Shree Shyam Distributors,1.88,0.24,0.83,40.74,1.76,52.58,1.72,2.23,0.27,0.27,0.27,0.27,0.27,0.27,5,26,57,0.0,1.0,3.0,1.0,3.0,14.0,12.0,54.0,89.0,65.0,84.0,78.0,34.0,51.0,26.0,56.0,110.0,344.0,Medium (30 to 100),345.0,21.0,3.0,9.0,138708.0,Yes,Yes,Yes,Yes,Yes,Yes,Yes,>Rs. 20,>Rs. 20,>Rs. 20,>Rs. 20,MT,Urban,3.0,Yes,815.0,600–1000 sqft,Large Outlet,WEST BENGAL,Asansol,yes,817.3905,,,,2754.5427,363.636,3143.2749,,,,1095.2985,,,236.3634,,,109.0908,1636.362,,,3099.9049,4545.45,,,,,,17801.3137,1483.442808,11.75,12,East India,Retail,6.0,33.0,77.0,81.0,37.0,0.27,0.24,1.72,0.27,5.0,37.22,C,,1.0,1,1.0,1.0,5185.86,3702.41,71.4,True,C+,43.0,1.0,1.0,1.0,1.0,1.0,1.0,1.0,1.0,1,,,,,1.0,2,2,Urban Premium Modern Trade,"These are larger, established Modern Trade grocery department stores in urban areas, characterized by 100% cooler availability and exclusive sales of premium categories. Shoppers engage in planned, higher-value purchases for household stock-up and indulgence.","Ensure planogram compliance for premium SKUs, focusing on full range availability and secondary displays for new product launches. Implement targeted promotions for multi-pack and larger formats."
119765.0,S01129267,,S01129267,Samrah Mart,Retail,13.352269,74.783833,Karnataka,Udupi,Udupi,Udupi,Urban,Manchi,Grocry Dept Str (Stand-alone),Golden Distributors,4.35,0.46,0.17,45.66,0.57,0.89,2.28,27.5,0.36,0.82,0.36,0.82,0.36,0.36,3,8,20,5.0,13.0,22.0,34.0,22.0,27.0,48.0,37.0,55.0,45.0,29.0,33.0,10.0,6.0,1.0,90.0,111.0,79.0,Low (<30),0.0,0.0,0.0,0.0,232148.0,Yes,Yes,Yes,Yes,Yes,Yes,Yes,>Rs. 20,>Rs. 20,>Rs. 20,>Rs. 20,MT,,,Yes,925.0,600–1000 sqft,Large Outlet,KARNATAKA,Balance,yes,27675.8622,,,,,,,5573.9076,,,,2181.82,1954.545,,572.7273,,15258.483,,,,,218.1816,,,,,,53435.5267,4452.960558,18.92,12,West India,Retail,27.666666666666668,42.5,50.0,31.0,5.666666666666667,0.36,0.17,0.89,0.36,8.0,79.24,B,15.0,1.0,1,1.0,0.0,7507.41,3054.45,40.7,True,B+,125.0,1.0,1.0,1.0,1.0,1.0,1.0,1.0,1.0,1,,,,,1.0,3,2,Urban Premium Modern Trade,"These are larger, established Modern Trade grocery department stores in urban areas, characterized by 100% cooler availability and exclusive sales of premium categories. Shoppers engage in planned, higher-value purchases for household stock-up and indulgence.","Ensure planogram compliance for premium SKUs, focusing on full range availability and secondary displays for new product launches. Implement targeted promotions for multi-pack and larger formats."
105949.0,S01344955,Bengaluru,S01344955,S L V Provision Store,Retail,12.999398,77.489855,Karnataka,Bengaluru Urban,Bengaluru,Bengaluru,Urban,Herohalli,Grocry Dept Str (Stand-alone),Bagaria Medmark Private Limited,1.23,0.46,0.34,3.7,0.09,0.16,5.5,5.3,0.31,0.31,0.31,0.31,0.31,0.31,14,87,147,5.0,10.0,19.0,58.0,66.0,65.0,131.0,191.0,242.0,289.0,432.0,368.0,139.0,66.0,178.0,508.0,737.0,533.0,Low (<30),140.0,204.0,47.0,0.0,385235.0,Yes,Yes,Yes,Yes,Yes,Yes,Yes,>Rs. 20,>Rs. 20,>Rs. 20,>Rs. 20,MT,Urban,2.0,Yes,240.0,200–300 sqft,Small Outlet,KARNATAKA,Bengaluru,yes,,,,,1628.458,,1476.714,,,,,,,,,,,,,,1260.297,3149.406,,,,,,7514.875,1252.479167,12.0,6,West India,Retail,63.0,161.0,265.5,400.0,127.66666666666669,0.31,0.34,0.16,0.31,19.0,30.7,C,15.0,1.0,1,1.0,1.0,3752.11,2499.64,66.6,True,C+,236.0,1.0,1.0,1.0,1.0,1.0,1.0,1.0,1.0,1,2.0,,,,1.0,2,2,Urban Premium Modern Trade,"These are larger, established Modern Trade grocery department stores in urban areas, characterized by 100% cooler availability and exclusive sales of premium categories. Shoppers engage in planned, higher-value purchases for household stock-up and indulgence.","Ensure planogram compliance for premium SKUs, focusing on full range availability and secondary displays for new product launches. Implement targeted promotions for multi-pack and larger formats."
114903.0,1893650,Thane,1893650,Reshma Super Market,Retail,19.278979,72.865459,Maharashtra,Thane,Thane,Mira-Bhayandar,Urban,Shanthi Park,Grocry Dept Str (Stand-alone),Laxmi Trading,2.69,0.15,0.77,9.13,0.28,2.09,1.0,0.55,0.21,0.21,0.21,0.21,0.21,0.21,26,70,121,7.0,11.0,18.0,476.0,660.0,619.0,1608.0,1703.0,2207.0,2751.0,2579.0,2410.0,424.0,231.0,320.0,3148.0,4635.0,6106.0,High (>100),49.0,143.0,475.0,314.0,272672.0,Yes,Yes,Yes,Yes,Yes,Yes,Yes,>Rs. 20,>Rs. 20,>Rs. 20,>Rs. 20,MT,,,Yes,790.0,600–1000 sqft,Large Outlet,MAHARASHTRA,Pune,yes,,,363.636,,17527.2552,727.272,,,,,,,312.7272,,,,,545.454,,,,25054.5204,,,,,,44530.8648,3710.9054,13.25,12,MAHARASHTRA,Retail,585.0,1655.5,2479.0,2494.5,325.0,0.21,0.15,1.0,0.21,33.0,73.04,B,150.0,1.0,1,1.0,0.0,5411.62,1700.72,31.4,True,B+,349.0,1.0,1.0,1.0,1.0,1.0,1.0,1.0,1.0,1,,,,,1.0,3,2,Urban Premium Modern Trade,"These are larger, established Modern Trade grocery department stores in urban areas, characterized by 100% cooler availability and exclusive sales of premium categories. Shoppers engage in planned, higher-value purchases for household stock-up and indulgence.","Ensure planogram compliance for premium SKUs, focusing on full range availability and secondary displays for new product launches. Implement targeted promotions for multi-pack and larger formats."
103938.0,1370818,Kalaburagi,1370818,Samarth General,Retail,17.6786868,75.9449419,Maharashtra,Solapur,Solapur North,Solapur,Urban,Vidi Gharkul IV,Grocry Dept Str (Stand-alone),Varad Agency,8.15,0.19,1.03,3.37,0.84,0.89,5.7,0.9,0.13,0.13,0.13,0.13,0.13,0.13,12,39,78,0.0,2.0,12.0,30.0,42.0,40.0,64.0,98.0,212.0,300.0,644.0,566.0,155.0,194.0,284.0,332.0,625.0,1352.0,Medium (30 to 100),0.0,0.0,0.0,0.0,153049.0,Yes,Yes,Yes,Yes,Yes,Yes,Yes,>Rs. 20,>Rs. 20,>Rs. 20,>Rs. 20,MT,Urban,1.1,Yes,305.0,300–600 sqft,Core Outlet,MAHARASHTRA,Balance,yes,109.0908,,,,1654.5438,,,,,,,,,,,,,,,,,945.4536,,,,,,2709.0882,541.81764,5.2,5,MAHARASHTRA,Retail,37.333333333333336,81.0,256.0,605.0,211.0,0.13,0.19,0.89,0.13,12.0,9.0,D,,1.0,1,1.0,1.0,1951.75,1409.93,72.2,True,D+,572.0,1.0,1.0,1.0,1.0,1.0,1.0,1.0,1.0,1,,,,,1.0,1,2,Urban Premium Modern Trade,"These are larger, established Modern Trade grocery department stores in urban areas, characterized by 100% cooler availability and exclusive sales of premium categories. Shoppers engage in planned, higher-value purchases for household stock-up and indulgence.","Ensure planogram compliance for premium SKUs, focusing on full range availability and secondary displays for new product launches. Implement targeted promotions for multi-pack and larger formats."
117468.0,2665541,Chennai,2665541,Pandiyan News Mart,Retail,13.082002,80.166733,Tamil Nadu,Thiruvallur,Ambattur,Ambattur,Urban,Reddipalaiyam,Grocry Dept Str (Stand-alone),Ara Traders,6.37,0.09,0.64,1.65,1.11,0.05,3.19,3.34,0.17,0.17,0.17,0.17,0.0,0.17,24,51,127,1.0,12.0,19.0,116.0,139.0,163.0,427.0,411.0,668.0,649.0,442.0,472.0,80.0,65.0,10.0,909.0,1343.0,889.0,Low (<30),0.0,0.0,0.0,0.0,284961.0,Yes,Yes,Yes,Yes,Yes,Yes,Yes,>Rs. 20,>Rs. 20,>Rs. 20,>Rs. 20,MT,Periphery,2.6,Yes,615.0,600–1000 sqft,Large Outlet,TAMIL NADU,Chennai,yes,,,218.1816,,836.3628,,6484.4985,,,,,,,,,,,,,,5301.574,2577.0732,,,,,,15417.6901,1284.807508,9.25,12,South India,Retail,139.33333333333334,419.0,658.5,457.0,51.66666666666666,0.0,0.09,0.05,0.17,25.0,31.72,C,15.0,1.0,1,1.0,0.0,3875.48,2590.67,66.8,True,C+,207.0,1.0,1.0,1.0,1.0,1.0,1.0,1.0,1.0,1,,,,,1.0,2,2,Urban Premium Modern Trade,"These are larger, established Modern Trade grocery department stores in urban areas, characterized by 100% cooler availability and exclusive sales of premium categories. Shoppers engage in planned, higher-value purchases for household stock-up and indulgence.","Ensure planogram compliance for premium SKUs, focusing on full range availability and secondary displays for new product launches. Implement targeted promotions for multi-pack and larger formats."
114084.0,1756281,Pune,1756281,Rajsthan Super Market,Retail,18.488972,73.821068,Maharashtra,Pune,Pune City,Pune,Urban,Maharshi Karve Nagar,Grocry Dept Str (Stand-alone),Agneev Foods,7.4,0.02,0.35,0.85,0.23,0.2,5.82,0.98,0.19,0.19,0.19,0.19,0.19,0.19,10,37,92,13.0,28.0,119.0,163.0,177.0,215.0,478.0,502.0,809.0,690.0,473.0,474.0,177.0,99.0,53.0,905.0,1293.0,1336.0,High (>100),90.0,119.0,65.0,35.0,316948.0,Yes,Yes,Yes,Yes,Yes,Yes,Yes,>Rs. 20,>Rs. 20,>Rs. 20,>Rs. 20,MT,Urban,1.1,Yes,165.0,<200 sqft,Micro Outlet,MAHARASHTRA,Pune,yes,7641.0996,,381.8178,,24188.1276,2181.816,,973.9122,,,,709.0915,,432.4107,,,8146.2375,,,,,11607.5037,,,,,,56262.0166,4688.501383,24.5,12,MAHARASHTRA,Retail,185.0,490.0,749.5,473.5,109.66666666666669,0.19,0.02,0.2,0.19,23.0,80.78,A,150.0,1.0,1,1.0,1.0,7291.54,2603.04,35.7,True,A+,57.0,1.0,1.0,1.0,1.0,1.0,1.0,1.0,1.0,1,1.0,,,,1.0,4,2,Urban Premium Modern Trade,"These are larger, established Modern Trade grocery department stores in urban areas, characterized by 100% cooler availability and exclusive sales of premium categories. Shoppers engage in planned, higher-value purchases for household stock-up and indulgence.","Ensure planogram compliance for premium SKUs, focusing on full range availability and secondary displays for new product launches. Implement targeted promotions for multi-pack and larger formats."
120659.0,2137133,,2137133,A A A Mart,Retail,13.437258,77.724322,Karnataka,Kolar,Chik Ballapur,Chik Ballapur,Urban,Chik Ballapur,Grocry Dept Str (Stand-alone),Sahasra Enterprises,6.2,0.1,0.1,42.94,0.99,0.48,1.11,0.09,0.09,0.09,0.09,0.09,0.09,0.09,17,37,55,18.0,25.0,26.0,99.0,308.0,760.0,903.0,1841.0,2678.0,1930.0,2443.0,1975.0,796.0,779.0,389.0,3090.0,5314.0,6298.0,High (>100),0.0,0.0,0.0,0.0,163192.0,Yes,Yes,Yes,Yes,Yes,Yes,Yes,>Rs. 20,>Rs. 20,>Rs. 20,>Rs. 20,MT,,,Yes,750.0,600–1000 sqft,Large Outlet,KARNATAKA,Balance,yes,109.0908,,90.909,,1363.635,90.909,4197.288,,,,,,,,,,,,,,1926.624,2618.1792,,,,,,10396.635,1299.579375,11.13,8,West India,Retail,389.0,1372.0,2304.0,2209.0,654.6666666666666,0.09,0.1,0.48,0.09,35.0,32.18,C,150.0,1.0,1,1.0,0.0,4699.99,3400.41,72.3,True,C+,66.0,1.0,1.0,1.0,1.0,1.0,1.0,1.0,1.0,1,,,,,1.0,2,2,Urban Premium Modern Trade,"These are larger, established Modern Trade grocery department stores in urban areas, characterized by 100% cooler availability and exclusive sales of premium categories. Shoppers engage in planned, higher-value purchases for household stock-up and indulgence.","Ensure planogram compliance for premium SKUs, focusing on full range availability and secondary displays for new product launches. Implement targeted promotions for multi-pack and larger formats."
117398.0,1931298,,1931298,Sewagram Departmental,Retail,20.737027,78.66045,Maharashtra,Wardha,Wardha,Kamathwada,Rural,,Grocry Dept Str (Stand-alone),Chandrabhaga Enterprises,13.24,0.32,0.23,55.09,5.15,401.76,1.45,59.12,5.99,56.23,56.23,56.23,56.23,56.23,4,7,10,5.0,5.0,5.0,1.0,1.0,0.0,3.0,0.0,7.0,10.0,6.0,15.0,3.0,2.0,1.0,8.0,22.0,15.0,Medium (30 to 100),0.0,0.0,0.0,0.0,102055.0,Yes,Yes,Yes,Yes,Yes,Yes,Yes,>Rs. 20,>Rs. 20,>Rs. 20,>Rs. 20,MT,,,Yes,995.0,600–1000 sqft,Large Outlet,MAHARASHTRA,Balance,yes,19739.9016,,1545.453,,20533.5806,2909.088,,363.636,1363.635,,,1036.3645,1172.727,1927.2708,2290.9092,,22596.816,2449.8006,10309.0806,,,23007.8862,,,,,,111246.1491,9270.512425,34.08,12,MAHARASHTRA,Retail,0.6666666666666666,1.5,8.5,10.5,2.0,56.23,0.23,1.45,5.99,9.0,93.42,A,,1.0,1,1.0,0.0,12175.2,2904.69,23.9,True,A+,38.0,1.0,1.0,1.0,1.0,1.0,1.0,1.0,1.0,1,,,,,0.0,4,2,Urban Premium Modern Trade,"These are larger, established Modern Trade grocery department stores in urban areas, characterized by 100% cooler availability and exclusive sales of premium categories. Shoppers engage in planned, higher-value purchases for household stock-up and indulgence.","Ensure planogram compliance for premium SKUs, focusing on full range availability and secondary displays for new product launches. Implement targeted promotions for multi-pack and larger formats."
121920.0,S01247501,Kolkata,S01247501,Super Stores,Retail,22.536768,88.324747,West Bengal,Kolkata,Kolkata,Kolkata,Urban,Khidirpur,Grocry Dept Str (Stand-alone),Maa Tara Agency,4.11,0.01,0.45,1.13,0.43,0.27,0.92,1.75,0.01,0.24,0.01,0.01,0.01,0.01,41,66,136,7.0,14.0,42.0,292.0,395.0,353.0,957.0,1222.0,1293.0,1591.0,1872.0,1477.0,754.0,309.0,454.0,1736.0,2377.0,5565.0,High (>100),0.0,0.0,0.0,0.0,219570.0,Yes,Yes,Yes,Yes,Yes,Yes,Yes,>Rs. 20,>Rs. 20,>Rs. 20,>Rs. 20,MT,Urban,0.9,Yes,240.0,200–300 sqft,Small Outlet,WEST BENGAL,Balance,yes,109.0908,,,,1218.1806,654.5448,5079.115,,,,137.616,,,,,,54.5454,663.6357,,,4626.5668,3908.6918,,,,,,16451.9869,1370.998908,14.08,12,East India,Retail,346.6666666666667,1089.5,1442.0,1674.5,505.6666666666667,0.01,0.01,0.27,0.01,48.0,34.18,C,150.0,1.0,1,1.0,1.0,4268.16,2897.16,67.9,True,C+,136.0,1.0,1.0,1.0,1.0,1.0,1.0,1.0,1.0,1,2.0,,,,1.0,2,2,Urban Premium Modern Trade,"These are larger, established Modern Trade grocery department stores in urban areas, characterized by 100% cooler availability and exclusive sales of premium categories. Shoppers engage in planned, higher-value purchases for household stock-up and indulgence.","Ensure planogram compliance for premium SKUs, focusing on full range availability and secondary displays for new product launches. Implement targeted promotions for multi-pack and larger formats."
121265.0,2319933,Bhopal,2319933,Deepak Everfresh,Retail,23.169282,77.41624,Madhya Pradesh,Bhopal,Huzur,Bhopal,Urban,,Grocry Dept Str (Stand-alone),Chawla Fmcg Distributors Pvt Ltd,3.29,0.17,1.48,5.2,2.14,158.86,4.27,0.38,0.38,0.38,0.38,0.38,0.38,0.38,18,49,72,0.0,1.0,3.0,19738.0,19577.0,23036.0,42985.0,51907.0,76787.0,74353.0,85019.0,76076.0,17839.0,16208.0,37611.0,75625.0,132610.0,256700.0,High (>100),83.0,114.0,25.0,4.0,167652.0,Yes,Yes,Yes,Yes,Yes,Yes,Yes,>Rs. 20,>Rs. 20,>Rs. 20,>Rs. 20,MT,Periphery,1.9,Yes,450.0,300–600 sqft,Core Outlet,MADHYA PRADESH,Balance,yes,,,,,818.181,,206.424,,,,494.4168,,,,,,,218.1816,,,1930.355,563.6358,,,,,,4231.1942,423.11942,3.8,10,MADHYA PRADESH,Retail,20783.666666666668,47446.0,75570.0,80547.5,23886.0,0.38,0.17,4.27,0.38,18.0,6.24,D,150.0,1.0,1,1.0,0.0,1936.93,1513.81,78.2,True,D+,484.0,1.0,1.0,1.0,1.0,1.0,1.0,1.0,1.0,1,,,,,1.0,1,2,Urban Premium Modern Trade,"These are larger, established Modern Trade grocery department stores in urban areas, characterized by 100% cooler availability and exclusive sales of premium categories. Shoppers engage in planned, higher-value purchases for household stock-up and indulgence.","Ensure planogram compliance for premium SKUs, focusing on full range availability and secondary displays for new product launches. Implement targeted promotions for multi-pack and larger formats."
119718.0,1864567,Hyderabad,1864567,V V R Mart,Retail,17.4404,78.331363,Telangana,Hyderabad,Hyderabad unassignd,Hyderabad,Urban,Gachibowli,Grocry Dept Str (Stand-alone),Ssb Technologies,6.26,1.0,1.13,2.12,1.45,1.5,4.86,2.91,1.35,1.35,1.35,1.35,0.0,1.35,4,9,18,0.0,6.0,0.0,13.0,14.0,17.0,42.0,33.0,55.0,45.0,36.0,27.0,9.0,6.0,7.0,54.0,90.0,119.0,Low (<30),54.0,72.0,120.0,15.0,102516.0,Yes,Yes,Yes,Yes,Yes,Yes,Yes,>Rs. 20,>Rs. 20,>Rs. 20,>Rs. 20,MT,Urban,1.7,Yes,660.0,600–1000 sqft,Large Outlet,TELANGANA,Hyderabad,yes,18399.9816,,181.818,,10381.8078,181.818,683.076,909.09,,,,,,181.818,,,12454.533,181.818,6218.1756,,518.8125,18090.891,,,,,,68383.6395,6838.36395,25.2,10,South India,Retail,14.666666666666666,37.5,50.0,31.5,7.333333333333333,0.0,1.0,1.5,1.35,4.0,88.44,A,15.0,1.0,1,1.0,1.0,8653.33,1814.96,21.0,True,A+,111.0,1.0,1.0,1.0,1.0,1.0,1.0,1.0,1.0,1,,,,,1.0,4,2,Urban Premium Modern Trade,"These are larger, established Modern Trade grocery department stores in urban areas, characterized by 100% cooler availability and exclusive sales of premium categories. Shoppers engage in planned, higher-value purchases for household stock-up and indulgence.","Ensure planogram compliance for premium SKUs, focusing on full range availability and secondary displays for new product launches. Implement targeted promotions for multi-pack and larger formats."
114489.0,1491532,,1491532,Shri Krishna Dep. St,Retail,29.956438,76.848245,Haryana,Kurukshetra,Thanesar,Thanesar,Urban,N'brhd No. 20,Grocry Dept Str (Stand-alone),Ravindera Cold Agencies,1.71,1.21,31.93,20.12,0.86,0.0,1.49,1.5,1.5,1.5,1.5,1.5,1.5,1.5,4,42,75,0.0,0.0,0.0,71.0,59.0,72.0,94.0,124.0,176.0,129.0,98.0,100.0,26.0,27.0,15.0,122.0,283.0,498.0,Medium (30 to 100),0.0,0.0,0.0,0.0,122159.0,Yes,Yes,Yes,Yes,Yes,Yes,Yes,>Rs. 20,>Rs. 20,>Rs. 20,>Rs. 20,MT,,,Yes,1100.0,1000+ sqft,Super Store,HARYANA,Balance,yes,4652.9598,,,,12136.3515,,1477.6833,,,,,,,2563.6338,,,10690.8984,1999.998,,,138.3933,24327.2484,,,,,,57987.1665,5271.560591,13.18,11,North India,Retail,67.33333333333333,109.0,152.5,99.0,22.666666666666668,1.5,1.21,0.0,1.5,4.0,83.36,A,,1.0,1,1.0,0.0,6255.19,983.63,15.7,True,A+,195.0,1.0,1.0,1.0,1.0,1.0,1.0,1.0,1.0,1,,,,,1.0,4,2,Urban Premium Modern Trade,"These are larger, established Modern Trade grocery department stores in urban areas, characterized by 100% cooler availability and exclusive sales of premium categories. Shoppers engage in planned, higher-value purchases for household stock-up and indulgence.","Ensure planogram compliance for premium SKUs, focusing on full range availability and secondary displays for new product launches. Implement targeted promotions for multi-pack and larger formats."
103689.0,2326376,,2326376,Town Square Mart,Retail,15.532665,73.835392,Goa,N. Goa,Bardez,Salvador do Mundo,Rural,,Grocry Dept Str (Stand-alone),Sash Traders,1.89,0.0,0.0,3.95,0.29,0.0,10.66,1.15,1.15,0.0,0.0,0.0,0.0,0.0,5,19,29,0.0,0.0,0.0,116.0,122.0,128.0,148.0,64.0,180.0,262.0,121.0,342.0,61.0,40.0,14.0,318.0,464.0,516.0,Low (<30),,,,,244225.0,Yes,Yes,Yes,Yes,Yes,Yes,Yes,>Rs. 20,>Rs. 20,>Rs. 20,>Rs. 20,MT,,,Yes,970.0,600–1000 sqft,Large Outlet,GOA,Goa,yes,12949.3956,,363.636,,14915.4018,893.282,245.457,1169.9595,2105.928,,,327.273,469.0908,3075.096,,,8350.1898,1945.4526,7965.5316,,495.4595,29351.7588,,,,,,84622.912,7051.909333,21.5,12,West India,Retail,122.0,106.0,221.0,231.5,38.333333333333336,0.0,0.0,0.0,1.15,5.0,88.92,A,15.0,1.0,1,1.0,0.0,8481.73,1429.83,16.9,True,A+,151.0,1.0,1.0,1.0,1.0,1.0,1.0,1.0,1.0,1,,,,,0.0,4,2,Urban Premium Modern Trade,"These are larger, established Modern Trade grocery department stores in urban areas, characterized by 100% cooler availability and exclusive sales of premium categories. Shoppers engage in planned, higher-value purchases for household stock-up and indulgence.","Ensure planogram compliance for premium SKUs, focusing on full range availability and secondary displays for new product launches. Implement targeted promotions for multi-pack and larger formats."
119654.0,2300346,Hyderabad,2300346,Bung Grand Bazar,Retail,17.37396833,78.50939167,Telangana,Hyderabad,Hyderabad unassignd,Hyderabad,Urban,Saleem Nagar,Grocry Dept Str (Stand-alone),Swaraj Traders,4.15,0.1,0.14,0.22,0.24,0.18,0.41,0.81,0.13,0.34,0.13,0.13,0.0,0.13,37,173,417,0.0,80.0,0.0,180.0,214.0,254.0,665.0,617.0,1010.0,920.0,709.0,580.0,137.0,89.0,88.0,842.0,1467.0,2506.0,Medium (30 to 100),42.0,46.0,69.0,16.0,159443.0,Yes,Yes,Yes,Yes,Yes,Yes,Yes,>Rs. 20,>Rs. 20,>Rs. 20,>Rs. 20,MT,Urban,3.4,Yes,420.0,300–600 sqft,Core Outlet,TELANGANA,Hyderabad,yes,1894.521,,1454.544,,7363.629,636.363,1787.757,,,,,,1876.3632,,2290.9092,,1170.891,,,,412.848,17454.528,,,,,,36342.3534,5191.764771,8.71,7,South India,Retail,216.0,641.0,965.0,644.5,104.66666666666669,0.0,0.1,0.18,0.13,37.0,82.98,A,,1.0,1,1.0,1.0,3085.6,-2106.16,-68.3,False,A,542.0,1.0,1.0,1.0,1.0,1.0,1.0,1.0,1.0,1,,,,,1.0,4,2,Urban Premium Modern Trade,"These are larger, established Modern Trade grocery department stores in urban areas, characterized by 100% cooler availability and exclusive sales of premium categories. Shoppers engage in planned, higher-value purchases for household stock-up and indulgence.","Ensure planogram compliance for premium SKUs, focusing on full range availability and secondary displays for new product launches. Implement targeted promotions for multi-pack and larger formats."
110290.0,2426654,,2426654,Priya Pro Stor,Retail,25.299938,79.877756,Uttar Pradesh,Mahoba,Mahoba,Mahoba,Urban,Mahoba,Grocry Dept Str (Stand-alone),Maa Vaishnav Interpraises,5.17,0.35,1.02,115.37,0.91,0.95,3.06,73.79,16.43,56.62,56.62,56.62,56.62,56.62,4,20,29,1.0,1.0,3.0,88.0,273.0,805.0,869.0,2118.0,3192.0,1999.0,2547.0,2214.0,976.0,1468.0,734.0,2255.0,4382.0,16271.0,High (>100),0.0,0.0,0.0,0.0,53763.0,Yes,Yes,Yes,Yes,Yes,Yes,Yes,>Rs. 20,>Rs. 20,>Rs. 20,>Rs. 20,MT,,,Yes,775.0,600–1000 sqft,Large Outlet,UTTAR PRADESH,Balance,yes,2781.8154,,,,2354.5431,,1691.5881,,,,954.9786,,,1418.1804,,,3199.9968,2153.7529,,,1700.5167,5615.805,,,,,,21871.177,1822.598083,15.75,12,UTTAR PRADESH,Retail,388.6666666666667,1493.5,2595.5,2380.5,1059.3333333333333,56.62,0.35,0.95,16.43,5.0,45.72,C,150.0,1.0,1,1.0,0.0,6377.23,4554.64,71.4,True,C+,9.0,1.0,1.0,1.0,1.0,1.0,1.0,1.0,1.0,1,,,,,1.0,2,2,Urban Premium Modern Trade,"These are larger, established Modern Trade grocery department stores in urban areas, characterized by 100% cooler availability and exclusive sales of premium categories. Shoppers engage in planned, higher-value purchases for household stock-up and indulgence.","Ensure planogram compliance for premium SKUs, focusing on full range availability and secondary displays for new product launches. Implement targeted promotions for multi-pack and larger formats."
113913.0,2468863,Nagpur,2468863,Shree Daily Needs,Retail,21.098398,79.097472,Maharashtra,Nagpur,Nagpur (Urban),Nagpur,Urban,Manewada,Grocry Dept Str (Stand-alone),Soham Corporation,4.21,0.13,0.65,5.2,0.81,462.38,3.07,3.65,0.07,0.07,0.07,0.07,0.07,0.07,14,46,117,5.0,12.0,21.0,68.0,161.0,384.0,402.0,794.0,1156.0,635.0,823.0,819.0,323.0,327.0,164.0,1308.0,2763.0,2939.0,High (>100),84.0,146.0,33.0,6.0,217139.0,Yes,Yes,Yes,Yes,Yes,Yes,No,>Rs. 20,>Rs. 20,>Rs. 20,>Rs. 20,MT,Urban,0.85364,Yes,530.0,300–600 sqft,Core Outlet,MAHARASHTRA,Nagpur,yes,763.6356,,177.866,,7524.1088,1083.004,,109.0908,,,,,,109.0908,,,218.1816,958.1052,,,,10470.3521,,,,,,21413.4349,2379.270544,15.33,9,MAHARASHTRA,Retail,204.3333333333333,598.0,895.5,821.0,271.3333333333333,0.07,0.13,3.07,0.07,19.0,56.56,C,150.0,1.0,1,1.0,1.0,5420.07,3040.8,56.1,True,C+,114.0,1.0,1.0,1.0,1.0,1.0,1.0,1.0,0.0,1,,,,,1.0,2,2,Urban Premium Modern Trade,"These are larger, established Modern Trade grocery department stores in urban areas, characterized by 100% cooler availability and exclusive sales of premium categories. Shoppers engage in planned, higher-value purchases for household stock-up and indulgence.","Ensure planogram compliance for premium SKUs, focusing on full range availability and secondary displays for new product launches. Implement targeted promotions for multi-pack and larger formats."
102914.0,S01392129,Bengaluru,S01392129,Janatha Bazaar,Retail,12.938236,77.592697,Karnataka,Bengaluru Urban,Bengaluru,Bengaluru,Urban,Jayanagar,Grocry Dept Str (Stand-alone),Jumbotail Wholesale Private Limited,1.61,0.3,0.12,1.03,0.41,0.08,1.36,0.87,0.43,0.64,0.43,0.43,0.43,0.43,24,110,230,14.0,92.0,177.0,228.0,195.0,219.0,437.0,442.0,662.0,738.0,701.0,658.0,125.0,70.0,93.0,757.0,1170.0,2065.0,Medium (30 to 100),0.0,0.0,0.0,0.0,455803.0,Yes,Yes,Yes,Yes,Yes,Yes,Yes,>Rs. 20,>Rs. 20,>Rs. 20,>Rs. 20,MT,Urban,2.2,Yes,240.0,200–300 sqft,Small Outlet,KARNATAKA,Bengaluru,yes,,,1963.6344,,13215.8,2264.821,895.5469,,,,,,,,,,,818.181,,,640.9155,21671.13,,,,,,41470.0288,3455.835733,18.58,12,West India,Retail,214.0,439.5,700.0,679.5,96.0,0.43,0.12,0.08,0.43,38.0,70.66,B,,1.0,1,1.0,1.0,5676.83,2220.99,39.1,True,B+,244.0,1.0,1.0,1.0,1.0,1.0,1.0,1.0,1.0,1,2.0,,,,1.0,3,2,Urban Premium Modern Trade,"These are larger, established Modern Trade grocery department stores in urban areas, characterized by 100% cooler availability and exclusive sales of premium categories. Shoppers engage in planned, higher-value purchases for household stock-up and indulgence.","Ensure planogram compliance for premium SKUs, focusing on full range availability and secondary displays for new product launches. Implement targeted promotions for multi-pack and larger formats."
115453.0,2416794,,2416794,Pollachi Super Market,Retail,10.657115,76.99428,Tamil Nadu,Coimbatore,Pollachi,Pollachi,Urban,Pollachi,Grocry Dept Str (Stand-alone),Veerappan Traders,1.87,0.25,0.78,37.83,0.89,1.49,0.89,39.35,1.03,36.12,35.61,35.61,0.0,35.61,6,23,44,1.0,2.0,4.0,363.0,670.0,1799.0,1524.0,3384.0,5019.0,3107.0,3870.0,2890.0,1062.0,711.0,356.0,10360.0,14470.0,9332.0,High (>100),0.0,0.0,0.0,0.0,57017.0,Yes,Yes,Yes,Yes,Yes,Yes,Yes,>Rs. 20,>Rs. 20,>Rs. 20,>Rs. 20,MT,,,Yes,1050.0,1000+ sqft,Super Store,TAMIL NADU,Balance,yes,19438.7217,,,5945.454,1613.0426,,1282.3529,,3870.3552,,,4418.1855,27129.0846,,26536.3649,,5544.6585,,38709.0967,,274.8296,19389.7353,,,,,,154151.8815,12845.990125,27.83,12,South India,Retail,944.0,2454.0,4063.0,3380.0,709.6666666666666,0.0,0.25,0.89,1.03,7.0,96.36,A,150.0,1.0,1,1.0,0.0,10330.22,-2515.77,-24.4,False,A,580.0,1.0,1.0,1.0,1.0,1.0,1.0,1.0,1.0,1,,,,,1.0,4,2,Urban Premium Modern Trade,"These are larger, established Modern Trade grocery department stores in urban areas, characterized by 100% cooler availability and exclusive sales of premium categories. Shoppers engage in planned, higher-value purchases for household stock-up and indulgence.","Ensure planogram compliance for premium SKUs, focusing on full range availability and secondary displays for new product launches. Implement targeted promotions for multi-pack and larger formats."
115954.0,2265159,Surat,2265159,Om Dev Narayan Super,Retail,21.240092,72.858268,Gujarat,Surat,Surat City,Surat,Urban,Kosad,Grocry Dept Str (Stand-alone),Shreeji Enterprise,7.15,0.45,0.64,7.62,3.32,63.32,0.79,3.64,0.27,0.27,0.27,0.27,0.27,0.27,14,50,106,6.0,8.0,12.0,38.0,56.0,59.0,99.0,176.0,274.0,340.0,515.0,453.0,122.0,113.0,285.0,398.0,690.0,1187.0,Medium (30 to 100),,,,,173973.0,Yes,Yes,Yes,Yes,Yes,Yes,Yes,>Rs. 20,>Rs. 20,>Rs. 20,>Rs. 20,MT,Urban,1.2,Yes,515.0,300–600 sqft,Core Outlet,GUJARAT,Surat,yes,,,,,18187.3354,1181.817,,,,,,,,,,,,1195.2564,,,3008.9217,4340.7078,,,,,,27914.0383,2326.169858,8.17,12,GUJARAT,Retail,51.0,137.5,307.0,484.0,173.33333333333334,0.27,0.45,0.79,0.27,20.0,55.9,C,,1.0,1,1.0,1.0,3403.65,1077.48,31.7,True,C+,869.0,1.0,1.0,1.0,1.0,1.0,1.0,1.0,1.0,1,,,,,1.0,2,2,Urban Premium Modern Trade,"These are larger, established Modern Trade grocery department stores in urban areas, characterized by 100% cooler availability and exclusive sales of premium categories. Shoppers engage in planned, higher-value purchases for household stock-up and indulgence.","Ensure planogram compliance for premium SKUs, focusing on full range availability and secondary displays for new product launches. Implement targeted promotions for multi-pack and larger formats."
114599.0,1755464,Surat,1755464,Yug Mart,Retail,21.2426,72.854848,Gujarat,Surat,Surat City,Surat,Urban,Kosad,Grocry Dept Str (Stand-alone),Shreeji Enterprise,7.58,0.0,0.56,7.63,3.63,63.65,1.0,3.82,0.23,0.23,0.23,0.23,0.23,0.23,17,52,94,6.0,6.0,13.0,63.0,86.0,93.0,157.0,255.0,375.0,429.0,695.0,610.0,196.0,175.0,337.0,567.0,986.0,1578.0,Medium (30 to 100),,,,,173973.0,Yes,Yes,Yes,Yes,Yes,Yes,Yes,>Rs. 20,>Rs. 20,>Rs. 20,>Rs. 20,MT,Urban,1.1,Yes,470.0,300–600 sqft,Core Outlet,GUJARAT,Surat,yes,5399.9946,,927.2718,,8999.991,454.545,,1581.8166,81.8181,,,,,272.727,,163.6362,4854.5406,218.1816,163.6362,,,4163.6322,,,,,,27281.7909,2728.17909,19.3,10,GUJARAT,Retail,80.66666666666667,206.0,402.0,652.5,236.0,0.23,0.0,1.0,0.23,23.0,62.14,B,,1.0,1,1.0,1.0,6424.46,3696.28,57.5,True,B+,62.0,1.0,1.0,1.0,1.0,1.0,1.0,1.0,1.0,1,,,,,1.0,3,2,Urban Premium Modern Trade,"These are larger, established Modern Trade grocery department stores in urban areas, characterized by 100% cooler availability and exclusive sales of premium categories. Shoppers engage in planned, higher-value purchases for household stock-up and indulgence.","Ensure planogram compliance for premium SKUs, focusing on full range availability and secondary displays for new product launches. Implement targeted promotions for multi-pack and larger formats."
114786.0,1400012,Hyderabad,1400012,Balaji Ramesh Grand Bazar,Retail,17.451298,78.443523,Telangana,Hyderabad,Hyderabad unassignd,Hyderabad,Urban,Balkampet,Grocry Dept Str (Stand-alone),Sai Krishna Enterprises,2.68,0.04,0.46,0.65,0.15,0.6,0.7,0.66,0.05,0.05,0.05,0.05,0.0,0.05,26,105,231,0.0,69.0,0.0,149.0,190.0,217.0,681.0,644.0,998.0,901.0,698.0,550.0,97.0,69.0,73.0,1042.0,1726.0,1694.0,Medium (30 to 100),23.0,31.0,69.0,20.0,175799.0,Yes,Yes,Yes,Yes,Yes,Yes,Yes,>Rs. 20,>Rs. 20,>Rs. 20,>Rs. 20,MT,Urban,0.8,Yes,180.0,<200 sqft,Micro Outlet,TELANGANA,Hyderabad,yes,,,,,4181.814,,619.272,,,,,,1798.1814,,3818.182,,,,,,1721.952,10505.1414,,,,,,22644.5428,1887.045233,9.83,12,South India,Retail,185.3333333333333,662.5,949.5,624.0,79.66666666666667,0.0,0.04,0.6,0.05,26.0,47.36,C,,1.0,1,1.0,1.0,3018.06,1131.01,37.5,True,C+,837.0,1.0,1.0,1.0,1.0,1.0,1.0,1.0,1.0,1,1.0,,,,1.0,2,2,Urban Premium Modern Trade,"These are larger, established Modern Trade grocery department stores in urban areas, characterized by 100% cooler availability and exclusive sales of premium categories. Shoppers engage in planned, higher-value purchases for household stock-up and indulgence.","Ensure planogram compliance for premium SKUs, focusing on full range availability and secondary displays for new product launches. Implement targeted promotions for multi-pack and larger formats."
121629.0,1895221,Meerut,1895221,Deepak Departmental Store,Retail,28.966292,77.691382,Uttar Pradesh,Meerut,Meerut,Meerut,Urban,Bhagawatpura South,Grocry Dept Str (Stand-alone),M/S Maheshwari Trading Company-Tt,1.78,0.12,1.09,9.3,0.37,1.3,2.12,0.47,0.45,0.47,0.45,0.45,0.45,0.45,18,60,131,0.0,10.0,32.0,276.0,371.0,431.0,758.0,986.0,1427.0,1197.0,1404.0,1311.0,324.0,353.0,198.0,980.0,2068.0,5272.0,High (>100),24.0,8.0,3.0,0.0,109115.0,Yes,Yes,Yes,Yes,Yes,Yes,Yes,>Rs. 20,>Rs. 20,>Rs. 20,>Rs. 20,MT,Urban,2.2,Yes,450.0,300–600 sqft,Core Outlet,UTTAR PRADESH,Meerut,yes,418.1814,,,,3214.2176,90.909,455.3586,,,,35.7144,,,,,,90.909,1318.1715,,,258.9294,11285.7255,,,,,,17168.1164,1430.676367,11.75,12,UTTAR PRADESH,Retail,359.3333333333333,872.0,1312.0,1357.5,291.6666666666667,0.45,0.12,1.3,0.45,18.0,35.7,C,150.0,1.0,1,1.0,1.0,4251.98,2821.31,66.4,True,C+,152.0,1.0,1.0,1.0,1.0,1.0,1.0,1.0,1.0,1,,,,,1.0,2,2,Urban Premium Modern Trade,"These are larger, established Modern Trade grocery department stores in urban areas, characterized by 100% cooler availability and exclusive sales of premium categories. Shoppers engage in planned, higher-value purchases for household stock-up and indulgence.","Ensure planogram compliance for premium SKUs, focusing on full range availability and secondary displays for new product launches. Implement targeted promotions for multi-pack and larger formats."
114084.0,1735174,Pune,1735174,Hanuman Dept,Retail,18.540473,73.81578,Maharashtra,Pune,Pune City,Pune,Urban,Raj Bhavan,Grocry Dept Str (Stand-alone),Synergy Network,6.67,0.05,0.91,1.64,0.83,0.13,3.64,0.02,0.02,0.02,0.02,0.02,0.02,0.02,4,24,48,2.0,28.0,97.0,70.0,47.0,60.0,124.0,84.0,146.0,136.0,110.0,111.0,37.0,24.0,7.0,189.0,280.0,300.0,High (>100),42.0,73.0,18.0,2.0,385538.0,Yes,Yes,Yes,Yes,Yes,Yes,Yes,>Rs. 20,>Rs. 20,>Rs. 20,>Rs. 20,MT,Urban,1.2,Yes,465.0,300–600 sqft,Core Outlet,MAHARASHTRA,Pune,yes,636.363,,,,727.272,363.636,818.19,,,,,,234.5454,90.909,572.7273,,545.454,,,,886.3725,1090.908,,,,,,5966.3772,1193.27544,9.8,5,MAHARASHTRA,Retail,59.0,104.0,141.0,110.5,22.666666666666668,0.02,0.05,0.13,0.02,6.0,28.62,D,150.0,1.0,1,1.0,1.0,3693.07,2499.79,67.7,True,D+,118.0,1.0,1.0,1.0,1.0,1.0,1.0,1.0,1.0,1,,,,,1.0,1,2,Urban Premium Modern Trade,"These are larger, established Modern Trade grocery department stores in urban areas, characterized by 100% cooler availability and exclusive sales of premium categories. Shoppers engage in planned, higher-value purchases for household stock-up and indulgence.","Ensure planogram compliance for premium SKUs, focusing on full range availability and secondary displays for new product launches. Implement targeted promotions for multi-pack and larger formats."
116069.0,2441034,Delhi,2441034,C S M Dry Fruits,Retail,28.559578,77.25327,Delhi,Delhi,Delhi,Delhi,Urban,Amar Colony,Dry Fruit Str,Shri Shivji Enterprises-Sdp,3.82,0.34,0.28,1.04,0.02,0.59,0.91,0.5,0.27,0.41,0.41,0.41,0.27,0.27,18,60,123,9.0,28.0,59.0,983.0,555.0,694.0,1352.0,870.0,1540.0,1611.0,1390.0,1289.0,391.0,128.0,79.0,1805.0,2863.0,4144.0,High (>100),10.0,105.0,1573.0,618.0,444747.0,Yes,Yes,No,Yes,No,Yes,Yes,Rs. 20,>Rs. 20,>Rs. 20,,MT,Urban,4.41775,Yes,175.0,<200 sqft,Micro Outlet,NEW DELHI,Delhi,yes,7229.634,,872.7264,,26462.8273,1636.362,17.8572,109.0908,,,,,,1563.6348,,,3908.0923,6981.0234,,,151.7862,32178.817,,,,,,81111.8514,6759.32095,26.5,12,North India,Retail,744.0,1111.0,1575.5,1339.5,199.3333333333333,0.27,0.28,0.59,0.27,27.0,88.24,A,150.0,1.0,1,1.0,1.0,7831.8,1072.48,13.7,True,A+,183.0,1.0,1.0,1.0,0.0,1.0,0.0,1.0,1.0,1,1.0,20.0,,,1.0,4,2,Urban Premium Modern Trade,"These are larger, established Modern Trade grocery department stores in urban areas, characterized by 100% cooler availability and exclusive sales of premium categories. Shoppers engage in planned, higher-value purchases for household stock-up and indulgence.","Ensure planogram compliance for premium SKUs, focusing on full range availability and secondary displays for new product launches. Implement targeted promotions for multi-pack and larger formats."
119475.0,2498142,,2498142,Shiv Shakti Super Stor,Retail,22.206868,69.650082,Gujarat,Jamnagar,Khambhalia,Khambhalia,Urban,Khambhalia,Grocry Dept Str (Stand-alone),New Maruti Agency,9.43,0.17,50.59,31.54,23.62,69.63,1.45,80.88,47.88,47.88,47.88,47.88,47.88,47.88,24,42,56,0.0,0.0,0.0,36.0,80.0,384.0,279.0,1112.0,1810.0,1192.0,1482.0,1084.0,442.0,427.0,213.0,1322.0,2297.0,5032.0,High (>100),,,,,285729.0,Yes,Yes,Yes,Yes,Yes,Yes,Yes,>Rs. 20,>Rs. 20,>Rs. 20,>Rs. 20,MT,,,Yes,1200.0,1000+ sqft,Super Store,GUJARAT,Balance,yes,,,436.3632,,12450.5862,,,,,,,,,,,,,,,,45.455,6013.4334,,,,,,18945.8378,1578.819817,4.42,12,GUJARAT,Retail,166.66666666666666,695.5,1501.0,1283.0,360.6666666666667,47.88,0.17,1.45,31.54,24.0,39.76,C,150.0,1.0,1,1.0,0.0,4104.67,2525.85,61.5,True,C+,225.0,1.0,1.0,1.0,1.0,1.0,1.0,1.0,1.0,1,,,,,1.0,2,2,Urban Premium Modern Trade,"These are larger, established Modern Trade grocery department stores in urban areas, characterized by 100% cooler availability and exclusive sales of premium categories. Shoppers engage in planned, higher-value purchases for household stock-up and indulgence.","Ensure planogram compliance for premium SKUs, focusing on full range availability and secondary displays for new product launches. Implement targeted promotions for multi-pack and larger formats."
120792.0,1926820,Surat,1926820,Pratibha Super Stores 3396,Retail,21.124694,72.857948,Gujarat,Surat,Surat City,Surat,Urban,Bhestan,Grocry Dept Str (Stand-alone),Sunrise Efficient Marketing Ltd.,2.89,0.21,0.4,8.37,9.52,50.69,0.57,6.1,0.37,1.15,0.37,0.37,0.37,0.37,9,33,72,1.0,3.0,5.0,33.0,39.0,40.0,62.0,110.0,137.0,158.0,296.0,234.0,108.0,91.0,462.0,308.0,432.0,767.0,Medium (30 to 100),,,,,166235.0,Yes,Yes,Yes,Yes,Yes,Yes,Yes,>Rs. 20,>Rs. 20,>Rs. 20,>Rs. 20,MT,Urban,1.2,Yes,165.0,<200 sqft,Micro Outlet,GUJARAT,Surat,yes,,,,,2998.4162,,,,,,,,,,,,,109.0908,,,3204.5775,2217.3892,,,,,,8529.4737,775.4067,6.73,11,GUJARAT,Retail,37.333333333333336,86.0,147.5,265.0,220.3333333333333,0.37,0.21,0.57,0.37,10.0,15.96,D,,1.0,1,1.0,1.0,2197.73,1422.32,64.7,True,D+,566.0,1.0,1.0,1.0,1.0,1.0,1.0,1.0,1.0,1,1.0,,,,1.0,1,2,Urban Premium Modern Trade,"These are larger, established Modern Trade grocery department stores in urban areas, characterized by 100% cooler availability and exclusive sales of premium categories. Shoppers engage in planned, higher-value purchases for household stock-up and indulgence.","Ensure planogram compliance for premium SKUs, focusing on full range availability and secondary displays for new product launches. Implement targeted promotions for multi-pack and larger formats."
119552.0,1844901,,1844901,Vaishali Dry Froots,Retail,20.713795,77.015916,Maharashtra,Akola,Akola,Akola,Urban,Ranpise Nagar (N),Dry Fruit Str,Indo Fuel Services,3.76,0.16,0.28,88.67,0.52,294.55,1.51,79.26,1.73,40.83,29.59,29.59,29.59,29.59,26,83,134,7.0,28.0,31.0,143.0,153.0,189.0,269.0,306.0,461.0,382.0,265.0,296.0,94.0,81.0,27.0,477.0,828.0,1007.0,High (>100),0.0,0.0,0.0,0.0,146890.0,Yes,Yes,No,Yes,No,Yes,Yes,Rs. 20,>Rs. 20,>Rs. 20,,MT,,,Yes,295.0,200–300 sqft,Small Outlet,MAHARASHTRA,Balance,yes,8855.3274,,1399.9986,,8696.8323,1309.0896,0.0728,509.0904,1254.5442,,,,,309.0906,,254.5456,8026.8699,327.2724,5263.6311,,4.5455,5276.2827,,,,,,41487.1931,3457.266092,26.92,12,MAHARASHTRA,Retail,161.66666666666666,287.5,421.5,280.5,67.33333333333333,29.59,0.16,1.51,1.73,33.0,70.7,B,150.0,1.0,1,1.0,0.0,8179.79,4722.53,57.7,True,B+,19.0,1.0,1.0,1.0,0.0,1.0,0.0,1.0,1.0,1,2.0,20.0,,,1.0,3,2,Urban Premium Modern Trade,"These are larger, established Modern Trade grocery department stores in urban areas, characterized by 100% cooler availability and exclusive sales of premium categories. Shoppers engage in planned, higher-value purchases for household stock-up and indulgence.","Ensure planogram compliance for premium SKUs, focusing on full range availability and secondary displays for new product launches. Implement targeted promotions for multi-pack and larger formats."
114084.0,1408950,Pune,1408950,Mahindra Super Shopee,Retail,18.599074,73.779137,Maharashtra,Pune,Haveli,Pimpri Chinchwad,Urban,Pimple Nilakh,Grocry Dept Str (Stand-alone),Synergy Network,3.47,0.22,1.74,3.06,0.3,2.54,3.63,1.05,0.15,0.15,0.15,0.15,0.15,0.15,10,45,86,0.0,5.0,30.0,117.0,134.0,158.0,356.0,412.0,645.0,581.0,515.0,475.0,111.0,92.0,115.0,903.0,586.0,273.0,High (>100),162.0,84.0,76.0,138.0,142528.0,Yes,Yes,Yes,Yes,Yes,Yes,Yes,>Rs. 20,>Rs. 20,>Rs. 20,>Rs. 20,MT,Periphery,1.3,Yes,490.0,300–600 sqft,Core Outlet,MAHARASHTRA,Pune,yes,2818.179,,,,,,,,7322.1279,,,,2892.7266,4354.146,2863.6365,8366.799,35516.1708,,50588.4903,,,,,,,,,114722.2761,9560.189675,16.0,12,MAHARASHTRA,Retail,136.33333333333334,384.0,613.0,495.0,106.0,0.15,0.22,2.54,0.15,10.0,93.72,A,150.0,1.0,1,1.0,0.0,5613.42,-3946.77,-70.3,False,A,687.0,1.0,1.0,1.0,1.0,1.0,1.0,1.0,1.0,1,,,,,1.0,4,2,Urban Premium Modern Trade,"These are larger, established Modern Trade grocery department stores in urban areas, characterized by 100% cooler availability and exclusive sales of premium categories. Shoppers engage in planned, higher-value purchases for household stock-up and indulgence.","Ensure planogram compliance for premium SKUs, focusing on full range availability and secondary displays for new product launches. Implement targeted promotions for multi-pack and larger formats."
116069.0,2439682,Delhi,2439682,Daily  Supar  Mart,Retail,28.562803,77.289822,Delhi,Delhi,Delhi,Delhi,Urban,Okhla,Grocry Dept Str (Stand-alone),Shri Shiv Ji Enterprises,3.27,0.15,0.55,1.48,1.83,0.17,0.27,1.88,0.03,1.88,0.03,0.03,0.03,0.03,12,26,46,4.0,16.0,28.0,1700.0,985.0,1164.0,2348.0,1957.0,2904.0,2785.0,2299.0,2250.0,749.0,315.0,115.0,2190.0,3632.0,11680.0,High (>100),125.0,240.0,776.0,186.0,331315.0,Yes,Yes,Yes,Yes,Yes,Yes,Yes,>Rs. 20,>Rs. 20,>Rs. 20,>Rs. 20,MT,Urban,0.8297599999999999,Yes,550.0,300–600 sqft,Core Outlet,NEW DELHI,Delhi,yes,81537.4692,,,,,,,490.9086,1472.7258,,,,4221.8172,18430.812,3054.5456,,50800.3422,,20278.1785,4502.2226,,,,,,,,184789.0217,15399.085142,25.75,12,North India,Retail,1283.0,2152.5,2844.5,2274.5,393.0,0.03,0.15,0.17,0.03,16.0,97.66,A,150.0,1.0,1,1.0,1.0,8526.36,-6872.72,-80.6,False,A,830.0,1.0,1.0,1.0,1.0,1.0,1.0,1.0,1.0,1,,,,,1.0,4,2,Urban Premium Modern Trade,"These are larger, established Modern Trade grocery department stores in urban areas, characterized by 100% cooler availability and exclusive sales of premium categories. Shoppers engage in planned, higher-value purchases for household stock-up and indulgence.","Ensure planogram compliance for premium SKUs, focusing on full range availability and secondary displays for new product launches. Implement targeted promotions for multi-pack and larger formats."
111735.0,2390717,,2390717,Indian Super Market,Retail,15.270893,76.397754,Karnataka,Bellary,Hospet,Hospet,Urban,M.P. Prakash Nagar,Grocry Dept Str (Stand-alone),Sri Ganesh Traders,4.7,0.01,0.66,149.07,0.17,0.27,2.19,22.35,0.14,0.14,0.14,0.14,0.14,0.14,37,79,112,5.0,19.0,24.0,33.0,46.0,49.0,102.0,157.0,244.0,302.0,457.0,384.0,59.0,68.0,99.0,272.0,485.0,1028.0,Medium (30 to 100),0.0,0.0,0.0,0.0,105299.0,Yes,Yes,Yes,Yes,Yes,Yes,Yes,>Rs. 20,>Rs. 20,>Rs. 20,>Rs. 20,MT,,,Yes,520.0,300–600 sqft,Core Outlet,KARNATAKA,Balance,yes,13124.0982,,,594.5454,1336.3623,,8292.824,,,,82.5696,999.0911,703.6362,,,,10443.468,227.2725,5138.3368,,1146.8,4195.2534,,,,,,46284.2575,4628.42575,27.0,10,West India,Retail,42.66666666666666,129.5,273.0,420.5,75.33333333333333,0.14,0.01,0.27,0.14,42.0,80.3,A,,1.0,1,1.0,0.0,8604.4,3975.97,46.2,True,A+,9.0,1.0,1.0,1.0,1.0,1.0,1.0,1.0,1.0,1,,,,,1.0,4,2,Urban Premium Modern Trade,"These are larger, established Modern Trade grocery department stores in urban areas, characterized by 100% cooler availability and exclusive sales of premium categories. Shoppers engage in planned, higher-value purchases for household stock-up and indulgence.","Ensure planogram compliance for premium SKUs, focusing on full range availability and secondary displays for new product launches. Implement targeted promotions for multi-pack and larger formats."
120581.0,1903162,,1903162,Rb Mindfresh Bittle Shop,Retail,20.833288,86.300047,Orissa,Jajapur,Jajapur,Mallikapur,Rural,,Grocry Dept Str (Stand-alone),Sahu Agency- Rd,3.89,2.62,43.94,53.78,4.01,0.0,18.41,57.52,21.45,52.95,52.95,52.95,52.95,52.95,5,17,37,0.0,0.0,0.0,1.0,3.0,4.0,5.0,1.0,15.0,24.0,21.0,37.0,43.0,30.0,12.0,39.0,43.0,90.0,Low (<30),0.0,0.0,0.0,0.0,47583.0,Yes,Yes,Yes,Yes,Yes,Yes,Yes,>Rs. 20,>Rs. 20,>Rs. 20,>Rs. 20,MT,,,Yes,700.0,600–1000 sqft,Large Outlet,ORISSA,Balance,yes,2618.1792,,,,1854.5436,,4220.808,,,,110.0928,,,1436.3622,,,1890.9072,2418.1794,,,1978.0425,2599.9974,,,,,,19127.1123,1738.828391,13.09,11,East India,Retail,2.6666666666666665,3.0,19.5,29.0,28.33333333333333,52.95,2.62,0.0,21.45,5.0,43.64,C,15.0,1.0,1,1.0,0.0,5597.57,3858.75,68.9,True,C+,28.0,1.0,1.0,1.0,1.0,1.0,1.0,1.0,1.0,1,,,,,0.0,2,2,Urban Premium Modern Trade,"These are larger, established Modern Trade grocery department stores in urban areas, characterized by 100% cooler availability and exclusive sales of premium categories. Shoppers engage in planned, higher-value purchases for household stock-up and indulgence.","Ensure planogram compliance for premium SKUs, focusing on full range availability and secondary displays for new product launches. Implement targeted promotions for multi-pack and larger formats."
112735.0,S00480338,Kolkata,S00480338,Next Level Super Market,Retail,22.54565,88.321942,West Bengal,Kolkata,Kolkata,Kolkata,Urban,South Port,Grocry Dept Str (Stand-alone),M.D. Enterprise,4.58,0.06,0.66,2.15,0.47,0.62,1.27,1.95,0.13,0.26,0.13,0.13,0.13,0.13,19,62,125,0.0,11.0,32.0,238.0,207.0,204.0,413.0,353.0,471.0,579.0,882.0,639.0,316.0,158.0,444.0,879.0,1006.0,2149.0,High (>100),0.0,0.0,0.0,0.0,162921.0,Yes,Yes,Yes,Yes,Yes,Yes,Yes,>Rs. 20,>Rs. 20,>Rs. 20,>Rs. 20,MT,Urban,0.3,Yes,170.0,<200 sqft,Micro Outlet,WEST BENGAL,Kolkata,yes,1120.9476,,,,6325.2995,2430.0432,15983.6028,,104.348,,1947.144,436.364,625.4544,181.818,381.8182,,357.312,3503.5572,660.8704,,11114.898,16272.3483,,,,,,61445.8256,6144.58256,25.0,10,East India,Retail,216.3333333333333,383.0,525.0,760.5,306.0,0.13,0.06,0.62,0.13,19.0,86.36,A,150.0,1.0,1,1.0,1.0,7346.01,1201.42,16.4,True,A+,169.0,1.0,1.0,1.0,1.0,1.0,1.0,1.0,1.0,1,1.0,,,,1.0,4,2,Urban Premium Modern Trade,"These are larger, established Modern Trade grocery department stores in urban areas, characterized by 100% cooler availability and exclusive sales of premium categories. Shoppers engage in planned, higher-value purchases for household stock-up and indulgence.","Ensure planogram compliance for premium SKUs, focusing on full range availability and secondary displays for new product launches. Implement targeted promotions for multi-pack and larger formats."
109455.0,2220068,,2220068,Sohi Mart,Retail,30.889361,76.551293,Punjab,Rupnagar,Rupnagar,Singh,Rural,,Grocry Dept Str (Stand-alone),Paul General Store & Book Depot-Ss,6.74,5.59,3.13,15.4,0.46,31.27,2.88,17.89,1.86,17.89,17.89,17.89,1.86,1.86,3,8,23,0.0,0.0,1.0,3.0,3.0,3.0,5.0,0.0,27.0,43.0,25.0,63.0,13.0,8.0,3.0,22.0,51.0,105.0,Low (<30),0.0,0.0,0.0,0.0,124360.0,Yes,Yes,Yes,Yes,Yes,Yes,Yes,>Rs. 20,>Rs. 20,>Rs. 20,>Rs. 20,MT,,,Yes,585.0,300–600 sqft,Core Outlet,PUNJAB,Balance,yes,21397.6158,,,,9863.2313,2181.816,9.1744,3326.4789,,,,,,707.5092,,,14282.1999,5308.2952,,,18.3488,25544.6386,,,,,,82639.3081,6886.609008,28.75,12,North India,Retail,3.0,2.5,35.0,44.0,8.0,1.86,3.13,2.88,1.86,3.0,88.52,A,15.0,1.0,1,1.0,0.0,9681.85,2795.24,28.9,True,A+,45.0,1.0,1.0,1.0,1.0,1.0,1.0,1.0,1.0,1,,,,,0.0,4,2,Urban Premium Modern Trade,"These are larger, established Modern Trade grocery department stores in urban areas, characterized by 100% cooler availability and exclusive sales of premium categories. Shoppers engage in planned, higher-value purchases for household stock-up and indulgence.","Ensure planogram compliance for premium SKUs, focusing on full range availability and secondary displays for new product launches. Implement targeted promotions for multi-pack and larger formats."
115954.0,1631448,Surat,1631448,Shree Bherunath Super Stores,Retail,21.192095,72.831783,Gujarat,Surat,Surat City,Surat,Urban,Salabatpura,Grocry Dept Str (Stand-alone),Shreeji Enterprise,6.8,0.13,1.33,2.12,3.52,58.58,1.72,1.24,0.06,0.16,0.06,0.06,0.06,0.06,36,120,226,0.0,15.0,40.0,375.0,405.0,493.0,657.0,761.0,1259.0,1421.0,1617.0,1645.0,483.0,335.0,815.0,1216.0,2244.0,5740.0,Medium (30 to 100),,,,,171489.0,Yes,Yes,Yes,Yes,Yes,Yes,Yes,>Rs. 20,>Rs. 20,>Rs. 20,>Rs. 20,MT,Urban,1.5,Yes,175.0,<200 sqft,Micro Outlet,GUJARAT,Surat,yes,,,,,490.9086,,163.638,,,,,,,,,,,,,,11015.9148,327.2724,,,,,,11997.7338,1333.081533,3.11,9,GUJARAT,Retail,424.3333333333333,709.0,1340.0,1631.0,544.3333333333334,0.06,0.13,1.72,0.06,36.0,33.06,C,,1.0,1,1.0,1.0,958.08,-375.01,-39.1,False,C,1381.0,1.0,1.0,1.0,1.0,1.0,1.0,1.0,1.0,1,1.0,,,,1.0,2,2,Urban Premium Modern Trade,"These are larger, established Modern Trade grocery department stores in urban areas, characterized by 100% cooler availability and exclusive sales of premium categories. Shoppers engage in planned, higher-value purchases for household stock-up and indulgence.","Ensure planogram compliance for premium SKUs, focusing on full range availability and secondary displays for new product launches. Implement targeted promotions for multi-pack and larger formats."
104050.0,2419213,,2419213,Laxmi Sai Super Market,Retail,17.066041,79.264468,Telangana,Nalgonda,Nalgonda,Nalgonda,Urban,Nalgonda,Grocry Dept Str (Stand-alone),Mts Agencies,38.09,0.11,0.09,66.69,0.08,74.72,2.09,76.61,0.69,74.59,74.59,74.59,0.0,74.59,32,76,123,0.0,81.0,0.0,245.0,513.0,2024.0,1539.0,5012.0,7924.0,4919.0,6044.0,4104.0,1734.0,1846.0,923.0,6929.0,14308.0,14268.0,High (>100),0.0,0.0,0.0,0.0,118479.0,Yes,Yes,Yes,Yes,Yes,Yes,Yes,>Rs. 20,>Rs. 20,>Rs. 20,>Rs. 20,MT,,,Yes,875.0,600–1000 sqft,Large Outlet,TELANGANA,Balance,yes,,,,,3384.1886,,3046.4754,,,,,163.6365,1407.2724,,,,,,,,2015.7315,6935.175,,,,,,16952.4794,1412.706617,9.5,12,South India,Retail,927.3333333333334,3275.5,6421.5,5074.0,1501.0,0.0,0.09,2.09,0.69,32.0,35.14,C,150.0,1.0,1,1.0,0.0,4496.68,3083.97,68.6,True,C+,108.0,1.0,1.0,1.0,1.0,1.0,1.0,1.0,1.0,1,,,,,1.0,2,2,Urban Premium Modern Trade,"These are larger, established Modern Trade grocery department stores in urban areas, characterized by 100% cooler availability and exclusive sales of premium categories. Shoppers engage in planned, higher-value purchases for household stock-up and indulgence.","Ensure planogram compliance for premium SKUs, focusing on full range availability and secondary displays for new product launches. Implement targeted promotions for multi-pack and larger formats."
121478.0,S01303571,,S01303571,Bhavani Super,Retail,21.138645,73.095788,Gujarat,Surat,Bardoli,Baben,Rural,,Grocry Dept Str (Stand-alone),Shree Adinath Sales Agency,3.45,1.06,12.71,29.89,14.23,53.43,1.12,26.82,1.04,6.27,6.27,6.27,6.27,6.27,3,15,34,0.0,0.0,0.0,39.0,45.0,52.0,75.0,7.0,357.0,579.0,514.0,908.0,386.0,420.0,169.0,442.0,906.0,1712.0,Low (<30),,,,,108746.0,Yes,Yes,Yes,Yes,Yes,Yes,Yes,>Rs. 20,>Rs. 20,>Rs. 20,>Rs. 20,MT,,,Yes,450.0,300–600 sqft,Core Outlet,GUJARAT,Balance,yes,54.5454,,,,4927.2678,,,,,,,,,,,,218.1816,,,,4005.9662,1581.8166,,,,,,10787.7776,980.707055,6.55,11,GUJARAT,Retail,45.333333333333336,41.0,468.0,711.0,325.0,6.27,1.06,1.12,1.04,3.0,22.1,D,15.0,1.0,1,1.0,0.0,2993.55,2012.84,67.2,True,D+,237.0,1.0,1.0,1.0,1.0,1.0,1.0,1.0,1.0,1,,,,,0.0,1,2,Urban Premium Modern Trade,"These are larger, established Modern Trade grocery department stores in urban areas, characterized by 100% cooler availability and exclusive sales of premium categories. Shoppers engage in planned, higher-value purchases for household stock-up and indulgence.","Ensure planogram compliance for premium SKUs, focusing on full range availability and secondary displays for new product launches. Implement targeted promotions for multi-pack and larger formats."
115109.0,2424945,,2424945,Warsi Daily Needs Kosmi,Retail,21.816082,80.185661,Madhya Pradesh,Balaghat,Balaghat,Balaghat,Urban,Balaghat,Grocry Dept Str (Stand-alone),Ruchi Traders,0.4,0.16,128.8,266.4,0.13,450.07,1.52,147.06,0.63,129.64,129.64,129.64,129.64,129.64,19,43,54,0.0,0.0,0.0,153.0,372.0,992.0,989.0,2178.0,3225.0,1998.0,2603.0,2648.0,1112.0,1482.0,741.0,3119.0,5740.0,10116.0,High (>100),0.0,0.0,0.0,0.0,126740.0,Yes,Yes,Yes,Yes,Yes,Yes,Yes,>Rs. 20,>Rs. 20,>Rs. 20,>Rs. 20,MT,,,Yes,1005.0,1000+ sqft,Super Store,MADHYA PRADESH,Balance,yes,1454.544,,,,1618.1802,,137.616,,,,,654.546,,,,,,218.1816,,,1238.544,7272.72,,,,,,12594.3318,2099.0553,6.83,6,MADHYA PRADESH,Retail,505.6666666666667,1583.5,2611.5,2625.5,1111.6666666666667,129.64,0.16,1.52,0.63,19.0,51.88,C,150.0,1.0,1,1.0,0.0,4004.54,1905.48,47.6,True,C+,448.0,1.0,1.0,1.0,1.0,1.0,1.0,1.0,1.0,1,,,,,1.0,2,2,Urban Premium Modern Trade,"These are larger, established Modern Trade grocery department stores in urban areas, characterized by 100% cooler availability and exclusive sales of premium categories. Shoppers engage in planned, higher-value purchases for household stock-up and indulgence.","Ensure planogram compliance for premium SKUs, focusing on full range availability and secondary displays for new product launches. Implement targeted promotions for multi-pack and larger formats."
118635.0,S00265057,Faridabad,S00265057,Rahul Departmental S,Retail,28.433756,77.322354,Haryana,Faridabad,Faridabad,Faridabad,Urban,Indira Colony,Grocry Dept Str (Stand-alone),Ambaji Corp - SDP,4.57,0.14,1.48,3.44,0.02,0.0,1.39,0.1,0.1,0.1,0.1,0.1,0.1,0.1,16,53,92,0.0,4.0,12.0,86.0,65.0,79.0,144.0,129.0,195.0,160.0,155.0,134.0,25.0,26.0,32.0,189.0,311.0,567.0,Low (<30),31.0,85.0,17.0,0.0,157642.0,Yes,Yes,Yes,Yes,Yes,Yes,Yes,>Rs. 20,>Rs. 20,>Rs. 20,>Rs. 20,MT,Urban,1.2,Yes,715.0,600–1000 sqft,Large Outlet,HARYANA,Faridabad,yes,116572.1444,,181.818,,13767.5772,,,4904.343,80.6324,,,,,21965.9862,,6422.1288,70167.8994,3127.2696,558.893,,,18654.5268,,,,,,256403.2188,21366.9349,31.33,12,North India,Retail,76.66666666666667,136.5,177.5,144.5,27.666666666666668,0.1,0.14,0.0,0.1,16.0,98.54,A,15.0,1.0,1,1.0,1.0,10477.62,-10889.31,-103.9,False,A,902.0,1.0,1.0,1.0,1.0,1.0,1.0,1.0,1.0,1,,,,,1.0,4,2,Urban Premium Modern Trade,"These are larger, established Modern Trade grocery department stores in urban areas, characterized by 100% cooler availability and exclusive sales of premium categories. Shoppers engage in planned, higher-value purchases for household stock-up and indulgence.","Ensure planogram compliance for premium SKUs, focusing on full range availability and secondary displays for new product launches. Implement targeted promotions for multi-pack and larger formats."
118463.0,2510916,,2510916,Sopore Mart,Retail,34.250283,74.452657,Jammu & Kashmir,Baramula,Baramula,Khusual Pora,Rural,,Grocry Dept Str (Stand-alone),Badroo Groups -Tt,8.69,2.24,9.55,175.37,34.95,0.0,35.09,175.99,172.66,0.0,0.0,0.0,0.0,0.0,7,12,32,0.0,0.0,0.0,1.0,3.0,5.0,6.0,1.0,15.0,24.0,37.0,49.0,24.0,16.0,6.0,8.0,23.0,151.0,Low (<30),0.0,0.0,0.0,0.0,86123.0,Yes,Yes,Yes,Yes,Yes,Yes,Yes,>Rs. 20,>Rs. 20,>Rs. 20,>Rs. 20,MT,,,Yes,655.0,600–1000 sqft,Large Outlet,JAMMU & KASHMIR,Balance,yes,28545.426,,,3567.2724,4909.086,,136.365,690.9084,,,,,3752.7264,6145.4484,7636.364,,12018.1698,1909.089,556.5226,71.4286,914.521,12681.8055,,,,,,83535.1331,6961.261092,19.5,12,North India,Retail,3.0,3.5,19.5,43.0,15.333333333333334,0.0,2.24,0.0,172.66,7.0,88.68,A,15.0,1.0,1,1.0,0.0,8565.6,1604.34,18.7,True,A+,130.0,1.0,1.0,1.0,1.0,1.0,1.0,1.0,1.0,1,,,,,0.0,4,2,Urban Premium Modern Trade,"These are larger, established Modern Trade grocery department stores in urban areas, characterized by 100% cooler availability and exclusive sales of premium categories. Shoppers engage in planned, higher-value purchases for household stock-up and indulgence.","Ensure planogram compliance for premium SKUs, focusing on full range availability and secondary displays for new product launches. Implement targeted promotions for multi-pack and larger formats."
113504.0,2636424,Lucknow,2636424,Smart Price,Retail,26.839534,80.92752,Uttar Pradesh,Lucknow,Lucknow,Lucknow,Urban,Yadunath Sainiyal,Grocry Dept Str (Stand-alone),Primewest Marketing P.Ltd.-Sdp,6.42,0.09,0.47,0.99,6.6,0.4,0.69,0.52,0.08,0.08,0.08,0.08,0.08,0.08,18,67,121,12.0,29.0,46.0,617.0,608.0,693.0,1394.0,1595.0,2224.0,1699.0,1835.0,1766.0,628.0,603.0,430.0,1615.0,2998.0,7984.0,High (>100),24.0,16.0,9.0,1.0,109438.0,Yes,Yes,Yes,Yes,Yes,Yes,Yes,>Rs. 20,>Rs. 20,>Rs. 20,>Rs. 20,MT,Urban,3.7,Yes,565.0,300–600 sqft,Core Outlet,UTTAR PRADESH,Lucknow,yes,709.0902,,,,1090.908,181.818,1558.0407,181.818,,,750.0024,,,181.818,,,236.3634,399.9996,,,1419.6474,3636.36,,,,,,10345.8657,1149.540633,8.56,9,UTTAR PRADESH,Retail,639.3333333333334,1494.5,1961.5,1800.5,553.6666666666666,0.08,0.09,0.4,0.08,30.0,27.2,D,150.0,1.0,1,1.0,1.0,3547.56,2398.02,67.6,True,D+,139.0,1.0,1.0,1.0,1.0,1.0,1.0,1.0,1.0,1,,,,,1.0,1,2,Urban Premium Modern Trade,"These are larger, established Modern Trade grocery department stores in urban areas, characterized by 100% cooler availability and exclusive sales of premium categories. Shoppers engage in planned, higher-value purchases for household stock-up and indulgence.","Ensure planogram compliance for premium SKUs, focusing on full range availability and secondary displays for new product launches. Implement targeted promotions for multi-pack and larger formats."
120812.0,2659820,,2659820,We Mart,Retail,26.230595,84.357872,Bihar,Siwan,Siwan,Siwan,Urban,Mahadeva,Grocry Dept Str (Stand-alone),Ganapati Traders-Tt,4.06,0.06,64.4,103.26,0.9,0.0,1.01,99.96,28.36,98.94,98.24,98.94,98.24,98.24,24,66,96,0.0,0.0,0.0,40.0,58.0,59.0,155.0,251.0,340.0,172.0,190.0,168.0,68.0,69.0,64.0,145.0,275.0,1067.0,Low (<30),0.0,0.0,0.0,0.0,78637.0,Yes,Yes,Yes,Yes,Yes,Yes,Yes,>Rs. 20,>Rs. 20,>Rs. 20,>Rs. 20,MT,,,Yes,790.0,600–1000 sqft,Large Outlet,BIHAR,Balance,yes,16327.2564,,,,4399.9956,,23472.786,,,,,,,90.909,,,6909.084,1927.2708,,,5433.33,29899.9701,,,,,,88460.6019,8846.06019,9.3,10,East India,Retail,52.333333333333336,203.0,256.0,179.0,67.0,98.24,0.06,0.0,28.36,24.0,92.64,A,15.0,1.0,1,1.0,0.0,4488.51,-4357.55,-97.1,False,A,718.0,1.0,1.0,1.0,1.0,1.0,1.0,1.0,1.0,1,,,,,1.0,4,2,Urban Premium Modern Trade,"These are larger, established Modern Trade grocery department stores in urban areas, characterized by 100% cooler availability and exclusive sales of premium categories. Shoppers engage in planned, higher-value purchases for household stock-up and indulgence.","Ensure planogram compliance for premium SKUs, focusing on full range availability and secondary displays for new product launches. Implement targeted promotions for multi-pack and larger formats."
114084.0,1755699,Pune,1755699,New Bhawani Super Market,Retail,18.578842,73.776053,Maharashtra,Pune,Pune City,Pune,Urban,Baner Balewadi,Grocry Dept Str (Stand-alone),Synergy Network,1.64,0.43,0.27,0.94,0.56,0.47,5.68,0.5,0.42,0.42,0.42,0.42,0.42,0.42,9,20,40,11.0,13.0,18.0,122.0,79.0,99.0,223.0,152.0,256.0,210.0,164.0,156.0,56.0,33.0,37.0,392.0,502.0,485.0,High (>100),77.0,45.0,20.0,64.0,168676.0,Yes,Yes,Yes,Yes,Yes,Yes,Yes,>Rs. 20,>Rs. 20,>Rs. 20,>Rs. 20,MT,Urban,0.5,Yes,240.0,200–300 sqft,Small Outlet,MAHARASHTRA,Pune,yes,24744.6402,,181.818,,5899.9941,,,3184.1868,2654.9391,,,1363.6375,4065.4536,3927.2688,,19582.4107,25465.5882,,18375.337,,,6290.9028,,,,,,115736.1768,9644.6814,30.75,12,MAHARASHTRA,Retail,100.0,187.5,233.0,160.0,42.0,0.42,0.27,0.47,0.42,20.0,93.74,A,150.0,1.0,1,1.0,1.0,9261.84,-382.84,-4.1,False,A,368.0,1.0,1.0,1.0,1.0,1.0,1.0,1.0,1.0,1,2.0,,,,1.0,4,2,Urban Premium Modern Trade,"These are larger, established Modern Trade grocery department stores in urban areas, characterized by 100% cooler availability and exclusive sales of premium categories. Shoppers engage in planned, higher-value purchases for household stock-up and indulgence.","Ensure planogram compliance for premium SKUs, focusing on full range availability and secondary displays for new product launches. Implement targeted promotions for multi-pack and larger formats."
113966.0,2782771,Tirupati,2782771,Sai Super Market,Retail,13.63675468,79.43417176,Andhra Pradesh,Chittoor,Tirupati (Urban),Tirupati,Urban,Akkarampalle,Grocry Dept Str (Stand-alone),Thyaga Enterprises,4.84,0.25,2.87,20.62,0.74,0.0,1.79,101.84,1.17,101.7,101.62,101.62,101.62,101.62,26,100,181,0.0,0.0,1.0,158.0,225.0,253.0,456.0,617.0,865.0,837.0,1241.0,1046.0,173.0,188.0,258.0,1356.0,2429.0,1703.0,Medium (30 to 100),71.0,76.0,33.0,9.0,101551.0,Yes,Yes,Yes,Yes,Yes,Yes,Yes,>Rs. 20,>Rs. 20,>Rs. 20,>Rs. 20,MT,Urban,0.5,Yes,555.0,300–600 sqft,Core Outlet,ANDHRA PRADESH,Tirupati,yes,4890.9042,,181.818,,2418.1794,363.636,1954.1472,672.7266,463.6359,,,,680.0001,,,,3527.2692,109.0908,4299.9957,,1692.6768,4690.9044,,,,,,25944.9843,3706.426329,29.14,7,South India,Retail,212.0,536.5,851.0,1143.5,206.3333333333333,101.62,0.25,0.0,1.17,26.0,72.96,B,,1.0,1,1.0,1.0,9326.86,5620.44,60.3,True,B+,4.0,1.0,1.0,1.0,1.0,1.0,1.0,1.0,1.0,1,,,,,1.0,3,2,Urban Premium Modern Trade,"These are larger, established Modern Trade grocery department stores in urban areas, characterized by 100% cooler availability and exclusive sales of premium categories. Shoppers engage in planned, higher-value purchases for household stock-up and indulgence.","Ensure planogram compliance for premium SKUs, focusing on full range availability and secondary displays for new product launches. Implement targeted promotions for multi-pack and larger formats."
118635.0,S01431693,,S01431693,New Pro Mart,Retail,28.373907,77.355048,Haryana,Faridabad,Faridabad,Faizupur Majra Neemka,Rural,,Grocry Dept Str (Stand-alone),Ambaji Corp - SDP,6.04,0.87,2.13,5.25,1.51,0.0,3.95,1.5,1.5,1.5,1.5,1.5,1.5,1.5,3,15,48,0.0,0.0,3.0,1.0,6.0,11.0,2.0,0.0,20.0,33.0,28.0,52.0,15.0,12.0,4.0,9.0,28.0,144.0,Low (<30),22.0,17.0,32.0,19.0,349522.0,Yes,Yes,Yes,Yes,Yes,Yes,Yes,>Rs. 20,>Rs. 20,>Rs. 20,>Rs. 20,MT,,,Yes,960.0,600–1000 sqft,Large Outlet,HARYANA,Faridabad,yes,98662.3533,,218.1816,,19435.5564,272.727,,10533.5865,8415.4073,,,,,18438.717,,11906.3219,70401.5118,2272.725,28667.1664,,,42539.8818,,,,,,311764.136,25980.344667,36.08,12,North India,Retail,6.0,1.0,26.5,40.0,10.333333333333334,1.5,0.87,0.0,1.5,3.0,99.0,A,15.0,1.0,1,1.0,0.0,12645.46,-13334.88,-105.5,False,A,921.0,1.0,1.0,1.0,1.0,1.0,1.0,1.0,1.0,1,,,,,0.0,4,2,Urban Premium Modern Trade,"These are larger, established Modern Trade grocery department stores in urban areas, characterized by 100% cooler availability and exclusive sales of premium categories. Shoppers engage in planned, higher-value purchases for household stock-up and indulgence.","Ensure planogram compliance for premium SKUs, focusing on full range availability and secondary displays for new product launches. Implement targeted promotions for multi-pack and larger formats."
116960.0,2270349,,2270349,Drishti Supermarket,Retail,25.964498,83.532222,Uttar Pradesh,Mau,Maunath Bhanjan,Maunath Bhanjan,Urban,N'brhd No. 16,Grocry Dept Str (Stand-alone),Fardeen Trading Co-Tt,3.43,0.36,0.37,86.78,3.46,1.62,2.76,85.07,5.28,82.07,82.07,82.07,82.07,82.07,10,23,55,1.0,1.0,8.0,1.0,5.0,4.0,5.0,45.0,22.0,31.0,49.0,19.0,28.0,38.0,116.0,27.0,35.0,282.0,Low (<30),0.0,0.0,0.0,0.0,68383.0,Yes,Yes,Yes,Yes,Yes,Yes,Yes,>Rs. 20,>Rs. 20,>Rs. 20,>Rs. 20,MT,,,Yes,690.0,600–1000 sqft,Large Outlet,UTTAR PRADESH,Balance,yes,2345.4522,,,,2013.4374,,4507.6833,,,,504.4659,,,799.9992,,,,345.4542,,,3573.4998,2063.6343,,,,,,16153.6263,1468.511482,11.45,11,UTTAR PRADESH,Retail,3.333333333333333,25.0,26.5,34.0,60.66666666666666,82.07,0.36,1.62,5.28,11.0,36.74,C,15.0,1.0,1,1.0,0.0,4799.03,3330.52,69.4,True,C+,74.0,1.0,1.0,1.0,1.0,1.0,1.0,1.0,1.0,1,,,,,1.0,2,2,Urban Premium Modern Trade,"These are larger, established Modern Trade grocery department stores in urban areas, characterized by 100% cooler availability and exclusive sales of premium categories. Shoppers engage in planned, higher-value purchases for household stock-up and indulgence.","Ensure planogram compliance for premium SKUs, focusing on full range availability and secondary displays for new product launches. Implement targeted promotions for multi-pack and larger formats."
113913.0,S00920583,Nagpur,S00920583,Akash Provision,Retail,21.177485,79.088494,Maharashtra,Nagpur,Nagpur (Urban),Nagpur,Urban,Indora,Grocry Dept Str (Stand-alone),Arnav Traders,3.52,0.17,0.4,3.49,0.17,467.54,2.79,1.06,0.09,0.09,0.09,0.09,0.09,0.09,17,67,179,4.0,23.0,56.0,69.0,166.0,226.0,338.0,405.0,549.0,315.0,416.0,470.0,176.0,157.0,78.0,587.0,1171.0,1692.0,Medium (30 to 100),76.0,46.0,8.0,3.0,232709.0,Yes,Yes,Yes,Yes,Yes,Yes,Yes,>Rs. 20,>Rs. 20,>Rs. 20,>Rs. 20,MT,Urban,3.76836,Yes,175.0,<200 sqft,Micro Outlet,MAHARASHTRA,Nagpur,yes,,,2010.2758,,25345.8309,3445.4511,,,,,,,,,,,,6817.3872,,,5068.8208,26534.3676,,,,,,69222.1334,5768.511117,15.83,12,MAHARASHTRA,Retail,153.66666666666666,371.5,432.0,443.0,137.0,0.09,0.17,2.79,0.09,21.0,85.22,A,,1.0,1,1.0,1.0,4774.93,-993.58,-20.8,False,A,443.0,1.0,1.0,1.0,1.0,1.0,1.0,1.0,1.0,1,1.0,,,,1.0,4,2,Urban Premium Modern Trade,"These are larger, established Modern Trade grocery department stores in urban areas, characterized by 100% cooler availability and exclusive sales of premium categories. Shoppers engage in planned, higher-value purchases for household stock-up and indulgence.","Ensure planogram compliance for premium SKUs, focusing on full range availability and secondary displays for new product launches. Implement targeted promotions for multi-pack and larger formats."
119168.0,2608009,Nagpur,2608009,Naitik Daily Needs,Retail,21.190931,79.076278,Maharashtra,Nagpur,Nagpur (Urban),Nagpur,Urban,Gorewada,Grocry Dept Str (Stand-alone),Arnav Traders,5.16,0.2,0.6,2.61,0.21,467.61,2.39,2.95,0.18,0.37,0.18,0.37,0.18,0.18,17,44,106,1.0,12.0,27.0,75.0,168.0,371.0,396.0,737.0,1063.0,612.0,789.0,758.0,295.0,277.0,139.0,1150.0,2327.0,3231.0,High (>100),144.0,133.0,25.0,3.0,210520.0,Yes,Yes,Yes,Yes,Yes,Yes,No,>Rs. 20,>Rs. 20,>Rs. 20,>Rs. 20,MT,Urban,2.05207,Yes,160.0,<200 sqft,Micro Outlet,MAHARASHTRA,Nagpur,yes,,,,,1309.0896,363.636,1990.929,,,,,,,,,,,109.0908,,,1145.466,3236.3604,,,,,,8154.5718,1019.321475,7.7,8,MAHARASHTRA,Retail,204.66666666666663,566.5,837.5,773.5,237.0,0.18,0.2,2.39,0.18,18.0,23.48,D,150.0,1.0,1,1.0,1.0,2341.4,1322.08,56.5,True,D+,633.0,1.0,1.0,1.0,1.0,1.0,1.0,1.0,0.0,1,1.0,,,,1.0,1,2,Urban Premium Modern Trade,"These are larger, established Modern Trade grocery department stores in urban areas, characterized by 100% cooler availability and exclusive sales of premium categories. Shoppers engage in planned, higher-value purchases for household stock-up and indulgence.","Ensure planogram compliance for premium SKUs, focusing on full range availability and secondary displays for new product launches. Implement targeted promotions for multi-pack and larger formats."
114400.0,1439576,Tiruchirappalli,1439576,Shanthi Department,Retail,10.856915,78.692986,Tamil Nadu,Tiruchirappalli,Tiruchirappalli,Tiruchirappalli,Urban,Sriramapuram,Grocry Dept Str (Stand-alone),Sri Vekkaliamman Agencies,3.28,0.06,0.63,10.86,0.69,0.06,0.35,0.08,0.08,0.08,0.08,0.08,0.0,0.08,20.0,36.0,57.0,2.0,4.0,8.0,167.0,246.0,261.0,478.0,527.0,735.0,831.0,746.0,740.0,224.0,188.0,86.0,1134.0,1615.0,1225.0,Low (<30),128.0,63.0,7.0,0.0,163402.0,Yes,Yes,Yes,Yes,Yes,Yes,Yes,>Rs. 20,>Rs. 20,>Rs. 20,>Rs. 20,MT,Urban,1.1,Yes,1070.0,1000+ sqft,Super Store,TAMIL NADU,Tiruchirappalli,yes,1417.3902,,,2675.4543,3977.0718,,977.262,,,,,1309.092,2697.2721,,3818.182,,1711.461,,,,530.166,4109.0868,,,,,,23222.4382,3870.406367,14.0,6,South India,Retail,224.66666666666663,502.5,783.0,743.0,166.0,0.0,0.06,0.06,0.08,22.0,74.56,B,15.0,1.0,1,1.0,1.0,6204.68,2334.28,37.6,True,B+,229.0,1.0,1.0,1.0,1.0,1.0,1.0,1.0,1.0,1,,,,,1.0,3,2,Urban Premium Modern Trade,"These are larger, established Modern Trade grocery department stores in urban areas, characterized by 100% cooler availability and exclusive sales of premium categories. Shoppers engage in planned, higher-value purchases for household stock-up and indulgence.","Ensure planogram compliance for premium SKUs, focusing on full range availability and secondary displays for new product launches. Implement targeted promotions for multi-pack and larger formats."
120247.0,1787967,Bhilwara,1787967,Navkaar Department Store,Retail,25.356335,74.642801,Rajasthan,Bhilwara,Bhilwara,Bhilwara,Urban,N'brhd No. 27,Grocry Dept Str (Stand-alone),Kiran Sales Agencies,2.08,9.0,5.12,125.29,0.06,252.61,1.68,119.46,1.51,113.3,113.3,113.3,113.3,113.3,30,107,180,0.0,0.0,0.0,186.0,162.0,208.0,233.0,274.0,403.0,347.0,323.0,346.0,48.0,53.0,29.0,340.0,732.0,1261.0,Medium (30 to 100),50.0,35.0,10.0,2.0,5103271.0,Yes,Yes,Yes,Yes,Yes,Yes,Yes,>Rs. 20,>Rs. 20,>Rs. 20,>Rs. 20,MT,Urban,0.9,Yes,410.0,300–600 sqft,Core Outlet,RAJASTHAN,Bhilwara,yes,1909.089,,,,3436.3602,545.454,137.616,436.3632,,,110.0928,,,1472.7258,,,2127.2706,1490.9076,,,454.1328,3781.8144,,,,,,15901.8264,1445.620582,11.0,11,North India,Retail,185.3333333333333,253.5,375.0,334.5,43.333333333333336,113.3,5.12,1.68,1.51,30.0,36.16,C,,1.0,1,1.0,1.0,3845.78,2400.16,62.4,True,C+,269.0,1.0,1.0,1.0,1.0,1.0,1.0,1.0,1.0,1,,,,,1.0,2,2,Urban Premium Modern Trade,"These are larger, established Modern Trade grocery department stores in urban areas, characterized by 100% cooler availability and exclusive sales of premium categories. Shoppers engage in planned, higher-value purchases for household stock-up and indulgence.","Ensure planogram compliance for premium SKUs, focusing on full range availability and secondary displays for new product launches. Implement targeted promotions for multi-pack and larger formats."
115470.0,1662504,Ahmadabad,1662504, Krishna Super Market,Retail,23.056763,72.547455,Gujarat,Ahmedabad,Ahmedabad City,Ahmedabad,Urban,Naranpura,Grocry Dept Str (Stand-alone),Krish Enterprise,6.53,0.35,2.03,0.6,2.78,0.17,2.08,0.63,0.12,0.12,0.12,0.12,0.12,0.12,19,81,179,0.0,2.0,11.0,307.0,533.0,589.0,865.0,805.0,1027.0,615.0,808.0,883.0,323.0,259.0,130.0,1199.0,1826.0,3190.0,Low (<30),,,,,220477.0,Yes,Yes,Yes,Yes,Yes,Yes,Yes,>Rs. 20,>Rs. 20,>Rs. 20,>Rs. 20,MT,Urban,3.4,Yes,340.0,300–600 sqft,Core Outlet,GUJARAT,Ahmadabad,yes,,,,,16683.7814,,,,,,,,,,,,,,,,,3781.8144,,,,,,20465.5958,1705.466317,3.67,12,GUJARAT,Retail,476.3333333333333,835.0,821.0,845.5,237.3333333333333,0.12,0.35,0.17,0.12,19.0,42.88,C,15.0,1.0,1,1.0,1.0,1676.33,-29.13,-1.7,False,C,1306.0,1.0,1.0,1.0,1.0,1.0,1.0,1.0,1.0,1,,,,,1.0,2,2,Urban Premium Modern Trade,"These are larger, established Modern Trade grocery department stores in urban areas, characterized by 100% cooler availability and exclusive sales of premium categories. Shoppers engage in planned, higher-value purchases for household stock-up and indulgence.","Ensure planogram compliance for premium SKUs, focusing on full range availability and secondary displays for new product launches. Implement targeted promotions for multi-pack and larger formats."
114903.0,1731436,Thane,1731436,Monika Super Market,Retail,19.273644,72.861144,Maharashtra,Thane,Thane,Mira-Bhayandar,Urban,Poonam Sagar,Grocry Dept Str (Stand-alone),Laxmi Trading,2.05,0.25,0.67,8.39,0.13,1.56,0.91,0.82,0.32,0.33,0.32,0.32,0.32,0.32,11,56,119,3.0,10.0,19.0,289.0,397.0,372.0,961.0,1009.0,1307.0,1628.0,1529.0,1426.0,254.0,136.0,189.0,1872.0,2753.0,3620.0,High (>100),24.0,43.0,243.0,250.0,271998.0,Yes,Yes,Yes,Yes,Yes,Yes,Yes,>Rs. 20,>Rs. 20,>Rs. 20,>Rs. 20,MT,,,Yes,1210.0,1000+ sqft,Super Store,MAHARASHTRA,Pune,yes,69272.658,,1577.8646,,24081.8097,2719.366,,7999.992,,,,,,6818.175,,,71399.9286,4363.632,545.454,,,58352.5332,,,,,,247131.4131,20594.284425,27.17,12,MAHARASHTRA,Retail,352.6666666666667,985.0,1467.5,1477.5,193.0,0.32,0.25,0.91,0.32,14.0,98.48,A,150.0,1.0,1,1.0,0.0,10471.81,-10122.47,-96.7,False,A,892.0,1.0,1.0,1.0,1.0,1.0,1.0,1.0,1.0,1,,,,,1.0,4,2,Urban Premium Modern Trade,"These are larger, established Modern Trade grocery department stores in urban areas, characterized by 100% cooler availability and exclusive sales of premium categories. Shoppers engage in planned, higher-value purchases for household stock-up and indulgence.","Ensure planogram compliance for premium SKUs, focusing on full range availability and secondary displays for new product launches. Implement targeted promotions for multi-pack and larger formats."
115991.0,1654137,Surat,1654137,Suryvanshi Mega Store,Retail,20.392157,72.89496,Gujarat,Valsad,Pardi,Vapi,Urban,Ajit Nagar,Grocry Dept Str (Stand-alone),Rajeshwar Sales Agency,7.44,0.2,1.66,5.54,1.48,32.26,2.5,3.14,0.4,1.66,1.66,1.66,1.66,1.66,1,12,39,0.0,2.0,12.0,84.0,64.0,79.0,137.0,135.0,210.0,140.0,124.0,120.0,32.0,28.0,36.0,263.0,364.0,334.0,Low (<30),,,,,208536.0,Yes,Yes,Yes,Yes,Yes,Yes,Yes,>Rs. 20,>Rs. 20,>Rs. 20,>Rs. 20,MT,Urban,0.8,Yes,445.0,300–600 sqft,Core Outlet,GUJARAT,Balance,yes,25386.5364,,,,5618.1762,272.727,,,,,,,,1545.453,,,35513.799,99.9999,,,,1981.8162,,,,,,70418.5077,5868.208975,13.17,12,GUJARAT,Retail,75.66666666666667,136.0,175.0,122.0,32.0,1.66,0.2,2.5,0.4,1.0,85.5,A,15.0,1.0,1,1.0,1.0,4763.59,-1104.62,-23.2,False,A,455.0,1.0,1.0,1.0,1.0,1.0,1.0,1.0,1.0,1,,,,,1.0,4,2,Urban Premium Modern Trade,"These are larger, established Modern Trade grocery department stores in urban areas, characterized by 100% cooler availability and exclusive sales of premium categories. Shoppers engage in planned, higher-value purchases for household stock-up and indulgence.","Ensure planogram compliance for premium SKUs, focusing on full range availability and secondary displays for new product launches. Implement targeted promotions for multi-pack and larger formats."
121549.0,S01328899,Jaipur,S01328899,Aaniya Mega Mart,Retail,27.61272,75.173256,Rajasthan,Sikar,Sikar,Sikar,Urban,Radhakishan Pura,Grocry Dept Str (Stand-alone),Crazzy World Distributors,2.89,26.26,1.47,96.28,1.57,2.12,2.03,92.05,0.62,0.76,0.62,0.62,0.62,0.62,10,42,111,0.0,5.0,18.0,17.0,18.0,21.0,26.0,33.0,45.0,39.0,42.0,40.0,5.0,7.0,6.0,28.0,61.0,194.0,Low (<30),0.0,0.0,0.0,0.0,4137759.0,Yes,Yes,Yes,Yes,Yes,Yes,Yes,>Rs. 20,>Rs. 20,>Rs. 20,>Rs. 20,MT,Urban,0.0,Yes,575.0,300–600 sqft,Core Outlet,RAJASTHAN,Balance,yes,19664.0127,,,,12443.47,545.454,,2537.547,5590.9035,,,,,6026.8716,,,18301.9584,3645.057,9327.2634,,,10498.8078,,,,,,88581.3454,7381.778783,29.17,12,North India,Retail,18.666666666666668,29.5,42.0,41.0,6.0,0.62,1.47,2.03,0.62,10.0,89.74,A,15.0,1.0,1,1.0,1.0,9581.17,2199.4,23.0,True,A+,79.0,1.0,1.0,1.0,1.0,1.0,1.0,1.0,1.0,1,,,,,1.0,4,2,Urban Premium Modern Trade,"These are larger, established Modern Trade grocery department stores in urban areas, characterized by 100% cooler availability and exclusive sales of premium categories. Shoppers engage in planned, higher-value purchases for household stock-up and indulgence.","Ensure planogram compliance for premium SKUs, focusing on full range availability and secondary displays for new product launches. Implement targeted promotions for multi-pack and larger formats."
121304.0,1711584,Indore,1711584,Yash Everfresh,Retail,22.710858,75.874517,Madhya Pradesh,Indore,Indore,Indore,Urban,Siyaganj,Grocry Dept Str (Stand-alone),Krystal Impex,4.09,0.13,0.21,1.16,0.76,0.33,0.92,0.5,0.3,0.5,0.3,0.3,0.3,0.3,26,112,244,22.0,57.0,79.0,231.0,321.0,326.0,549.0,973.0,1169.0,1294.0,2208.0,1922.0,433.0,490.0,493.0,1004.0,2055.0,6536.0,Medium (30 to 100),180.0,0.0,0.0,0.0,88562.0,Yes,Yes,Yes,Yes,Yes,Yes,Yes,>Rs. 20,>Rs. 20,>Rs. 20,>Rs. 20,MT,Urban,3.0,Yes,305.0,300–600 sqft,Core Outlet,MADHYA PRADESH,Indore,yes,,,,,309.0906,,,,,,55.0464,,,,,,,,,,5591.964,,,,,,,5956.101,595.6101,1.27,10,MADHYA PRADESH,Retail,292.6666666666667,761.0,1231.5,2065.0,472.0,0.3,0.13,0.33,0.3,48.0,10.52,D,,1.0,1,1.0,1.0,824.49,228.88,27.8,True,D+,1305.0,1.0,1.0,1.0,1.0,1.0,1.0,1.0,1.0,1,,,,,1.0,1,2,Urban Premium Modern Trade,"These are larger, established Modern Trade grocery department stores in urban areas, characterized by 100% cooler availability and exclusive sales of premium categories. Shoppers engage in planned, higher-value purchases for household stock-up and indulgence.","Ensure planogram compliance for premium SKUs, focusing on full range availability and secondary displays for new product launches. Implement targeted promotions for multi-pack and larger formats."
121384.0,2319547,,2319547,Radha Rani Mart,Retail,22.77537,78.530038,Madhya Pradesh,Hoshangabad,Bankhedi,Bankhedi,Rural,,Grocry Dept Str (Stand-alone),Aman Agencies,17.16,0.36,88.03,118.31,16.24,266.65,0.36,116.9,17.92,88.0,88.0,88.0,88.0,88.0,12,19,25,0.0,0.0,0.0,35.0,37.0,39.0,82.0,9.0,322.0,519.0,499.0,830.0,376.0,410.0,165.0,399.0,802.0,1689.0,Low (<30),0.0,0.0,0.0,0.0,68738.0,Yes,Yes,Yes,Yes,Yes,Yes,Yes,>Rs. 20,>Rs. 20,>Rs. 20,>Rs. 20,MT,,,Yes,575.0,300–600 sqft,Core Outlet,MADHYA PRADESH,Balance,yes,90.909,,,,1814.228,545.454,3559.173,,,,,,,,,,90.909,1045.4535,,,2293.6922,8939.1263,,,,,,18378.945,1670.813182,13.36,11,MADHYA PRADESH,Retail,37.0,45.5,420.5,664.5,317.0,88.0,0.36,0.36,17.92,12.0,42.02,C,15.0,1.0,1,1.0,0.0,5301.54,3630.73,68.5,True,C+,49.0,1.0,1.0,1.0,1.0,1.0,1.0,1.0,1.0,1,,,,,0.0,2,2,Urban Premium Modern Trade,"These are larger, established Modern Trade grocery department stores in urban areas, characterized by 100% cooler availability and exclusive sales of premium categories. Shoppers engage in planned, higher-value purchases for household stock-up and indulgence.","Ensure planogram compliance for premium SKUs, focusing on full range availability and secondary displays for new product launches. Implement targeted promotions for multi-pack and larger formats."
117577.0,2551813,Bhubaneswar,2551813,A One Mart,Retail,20.293782,85.871364,Orissa,Khordha,Bhubaneswar,Bhubaneswar,Urban,Pandra,Grocry Dept Str (Stand-alone),Shreekhetra Enterprises-Tt,0.13,0.3,0.54,2.79,1.16,0.0,1.89,1.61,0.78,0.78,0.78,0.78,0.78,0.78,9,35,80,8.0,19.0,73.0,38.0,49.0,61.0,157.0,171.0,288.0,244.0,198.0,181.0,29.0,33.0,26.0,345.0,410.0,451.0,Medium (30 to 100),100.0,75.0,58.0,2.0,117080.0,Yes,Yes,Yes,Yes,Yes,Yes,Yes,>Rs. 20,>Rs. 20,>Rs. 20,>Rs. 20,MT,Urban,0.6,Yes,460.0,300–600 sqft,Core Outlet,ORISSA,Bhubaneswar,yes,1399.9986,,,,10117.3826,727.272,2549.1488,181.818,,,274.7316,,,199.9998,,,909.09,3672.7236,,,2943.8565,14072.3193,,,,,,37048.3408,3087.361733,17.67,12,East India,Retail,49.333333333333336,164.0,266.0,189.5,29.33333333333333,0.78,0.3,0.0,0.78,17.0,67.06,B,,1.0,1,1.0,1.0,6033.67,2946.31,48.8,True,B+,134.0,1.0,1.0,1.0,1.0,1.0,1.0,1.0,1.0,1,,,,,1.0,3,2,Urban Premium Modern Trade,"These are larger, established Modern Trade grocery department stores in urban areas, characterized by 100% cooler availability and exclusive sales of premium categories. Shoppers engage in planned, higher-value purchases for household stock-up and indulgence.","Ensure planogram compliance for premium SKUs, focusing on full range availability and secondary displays for new product launches. Implement targeted promotions for multi-pack and larger formats."
121549.0,2115168,Jaipur,2115168,Aanand Mart,Retail,27.601727,75.126967,Rajasthan,Sikar,Sikar,Sikar,Urban,Chandpol,Grocry Dept Str (Stand-alone),Crazzy World Distributors,1.99,29.13,1.2,98.09,1.27,1.38,3.07,94.09,0.0,0.0,0.0,0.0,0.0,0.0,18,63,131,1.0,14.0,21.0,7.0,11.0,9.0,18.0,47.0,37.0,44.0,107.0,82.0,26.0,29.0,97.0,41.0,74.0,374.0,Low (<30),0.0,0.0,0.0,0.0,1856640.0,Yes,Yes,Yes,Yes,Yes,Yes,Yes,>Rs. 20,>Rs. 20,>Rs. 20,>Rs. 20,MT,Urban,0.7,Yes,530.0,300–600 sqft,Core Outlet,RAJASTHAN,Balance,yes,36695.616,,218.1816,,17158.8768,363.636,1919.9625,3454.542,,,,,781.818,10442.6775,,,29821.3149,5558.8884,,,,17299.9827,,,,,,123715.4964,10309.6247,29.92,12,North India,Retail,9.0,32.5,40.5,94.5,50.66666666666666,0.0,1.2,1.38,0.0,19.0,94.32,A,15.0,1.0,1,1.0,1.0,9630.72,-678.9,-7.0,False,A,406.0,1.0,1.0,1.0,1.0,1.0,1.0,1.0,1.0,1,,,,,1.0,4,2,Urban Premium Modern Trade,"These are larger, established Modern Trade grocery department stores in urban areas, characterized by 100% cooler availability and exclusive sales of premium categories. Shoppers engage in planned, higher-value purchases for household stock-up and indulgence.","Ensure planogram compliance for premium SKUs, focusing on full range availability and secondary displays for new product launches. Implement targeted promotions for multi-pack and larger formats."
107771.0,S01069142,Thane,S01069142,Laxmi Super Market,Retail,19.207857,73.011953,Maharashtra,Thane,Thane,Thane,Urban,Parsik Nagar,Grocry Dept Str (Stand-alone),Kaushal Distributors,3.63,0.14,0.96,3.52,1.03,6.13,1.99,3.34,0.46,0.46,0.46,0.46,0.46,0.46,7,22,55,2.0,3.0,11.0,52.0,63.0,64.0,184.0,175.0,270.0,328.0,284.0,283.0,29.0,20.0,56.0,452.0,545.0,588.0,High (>100),32.0,20.0,48.0,156.0,217797.0,Yes,Yes,Yes,Yes,Yes,Yes,Yes,>Rs. 20,>Rs. 20,>Rs. 20,>Rs. 20,MT,Urban,1.0,Yes,865.0,600–1000 sqft,Large Outlet,MAHARASHTRA,Thane,yes,,,218.1816,,9036.3546,727.272,,,,,,,,,,,,,,,,8072.7192,,,,,,18054.5274,1805.45274,7.4,10,MAHARASHTRA,Retail,59.66666666666666,179.5,299.0,283.5,35.0,0.46,0.14,1.99,0.46,9.0,45.22,C,150.0,1.0,1,1.0,1.0,4009.21,2203.75,55.0,True,C+,323.0,1.0,1.0,1.0,1.0,1.0,1.0,1.0,1.0,1,,,,,1.0,2,2,Urban Premium Modern Trade,"These are larger, established Modern Trade grocery department stores in urban areas, characterized by 100% cooler availability and exclusive sales of premium categories. Shoppers engage in planned, higher-value purchases for household stock-up and indulgence.","Ensure planogram compliance for premium SKUs, focusing on full range availability and secondary displays for new product launches. Implement targeted promotions for multi-pack and larger formats."
119750.0,S01279221,,S01279221,Thenral Super Market,Retail,11.068685,77.06659,Tamil Nadu,Coimbatore,Palladam,Mylampatti,Rural,,Grocry Dept Str (Stand-alone),Sivakumaran Distributors,9.0,0.56,1.35,4.58,2.03,1.3,5.71,7.83,4.84,5.22,4.84,5.22,0.0,4.84,1,12,18,0.0,4.0,7.0,28.0,32.0,36.0,50.0,7.0,163.0,262.0,179.0,385.0,95.0,65.0,23.0,288.0,401.0,245.0,Low (<30),83.0,104.0,20.0,0.0,147342.0,Yes,Yes,Yes,Yes,Yes,Yes,Yes,>Rs. 20,>Rs. 20,>Rs. 20,>Rs. 20,MT,,,Yes,775.0,600–1000 sqft,Large Outlet,TAMIL NADU,Coimbatore,yes,17584.1724,,1664.8216,,9342.2862,1901.185,,260.8695,2524.5041,,,,,,,,12883.7823,218.1816,14073.9021,,,15321.7272,,,,,,75775.432,6314.619333,28.83,12,South India,Retail,32.0,28.5,212.5,282.0,61.0,0.0,0.56,1.3,4.58,1.0,87.06,A,15.0,1.0,1,1.0,0.0,10181.97,3867.35,38.0,True,A+,13.0,1.0,1.0,1.0,1.0,1.0,1.0,1.0,1.0,1,,,,,0.0,4,2,Urban Premium Modern Trade,"These are larger, established Modern Trade grocery department stores in urban areas, characterized by 100% cooler availability and exclusive sales of premium categories. Shoppers engage in planned, higher-value purchases for household stock-up and indulgence.","Ensure planogram compliance for premium SKUs, focusing on full range availability and secondary displays for new product launches. Implement targeted promotions for multi-pack and larger formats."
113235.0,S01119960,Delhi,S01119960,Rupak Dep. Store,Retail,28.62959,77.102725,Delhi,Delhi,Delhi,Delhi,Urban,Janakpuri North,Grocry Dept Str (Stand-alone),Nirman Retail Holdings,1.37,0.33,0.58,1.81,0.59,0.3,0.98,0.73,0.27,0.37,0.31,0.37,0.27,0.27,21,77,156,5.0,25.0,56.0,1293.0,739.0,929.0,1651.0,1166.0,1921.0,1917.0,1522.0,1504.0,260.0,146.0,44.0,2158.0,3700.0,5133.0,High (>100),10.0,176.0,1401.0,237.0,445425.0,Yes,Yes,Yes,Yes,Yes,Yes,Yes,>Rs. 20,>Rs. 20,>Rs. 20,>Rs. 20,MT,Urban,12.61214,Yes,180.0,<200 sqft,Micro Outlet,NEW DELHI,Delhi,yes,109.0908,,1043.484,,18024.9069,181.818,66.9645,,,,,,,0.0,,,0.0,8090.901,,,66.9645,35685.7839,,,,,,63269.9136,10544.9856,10.67,6,North India,SC05-Retail,987.0,1408.5,1919.0,1513.0,150.0,0.27,0.33,0.3,0.27,26.0,94.54,A,150.0,1.0,1,1.0,1.0,3183.63,-7361.35,-231.2,False,A,846.0,1.0,1.0,1.0,1.0,1.0,1.0,1.0,1.0,1,1.0,,,,1.0,4,2,Urban Premium Modern Trade,"These are larger, established Modern Trade grocery department stores in urban areas, characterized by 100% cooler availability and exclusive sales of premium categories. Shoppers engage in planned, higher-value purchases for household stock-up and indulgence.","Ensure planogram compliance for premium SKUs, focusing on full range availability and secondary displays for new product launches. Implement targeted promotions for multi-pack and larger formats."
113341.0,2262472,,2262472,Eg Mart,Retail,26.657809,84.89848,Bihar,Purba Champaran,Motihari,Motihari,Urban,Chandmari (S),Grocry Dept Str (Stand-alone),Misti Lado Enterprises - Rd,1.65,0.53,42.47,77.58,0.94,0.0,0.68,76.35,1.37,76.35,76.35,76.35,76.35,76.35,15,43,84,0.0,0.0,0.0,98.0,59.0,66.0,80.0,93.0,110.0,113.0,231.0,217.0,140.0,116.0,28.0,119.0,269.0,881.0,Low (<30),0.0,0.0,0.0,0.0,69527.0,Yes,Yes,Yes,Yes,Yes,Yes,Yes,>Rs. 20,>Rs. 20,>Rs. 20,>Rs. 20,MT,,,Yes,1095.0,1000+ sqft,Super Store,BIHAR,Balance,yes,5545.449,,,,3636.36,1109.0898,6026.58,,,,,,,,,,999.999,545.454,,,8834.781,10290.8988,,,,,,36988.6116,3082.3843,10.58,12,East India,Retail,74.33333333333333,86.5,111.5,224.0,94.66666666666669,76.35,0.53,0.0,1.37,15.0,66.98,B,15.0,1.0,1,1.0,0.0,5440.97,2358.59,43.3,True,B+,224.0,1.0,1.0,1.0,1.0,1.0,1.0,1.0,1.0,1,,,,,1.0,3,2,Urban Premium Modern Trade,"These are larger, established Modern Trade grocery department stores in urban areas, characterized by 100% cooler availability and exclusive sales of premium categories. Shoppers engage in planned, higher-value purchases for household stock-up and indulgence.","Ensure planogram compliance for premium SKUs, focusing on full range availability and secondary displays for new product launches. Implement targeted promotions for multi-pack and larger formats."
112850.0,2418919,,2418919,Daimand Supar Market,Retail,26.645057,74.039502,Rajasthan,Nagaur,Merta,Merta City,Urban,Merta City,Grocry Dept Str (Stand-alone),Bablu Traders,7.56,125.07,64.95,61.31,0.6,151.95,12.9,58.36,58.03,58.03,58.03,58.03,58.03,58.03,20,40,48,0.0,0.0,0.0,37.0,83.0,375.0,278.0,1043.0,1684.0,1068.0,1328.0,976.0,399.0,387.0,194.0,698.0,1656.0,6206.0,High (>100),0.0,0.0,0.0,0.0,166393.0,Yes,Yes,Yes,Yes,Yes,Yes,Yes,>Rs. 20,>Rs. 20,>Rs. 20,>Rs. 20,MT,,,Yes,845.0,600–1000 sqft,Large Outlet,RAJASTHAN,Balance,yes,16281.4086,,,,25758.876,,1090.92,,,,1816.5312,,,3996.0435,,,9806.3145,9909.081,,,1309.104,28090.881,,,,,,98059.1598,8171.59665,16.17,12,North India,Retail,165.0,660.5,1376.0,1152.0,326.6666666666667,58.03,64.95,12.9,58.03,20.0,91.34,A,150.0,1.0,1,1.0,0.0,6884.61,-1286.99,-18.7,False,A,470.0,1.0,1.0,1.0,1.0,1.0,1.0,1.0,1.0,1,,,,,1.0,4,2,Urban Premium Modern Trade,"These are larger, established Modern Trade grocery department stores in urban areas, characterized by 100% cooler availability and exclusive sales of premium categories. Shoppers engage in planned, higher-value purchases for household stock-up and indulgence.","Ensure planogram compliance for premium SKUs, focusing on full range availability and secondary displays for new product launches. Implement targeted promotions for multi-pack and larger formats."
110722.0,S00925486,,S00925486,Imart Super Market,Retail,15.4961756,78.4846068,Andhra Pradesh,Kurnool,Nandyal,Nandyal,Urban,Nandyal,Grocry Dept Str (Stand-alone),Sri Leela Enterprises,1.13,0.3,2.76,118.66,1.3,0.0,3.43,197.53,1.15,196.55,196.55,196.55,196.55,196.55,5,46,70,0.0,0.0,3.0,146.0,475.0,1796.0,1783.0,5572.0,8701.0,6636.0,8331.0,6295.0,2682.0,3152.0,1576.0,7866.0,16044.0,21462.0,High (>100),0.0,0.0,0.0,0.0,118021.0,Yes,Yes,Yes,Yes,Yes,Yes,Yes,>Rs. 20,>Rs. 20,>Rs. 20,>Rs. 20,MT,,,Yes,820.0,600–1000 sqft,Large Outlet,ANDHRA PRADESH,Balance,yes,9975.5886,,,,1363.635,,5008.0135,254.5452,81.8181,,,163.6365,234.5454,,572.7273,,4363.632,,1199.9988,,2646.6063,1499.9985,,,,,,27364.7452,2280.395433,23.17,12,South India,Retail,805.6666666666666,3677.5,7668.5,7313.0,2470.0,196.55,0.3,0.0,1.15,5.0,55.22,C,150.0,1.0,1,1.0,0.0,8472.15,6191.75,73.1,True,C+,1.0,1.0,1.0,1.0,1.0,1.0,1.0,1.0,1.0,1,,,,,1.0,2,2,Urban Premium Modern Trade,"These are larger, established Modern Trade grocery department stores in urban areas, characterized by 100% cooler availability and exclusive sales of premium categories. Shoppers engage in planned, higher-value purchases for household stock-up and indulgence.","Ensure planogram compliance for premium SKUs, focusing on full range availability and secondary displays for new product launches. Implement targeted promotions for multi-pack and larger formats."
119670.0,2200915,Pune,2200915,Mahesh Super Market,Retail,18.508505,73.932508,Maharashtra,Pune,Haveli,Pimpri Chinchwad,Urban,,Grocry Dept Str (Stand-alone),Ace Energie,2.14,0.32,0.73,0.76,0.36,0.27,2.11,0.89,0.48,0.48,0.48,0.48,0.48,0.48,15,37,75,7.0,8.0,14.0,133.0,104.0,126.0,333.0,241.0,415.0,395.0,306.0,293.0,87.0,44.0,55.0,599.0,701.0,650.0,High (>100),86.0,89.0,35.0,74.0,214759.0,Yes,Yes,Yes,Yes,Yes,Yes,Yes,>Rs. 20,>Rs. 20,>Rs. 20,>Rs. 20,MT,Periphery,0.0,Yes,240.0,200–300 sqft,Small Outlet,MAHARASHTRA,Pune,yes,,,927.2718,,17029.2382,2381.8158,,,,,,654.546,938.1816,,,,,,,,,20694.843,,,,,,42625.8964,4262.58964,16.2,10,MAHARASHTRA,Retail,121.0,287.0,405.0,299.5,62.0,0.48,0.32,0.27,0.48,22.0,77.68,B,150.0,1.0,1,1.0,0.0,5021.98,759.39,15.1,True,B+,559.0,1.0,1.0,1.0,1.0,1.0,1.0,1.0,1.0,1,2.0,,,,1.0,3,2,Urban Premium Modern Trade,"These are larger, established Modern Trade grocery department stores in urban areas, characterized by 100% cooler availability and exclusive sales of premium categories. Shoppers engage in planned, higher-value purchases for household stock-up and indulgence.","Ensure planogram compliance for premium SKUs, focusing on full range availability and secondary displays for new product launches. Implement targeted promotions for multi-pack and larger formats."
119446.0,1763003,Durgapur,1763003,Rana Quality Mart,Retail,23.544472,87.283812,West Bengal,Barddhaman,Durgapur unassignd,Durgapur,Urban,Saradapally,Grocry Dept Str (Stand-alone),Shree Ram Enterprise - Tt,3.26,0.74,0.97,75.01,0.68,19.42,3.84,1.37,0.06,0.06,0.06,0.06,0.06,0.06,12,42,71,0.0,9.0,12.0,52.0,67.0,71.0,135.0,182.0,235.0,243.0,326.0,269.0,59.0,74.0,73.0,441.0,480.0,628.0,Medium (30 to 100),498.0,114.0,21.0,15.0,152160.0,Yes,Yes,Yes,Yes,Yes,Yes,Yes,>Rs. 20,>Rs. 20,>Rs. 20,>Rs. 20,MT,,,Yes,1055.0,1000+ sqft,Super Store,WEST BENGAL,Durgapur,yes,23827.6452,,,,14257.3041,2305.1366,247.3064,1883.0022,,,18.1476,,10800.0,7075.092,17083.6372,,13445.0463,5440.3128,3250.3545,545.454,32.1104,24360.4608,,,,,,124571.0101,10380.917508,36.25,12,East India,Retail,63.333333333333336,158.5,239.0,297.5,68.66666666666667,0.06,0.74,3.84,0.06,12.0,94.42,A,,1.0,1,1.0,0.0,12700.06,2319.14,18.3,True,A+,72.0,1.0,1.0,1.0,1.0,1.0,1.0,1.0,1.0,1,,,,,1.0,4,2,Urban Premium Modern Trade,"These are larger, established Modern Trade grocery department stores in urban areas, characterized by 100% cooler availability and exclusive sales of premium categories. Shoppers engage in planned, higher-value purchases for household stock-up and indulgence.","Ensure planogram compliance for premium SKUs, focusing on full range availability and secondary displays for new product launches. Implement targeted promotions for multi-pack and larger formats."
107771.0,2213635,Thane,2213635,Pramanik Mart,Retail,19.222527,72.985109,Maharashtra,Thane,Thane,Thane,Urban,Dhokali Naka,Grocry Dept Str (Stand-alone),Kaushal Distributors,0.71,0.38,0.37,0.98,0.42,5.34,3.23,0.75,0.31,0.31,0.31,0.31,0.31,0.31,13,46,88,9.0,13.0,21.0,159.0,144.0,164.0,333.0,283.0,419.0,416.0,304.0,322.0,45.0,31.0,19.0,672.0,829.0,794.0,High (>100),60.0,40.0,58.0,144.0,265930.0,Yes,Yes,Yes,Yes,Yes,Yes,Yes,>Rs. 20,>Rs. 20,>Rs. 20,>Rs. 20,MT,Urban,1.9,Yes,610.0,600–1000 sqft,Large Outlet,MAHARASHTRA,Thane,yes,,,272.727,,16036.3476,1818.18,,,,,,,,,,,,418.1814,,,,30436.3332,,,,,,48981.7692,4898.17692,12.7,10,MAHARASHTRA,Retail,155.66666666666666,308.0,417.5,313.0,31.666666666666668,0.31,0.37,3.23,0.31,22.0,81.9,A,150.0,1.0,1,1.0,1.0,4891.05,-7.12,-0.1,False,A,324.0,1.0,1.0,1.0,1.0,1.0,1.0,1.0,1.0,1,,,,,1.0,4,2,Urban Premium Modern Trade,"These are larger, established Modern Trade grocery department stores in urban areas, characterized by 100% cooler availability and exclusive sales of premium categories. Shoppers engage in planned, higher-value purchases for household stock-up and indulgence.","Ensure planogram compliance for premium SKUs, focusing on full range availability and secondary displays for new product launches. Implement targeted promotions for multi-pack and larger formats."
114745.0,1521424,,1521424,Pon Thamarai Department,Retail,11.330687,77.74193,Tamil Nadu,Erode,Erode,Kasipalayam (Erode sub-distt),Urban,Kasipalayam (Erode sub-distt),Grocry Dept Str (Stand-alone),Sri Thirumurugan Agencies,4.34,0.71,0.91,1.73,1.41,1.94,1.74,11.53,2.82,2.82,2.82,2.82,0.0,2.82,4,22,48,2.0,7.0,10.0,247.0,504.0,1355.0,1218.0,2708.0,4019.0,2447.0,3118.0,2724.0,1061.0,948.0,474.0,7048.0,9039.0,5058.0,High (>100),0.0,0.0,0.0,0.0,135301.0,Yes,Yes,Yes,Yes,Yes,Yes,Yes,>Rs. 20,>Rs. 20,>Rs. 20,>Rs. 20,MT,,,Yes,935.0,600–1000 sqft,Large Outlet,TAMIL NADU,Balance,yes,,,,,1977.8642,,6199.68,,,,,,,,,,,,,,1782.972,3486.1632,,,,,,13446.6794,1222.4254,9.55,11,South India,Retail,702.0,1963.0,3233.0,2921.0,827.6666666666666,0.0,0.71,1.74,1.73,6.0,29.6,D,150.0,1.0,1,1.0,0.0,4836.27,3613.85,74.7,True,D+,39.0,1.0,1.0,1.0,1.0,1.0,1.0,1.0,1.0,1,,,,,1.0,1,2,Urban Premium Modern Trade,"These are larger, established Modern Trade grocery department stores in urban areas, characterized by 100% cooler availability and exclusive sales of premium categories. Shoppers engage in planned, higher-value purchases for household stock-up and indulgence.","Ensure planogram compliance for premium SKUs, focusing on full range availability and secondary displays for new product launches. Implement targeted promotions for multi-pack and larger formats."
118846.0,2325794,,2325794,Vaibhav Super Market,Retail,19.64729667,73.475685,Maharashtra,Thane,Shahapur,Mokhavane,Rural,,Grocry Dept Str (Stand-alone),Rishab Traders,2.33,0.51,10.52,57.56,8.13,48.15,0.3,46.64,10.62,43.43,43.43,43.43,43.43,43.43,9,12,19,0.0,0.0,0.0,1.0,2.0,4.0,3.0,0.0,38.0,63.0,54.0,99.0,145.0,83.0,35.0,69.0,101.0,292.0,Low (<30),0.0,0.0,0.0,0.0,44660.0,Yes,Yes,Yes,Yes,Yes,Yes,Yes,>Rs. 20,>Rs. 20,>Rs. 20,>Rs. 20,MT,,,Yes,700.0,600–1000 sqft,Large Outlet,MAHARASHTRA,Balance,yes,,,,,7063.6293,545.454,,,,,,,,181.818,,,545.454,,,,,7636.356,,,,,,15972.7113,1996.588913,4.88,8,MAHARASHTRA,Retail,2.333333333333333,1.5,50.5,76.5,87.66666666666667,43.43,0.51,0.3,10.62,9.0,49.84,C,15.0,1.0,1,1.0,0.0,3076.45,1079.86,35.1,True,C+,868.0,1.0,1.0,1.0,1.0,1.0,1.0,1.0,1.0,1,,,,,0.0,2,2,Urban Premium Modern Trade,"These are larger, established Modern Trade grocery department stores in urban areas, characterized by 100% cooler availability and exclusive sales of premium categories. Shoppers engage in planned, higher-value purchases for household stock-up and indulgence.","Ensure planogram compliance for premium SKUs, focusing on full range availability and secondary displays for new product launches. Implement targeted promotions for multi-pack and larger formats."
120613.0,2604114,,2604114,Shreeji Ever Fresh,Retail,22.570714,75.735691,Madhya Pradesh,Indore,Mhow,Mhowgaon,Urban,Mhowgaon,Grocry Dept Str (Stand-alone),Shri Shyam Distributor,7.32,0.27,14.36,8.72,3.12,13.58,3.98,19.32,7.24,19.32,17.66,17.66,17.66,15.67,9,19,33,0.0,0.0,0.0,38.0,97.0,325.0,296.0,821.0,1265.0,803.0,1020.0,863.0,345.0,334.0,167.0,1072.0,2211.0,3313.0,High (>100),0.0,0.0,0.0,0.0,114775.0,Yes,Yes,Yes,Yes,Yes,Yes,Yes,>Rs. 20,>Rs. 20,>Rs. 20,>Rs. 20,MT,,,Yes,820.0,600–1000 sqft,Large Outlet,MADHYA PRADESH,Balance,yes,2509.0884,,,,3754.5417,509.0904,394.4992,,,,55.0464,,,454.545,,,636.363,963.6354,,,274.6065,4636.359,,,,,,14187.775,1182.314583,6.92,12,MADHYA PRADESH,Retail,153.33333333333334,558.5,1034.0,941.5,282.0,15.67,0.27,3.98,7.24,9.0,28.22,D,150.0,1.0,1,1.0,0.0,3845.95,2663.64,69.3,True,D+,99.0,1.0,1.0,1.0,1.0,1.0,1.0,1.0,1.0,1,,,,,1.0,1,2,Urban Premium Modern Trade,"These are larger, established Modern Trade grocery department stores in urban areas, characterized by 100% cooler availability and exclusive sales of premium categories. Shoppers engage in planned, higher-value purchases for household stock-up and indulgence.","Ensure planogram compliance for premium SKUs, focusing on full range availability and secondary displays for new product launches. Implement targeted promotions for multi-pack and larger formats."
120836.0,1806006,Salem,1806006,Naveen Super Market,Retail,11.673427,78.117778,Tamil Nadu,Salem,Salem,Salem,Urban,Subramania Nagar,Grocry Dept Str (Stand-alone),Sri Sasthaa Agencies,0.66,0.15,0.86,4.52,0.09,1.02,0.59,0.22,0.22,0.22,0.22,0.22,0.0,0.22,20,41,60,3.0,6.0,10.0,73.0,69.0,82.0,135.0,141.0,210.0,196.0,199.0,197.0,42.0,41.0,18.0,323.0,443.0,390.0,Low (<30),150.0,60.0,16.0,1.0,281654.0,Yes,Yes,Yes,Yes,Yes,Yes,Yes,>Rs. 20,>Rs. 20,>Rs. 20,>Rs. 20,MT,Urban,1.5,Yes,625.0,600–1000 sqft,Large Outlet,TAMIL NADU,Salem,yes,13344.6513,,2519.3662,,7415.0154,450.593,163.638,488.5371,838.3395,,,2454.5475,3049.0902,,1145.4546,445.4541,9128.0547,,12939.9114,272.727,68.1825,14675.4855,,,,,,69399.048,5783.254,33.67,12,South India,Retail,74.66666666666667,138.0,203.0,198.0,33.666666666666664,0.0,0.15,0.59,0.22,23.0,85.28,A,15.0,1.0,1,1.0,1.0,10911.42,5128.17,47.0,True,A+,3.0,1.0,1.0,1.0,1.0,1.0,1.0,1.0,1.0,1,,,,,1.0,4,2,Urban Premium Modern Trade,"These are larger, established Modern Trade grocery department stores in urban areas, characterized by 100% cooler availability and exclusive sales of premium categories. Shoppers engage in planned, higher-value purchases for household stock-up and indulgence.","Ensure planogram compliance for premium SKUs, focusing on full range availability and secondary displays for new product launches. Implement targeted promotions for multi-pack and larger formats."
119551.0,2402789,,2402789,Vishvas Supermarket,Retail,17.982458,73.466787,Maharashtra,Raigarh,Poladpur,Cholai,Rural,,Grocry Dept Str (Stand-alone),Strong Enterprises,28.43,0.33,1.4,46.68,0.14,37.54,6.82,63.57,11.74,19.48,19.48,19.48,19.48,19.48,8,14,22,0.0,1.0,1.0,0.0,1.0,1.0,0.0,0.0,7.0,12.0,8.0,18.0,25.0,12.0,5.0,8.0,22.0,45.0,Medium (30 to 100),0.0,0.0,0.0,0.0,48643.0,Yes,Yes,Yes,Yes,Yes,Yes,Yes,>Rs. 20,>Rs. 20,>Rs. 20,>Rs. 20,MT,,,Yes,765.0,600–1000 sqft,Large Outlet,MAHARASHTRA,Balance,yes,1454.544,,1909.089,,10195.2526,2442.687,522.7325,909.09,981.8172,,,,,181.818,,136.3635,1272.726,1418.1804,6372.7217,,740.9165,23316.189,,,,,,51854.1274,4321.177283,15.17,12,MAHARASHTRA,Retail,0.6666666666666666,0.0,9.5,13.0,14.0,19.48,0.33,6.82,11.74,8.0,78.26,B,,1.0,1,1.0,0.0,6260.75,1939.58,31.0,True,B+,294.0,1.0,1.0,1.0,1.0,1.0,1.0,1.0,1.0,1,,,,,0.0,3,2,Urban Premium Modern Trade,"These are larger, established Modern Trade grocery department stores in urban areas, characterized by 100% cooler availability and exclusive sales of premium categories. Shoppers engage in planned, higher-value purchases for household stock-up and indulgence.","Ensure planogram compliance for premium SKUs, focusing on full range availability and secondary displays for new product launches. Implement targeted promotions for multi-pack and larger formats."
109582.0,S01472781,Pune,S01472781,Ambika Super Market,Retail,18.605213,73.824885,Maharashtra,Pune,Haveli,Pimpri Chinchwad,Urban,Kasarwadi,Grocry Dept Str (Stand-alone),Kakade Agency,5.57,0.05,0.24,1.56,0.19,3.72,0.51,1.22,0.05,0.05,0.05,0.05,0.05,0.05,5,22,68,2.0,14.0,39.0,108.0,123.0,146.0,328.0,379.0,593.0,535.0,477.0,437.0,102.0,84.0,106.0,797.0,517.0,241.0,High (>100),116.0,62.0,36.0,24.0,237668.0,Yes,Yes,Yes,Yes,Yes,Yes,Yes,>Rs. 20,>Rs. 20,>Rs. 20,>Rs. 20,MT,Periphery,3.6,Yes,345.0,300–600 sqft,Core Outlet,MAHARASHTRA,Pune,yes,90.909,,1127.2716,,9555.3289,1727.271,,,,,,163.6365,156.3636,,190.9091,136.3635,90.909,,999.999,,990.919,9949.7931,,,,,,25179.6733,2098.306108,11.75,12,MAHARASHTRA,Retail,125.66666666666669,353.5,564.0,457.0,97.33333333333331,0.05,0.05,0.51,0.05,7.0,51.86,C,150.0,1.0,1,1.0,0.0,4095.61,1997.3,48.8,True,C+,401.0,1.0,1.0,1.0,1.0,1.0,1.0,1.0,1.0,1,,,,,1.0,2,2,Urban Premium Modern Trade,"These are larger, established Modern Trade grocery department stores in urban areas, characterized by 100% cooler availability and exclusive sales of premium categories. Shoppers engage in planned, higher-value purchases for household stock-up and indulgence.","Ensure planogram compliance for premium SKUs, focusing on full range availability and secondary displays for new product launches. Implement targeted promotions for multi-pack and larger formats."
118083.0,2238531,,2238531,Alamdar Super Market,Retail,19.071591,73.07443,Maharashtra,Raigarh,Panvel,Owe,Rural,,Grocry Dept Str (Stand-alone),Ajinkya Enterprises Llp,4.96,0.78,0.87,4.9,1.91,13.72,1.68,0.28,0.16,0.16,0.16,0.16,0.16,0.16,6,17,38,1.0,3.0,7.0,33.0,61.0,90.0,82.0,13.0,237.0,377.0,284.0,562.0,164.0,157.0,60.0,308.0,525.0,1033.0,High (>100),0.0,0.0,0.0,0.0,84733.0,Yes,Yes,Yes,Yes,Yes,Yes,Yes,>Rs. 20,>Rs. 20,>Rs. 20,>Rs. 20,MT,,,Yes,1050.0,1000+ sqft,Super Store,MAHARASHTRA,Pune,yes,,,0.0,,727.272,0.0,,0.0,,,,,,,,,,,,,,654.5448,,,,,,1381.8168,690.9084,7.33,2,MAHARASHTRA,Retail,61.333333333333336,47.5,307.0,423.0,127.0,0.16,0.78,1.68,0.16,7.0,13.29,D,150.0,1.0,1,1.0,0.0,4413.57,3722.67,84.3,True,D+,34.0,1.0,1.0,1.0,1.0,1.0,1.0,1.0,1.0,1,,,,,0.0,1,2,Urban Premium Modern Trade,"These are larger, established Modern Trade grocery department stores in urban areas, characterized by 100% cooler availability and exclusive sales of premium categories. Shoppers engage in planned, higher-value purchases for household stock-up and indulgence.","Ensure planogram compliance for premium SKUs, focusing on full range availability and secondary displays for new product launches. Implement targeted promotions for multi-pack and larger formats."
107959.0,S00522078,Warangal,S00522078,Sri Krishna Super Market,Retail,17.999462,79.55476,Telangana,Warangal,Geesugonda,Warangal (Geesgnda sub-distt) Pt 3 of 4,Urban,Warangal +OG (Gees'gnda sub-distt) Pt 3 of 4,Grocry Dept Str (Stand-alone),Venkatasai Enterprises,3.67,0.06,3.81,117.14,0.46,116.35,2.73,4.73,1.04,3.67,3.67,3.67,0.0,3.67,35,104,178,0.0,0.0,0.0,1.0,7.0,50.0,52.0,305.0,520.0,400.0,511.0,437.0,195.0,304.0,152.0,580.0,1143.0,1026.0,High (>100),47.0,37.0,14.0,9.0,41120.0,Yes,Yes,Yes,Yes,Yes,Yes,Yes,>Rs. 20,>Rs. 20,>Rs. 20,>Rs. 20,MT,Periphery,3.2,Yes,515.0,300–600 sqft,Core Outlet,TELANGANA,Warangal,yes,,,,,2787.3508,181.818,5251.554,,,,330.2784,,,,,,,109.0908,,,4089.5635,5721.7368,,,,,,18471.3923,2052.376922,12.0,9,South India,Retail,19.33333333333333,178.5,460.0,474.0,217.0,0.0,0.06,2.73,1.04,35.0,50.94,C,150.0,1.0,1,1.0,0.0,4302.62,2250.24,52.3,True,C+,314.0,1.0,1.0,1.0,1.0,1.0,1.0,1.0,1.0,1,,,,,1.0,2,2,Urban Premium Modern Trade,"These are larger, established Modern Trade grocery department stores in urban areas, characterized by 100% cooler availability and exclusive sales of premium categories. Shoppers engage in planned, higher-value purchases for household stock-up and indulgence.","Ensure planogram compliance for premium SKUs, focusing on full range availability and secondary displays for new product launches. Implement targeted promotions for multi-pack and larger formats."
118109.0,2540381,,2540381,Kohinoor Super Market,Retail,19.193469,73.201894,Maharashtra,Thane,Ambarnath,Ambarnath,Urban,Ambarnath,Grocry Dept Str (Stand-alone),Sunrise Enterprises,6.1,0.24,2.7,10.33,0.3,24.7,2.61,1.45,1.45,1.45,1.45,1.45,1.45,1.45,6,36,69,0.0,0.0,1.0,784.0,1606.0,3847.0,3690.0,7303.0,10543.0,8252.0,10261.0,7228.0,2584.0,1539.0,769.0,11936.0,19378.0,26822.0,High (>100),93.0,66.0,156.0,135.0,210145.0,Yes,Yes,Yes,Yes,Yes,Yes,Yes,>Rs. 20,>Rs. 20,>Rs. 20,>Rs. 20,MT,,,Yes,970.0,600–1000 sqft,Large Outlet,MAHARASHTRA,Pune,yes,18741.4833,,,,18194.4516,,,5537.544,627.2721,,,1036.3645,1329.0906,181.818,954.5455,136.3635,19893.261,218.1816,3545.451,,109.092,2399.9976,,,,,,72904.9163,6075.409692,23.67,12,MAHARASHTRA,Retail,2079.0,5496.5,9397.5,8744.5,1630.6666666666667,1.45,0.24,2.61,1.45,6.0,86.08,A,150.0,1.0,1,1.0,0.0,8957.83,2882.42,32.2,True,A+,39.0,1.0,1.0,1.0,1.0,1.0,1.0,1.0,1.0,1,,,,,1.0,4,2,Urban Premium Modern Trade,"These are larger, established Modern Trade grocery department stores in urban areas, characterized by 100% cooler availability and exclusive sales of premium categories. Shoppers engage in planned, higher-value purchases for household stock-up and indulgence.","Ensure planogram compliance for premium SKUs, focusing on full range availability and secondary displays for new product launches. Implement targeted promotions for multi-pack and larger formats."
121459.0,2330003,Mumbai,2330003,Veer Mamaji Super Market,Retail,19.061034,72.910066,Maharashtra,Mumbai (Combined),Mumbai,Mumbai (Grtr),Urban,Chembur W.,Grocry Dept Str (Stand-alone),Excelencia,3.28,0.13,0.13,1.36,0.28,0.16,0.87,0.75,0.45,0.68,0.45,0.45,0.45,0.45,31,102,189,8.0,42.0,72.0,729.0,730.0,715.0,1715.0,1342.0,1788.0,2117.0,2468.0,1941.0,378.0,169.0,360.0,2318.0,3612.0,6200.0,High (>100),467.0,649.0,94.0,75.0,233918.0,Yes,Yes,Yes,Yes,Yes,Yes,Yes,>Rs. 20,>Rs. 20,>Rs. 20,>Rs. 20,MT,Urban,2.1,Yes,450.0,300–600 sqft,Core Outlet,MAHARASHTRA,Mumbai,yes,,,272.727,,3527.2692,727.272,6806.388,,,,,,,,,,,527.2722,,,5607.5622,14949.3942,,,,,,32417.8848,3241.78848,15.6,10,MAHARASHTRA,Retail,724.6666666666666,1528.5,1952.5,2204.5,302.3333333333333,0.45,0.13,0.16,0.45,39.0,68.56,B,150.0,1.0,1,1.0,1.0,5225.75,1983.96,38.0,True,B+,289.0,1.0,1.0,1.0,1.0,1.0,1.0,1.0,1.0,1,,,,,1.0,3,2,Urban Premium Modern Trade,"These are larger, established Modern Trade grocery department stores in urban areas, characterized by 100% cooler availability and exclusive sales of premium categories. Shoppers engage in planned, higher-value purchases for household stock-up and indulgence.","Ensure planogram compliance for premium SKUs, focusing on full range availability and secondary displays for new product launches. Implement targeted promotions for multi-pack and larger formats."
113601.0,S01281507,,S01281507,Sri Super Market,Retail,13.203675,80.27900700000001,Tamil Nadu,Thiruvallur,Ponneri,Edayanchavadi,Urban,Edayanchavadi,Grocry Dept Str (Stand-alone),Ramesh Agency,5.09,0.2,4.13,5.33,1.17,0.36,3.89,5.67,5.41,5.67,5.67,5.67,0.0,5.67,4,10,16,0.0,0.0,0.0,15.0,36.0,146.0,118.0,389.0,615.0,421.0,537.0,464.0,178.0,148.0,74.0,729.0,1234.0,1061.0,High (>100),0.0,0.0,0.0,0.0,149861.0,Yes,Yes,Yes,Yes,Yes,Yes,Yes,>Rs. 20,>Rs. 20,>Rs. 20,>Rs. 20,MT,,,Yes,845.0,600–1000 sqft,Large Outlet,TAMIL NADU,Balance,yes,145.4544,,2509.0884,,12072.7152,1363.635,,,,,,1309.092,2110.9086,,4581.8184,,36.3636,,,,,21218.1606,,,,,,45347.2362,4122.476018,15.09,11,South India,Retail,65.66666666666667,253.5,518.0,500.5,133.33333333333334,0.0,0.2,0.36,5.33,4.0,76.34,B,150.0,1.0,1,1.0,0.0,6241.6,2119.12,34.0,True,B+,265.0,1.0,1.0,1.0,1.0,1.0,1.0,1.0,1.0,1,,,,,1.0,3,2,Urban Premium Modern Trade,"These are larger, established Modern Trade grocery department stores in urban areas, characterized by 100% cooler availability and exclusive sales of premium categories. Shoppers engage in planned, higher-value purchases for household stock-up and indulgence.","Ensure planogram compliance for premium SKUs, focusing on full range availability and secondary displays for new product launches. Implement targeted promotions for multi-pack and larger formats."
121931.0,S00878343,Thane,S00878343,Hari Om Super Market,Retail,19.384582,72.822495,Maharashtra,Thane,Vasai,Vasai,Urban,Vasai,Grocry Dept Str (Stand-alone),Ananya Distributor,1.5,0.2,0.58,19.65,0.07,14.03,1.01,0.77,0.12,0.12,0.12,0.12,0.12,0.12,10,30,47,4.0,5.0,6.0,3328.0,8251.0,18015.0,20261.0,36560.0,51896.0,40898.0,51176.0,37588.0,12912.0,6896.0,3448.0,113556.0,38296.0,15318.0,High (>100),42.0,69.0,198.0,75.0,141229.0,Yes,Yes,Yes,Yes,Yes,Yes,Yes,>Rs. 20,>Rs. 20,>Rs. 20,>Rs. 20,MT,Periphery,15.5,Yes,800.0,600–1000 sqft,Large Outlet,MAHARASHTRA,Balance,yes,,,272.727,,8363.628,799.9992,1145.466,,,,,381.8185,547.2726,,,,,,,,1127.284,7454.538,,,,,,20092.7333,1826.612118,10.45,11,MAHARASHTRA,Retail,9864.666666666666,28410.5,46397.0,44382.0,7752.0,0.12,0.2,1.01,0.12,14.0,45.76,C,150.0,1.0,1,1.0,0.0,4725.61,2899.0,61.3,True,C+,135.0,1.0,1.0,1.0,1.0,1.0,1.0,1.0,1.0,1,,,,,1.0,2,2,Urban Premium Modern Trade,"These are larger, established Modern Trade grocery department stores in urban areas, characterized by 100% cooler availability and exclusive sales of premium categories. Shoppers engage in planned, higher-value purchases for household stock-up and indulgence.","Ensure planogram compliance for premium SKUs, focusing on full range availability and secondary displays for new product launches. Implement targeted promotions for multi-pack and larger formats."
120715.0,2374281,Nizamabad,2374281,Manikanta Super Market,Retail,18.68741226,78.11794901,Telangana,Nizamabad,Nizamabad,Nizamabad (AP),Urban,Nizamabad (AP),Grocry Dept Str (Stand-alone),Sri Lakshmi Narasimha Agencies,4.4,0.14,0.54,118.29,0.73,129.32,1.79,2.43,1.34,2.43,2.43,2.43,0.0,2.43,21,58,99,0.0,24.0,0.0,307.0,711.0,3102.0,2400.0,8651.0,13868.0,9139.0,11327.0,8072.0,3414.0,3751.0,1876.0,9608.0,18860.0,35017.0,High (>100),0.0,0.0,0.0,0.0,119148.0,Yes,Yes,Yes,Yes,Yes,Yes,Yes,>Rs. 20,>Rs. 20,>Rs. 20,>Rs. 20,MT,,,Yes,1030.0,1000+ sqft,Super Store,TELANGANA,Nizamabad,yes,2836.3608,,,,90.909,,1779.6255,,,,,,,,,,,,,,1027.116,763.6356,,,,,,6497.6469,1624.411725,8.25,4,South India,Retail,1373.3333333333333,5525.5,11503.5,9699.5,3013.6666666666665,0.0,0.14,1.79,1.34,21.0,40.78,C,150.0,1.0,1,1.0,0.0,4430.69,2806.28,63.3,True,C+,154.0,1.0,1.0,1.0,1.0,1.0,1.0,1.0,1.0,1,,,,,1.0,2,2,Urban Premium Modern Trade,"These are larger, established Modern Trade grocery department stores in urban areas, characterized by 100% cooler availability and exclusive sales of premium categories. Shoppers engage in planned, higher-value purchases for household stock-up and indulgence.","Ensure planogram compliance for premium SKUs, focusing on full range availability and secondary displays for new product launches. Implement targeted promotions for multi-pack and larger formats."
112985.0,2528874,Hyderabad,2528874,Sri Vinayaka Super Market,Retail,17.401463,78.58985,Telangana,Medchal-Malkajgiri,Ghatkesar,Medipalle,Urban,Medipalle,Grocry Dept Str (Stand-alone),Sree Bhavani Distributors,0.64,0.47,2.69,4.29,0.47,1.97,3.15,3.58,1.04,1.04,1.04,1.04,0.0,1.04,25,62,122,0.0,0.0,0.0,26.0,46.0,166.0,119.0,355.0,553.0,349.0,431.0,303.0,111.0,70.0,35.0,503.0,1035.0,1015.0,High (>100),27.0,54.0,68.0,20.0,147650.0,Yes,Yes,Yes,Yes,Yes,Yes,Yes,>Rs. 20,>Rs. 20,>Rs. 20,>Rs. 20,MT,Periphery,0.9,Yes,575.0,300–600 sqft,Core Outlet,TELANGANA,Hyderabad,yes,10103.5476,,3446.638,,18826.0748,3264.82,351.3379,1054.5444,,,,109.091,156.3636,,,,6497.2269,327.2724,8109.09,,724.7361,30751.7574,,,,,,83722.5001,7611.136373,25.64,11,South India,Retail,79.33333333333333,237.0,451.0,367.0,72.0,0.0,0.47,1.97,1.04,25.0,90.2,A,150.0,1.0,1,1.0,0.0,8452.17,841.03,10.0,True,A+,212.0,1.0,1.0,1.0,1.0,1.0,1.0,1.0,1.0,1,,,,,1.0,4,2,Urban Premium Modern Trade,"These are larger, established Modern Trade grocery department stores in urban areas, characterized by 100% cooler availability and exclusive sales of premium categories. Shoppers engage in planned, higher-value purchases for household stock-up and indulgence.","Ensure planogram compliance for premium SKUs, focusing on full range availability and secondary displays for new product launches. Implement targeted promotions for multi-pack and larger formats."
112995.0,2552058,,2552058,B Mart,Retail,12.808033,77.590507,Karnataka,Bengaluru Urban,Anekal,Bannerughatta,Rural,,Grocry Dept Str (Stand-alone),Nsm Agencies,6.51,0.64,1.87,7.85,4.07,1.33,10.02,3.97,1.37,1.37,1.37,1.37,1.37,1.37,6,20,33,0.0,1.0,3.0,35.0,51.0,66.0,103.0,20.0,243.0,382.0,367.0,601.0,209.0,156.0,55.0,494.0,740.0,639.0,Low (<30),0.0,0.0,0.0,0.0,552674.0,Yes,Yes,Yes,Yes,Yes,Yes,Yes,>Rs. 20,>Rs. 20,>Rs. 20,>Rs. 20,MT,,,Yes,485.0,300–600 sqft,Core Outlet,KARNATAKA,Bengaluru,yes,8388.1341,,181.818,,7787.3458,90.909,1376.16,109.0908,,,,,,,,,4042.6839,90.909,,,1169.736,12008.2911,,,,,,35245.0777,2937.089808,18.17,12,West India,Retail,50.66666666666666,61.5,312.5,484.0,140.0,1.37,0.64,1.33,1.37,6.0,65.02,B,15.0,1.0,1,1.0,0.0,6399.78,3462.69,54.1,True,B+,83.0,1.0,1.0,1.0,1.0,1.0,1.0,1.0,1.0,1,,,,,0.0,3,2,Urban Premium Modern Trade,"These are larger, established Modern Trade grocery department stores in urban areas, characterized by 100% cooler availability and exclusive sales of premium categories. Shoppers engage in planned, higher-value purchases for household stock-up and indulgence.","Ensure planogram compliance for premium SKUs, focusing on full range availability and secondary displays for new product launches. Implement targeted promotions for multi-pack and larger formats."
117933.0,1357793,Kurnool,1357793,New Arnodaya Super Market,Retail,15.830643,78.041609,Andhra Pradesh,Kurnool,Kallur,Kallur,Urban,Kallur,Grocry Dept Str (Stand-alone),S V Enterprises,5.29,0.06,0.11,171.67,0.12,0.0,1.0,257.77,0.14,256.72,256.72,256.72,256.72,256.72,48,121,187,54.0,150.0,164.0,660.0,1798.0,5148.0,5273.0,12479.0,18650.0,13035.0,16456.0,13149.0,5360.0,5431.0,2715.0,5628.0,11516.0,15728.0,High (>100),0.0,0.0,0.0,0.0,43049.0,Yes,Yes,Yes,Yes,Yes,Yes,Yes,>Rs. 20,>Rs. 20,>Rs. 20,>Rs. 20,MT,,,Yes,1060.0,1000+ sqft,Super Store,ANDHRA PRADESH,Kurnool,yes,56218.1256,,8345.4462,,37554.5079,8618.1732,,,,,,11637.2794,32588.1751,,13936.3643,,31927.2408,,,,206.424,65545.389,,,,,,266577.1255,22214.760458,33.58,12,South India,Retail,2535.333333333333,8876.0,15842.5,14802.5,4502.0,256.72,0.06,0.0,0.14,102.0,98.64,A,150.0,1.0,1,1.0,0.0,11698.86,-10515.9,-89.9,False,A,896.0,1.0,1.0,1.0,1.0,1.0,1.0,1.0,1.0,1,,,,,1.0,4,2,Urban Premium Modern Trade,"These are larger, established Modern Trade grocery department stores in urban areas, characterized by 100% cooler availability and exclusive sales of premium categories. Shoppers engage in planned, higher-value purchases for household stock-up and indulgence.","Ensure planogram compliance for premium SKUs, focusing on full range availability and secondary displays for new product launches. Implement targeted promotions for multi-pack and larger formats."
106367.0,2523532,Rajkot,2523532,Family Mart,Retail,22.322994,70.774412,Gujarat,Rajkot,Rajkot,Rajkot,Urban,Subhash Nagar,Grocry Dept Str (Stand-alone),Hetal Enterprise,2.07,0.66,2.14,2.83,3.83,12.48,3.07,0.7,0.12,0.12,0.12,0.12,0.12,0.12,7,43,86,0.0,28.0,46.0,72.0,74.0,95.0,116.0,141.0,232.0,242.0,245.0,238.0,80.0,62.0,48.0,258.0,452.0,711.0,Medium (30 to 100),,,,,191651.0,Yes,Yes,Yes,Yes,Yes,Yes,Yes,>Rs. 20,>Rs. 20,>Rs. 20,>Rs. 20,MT,Urban,0.2,Yes,690.0,600–1000 sqft,Large Outlet,GUJARAT,Rajkot,yes,,,,,10733.5878,,,,,,,,,,,,,,,,,,,,,,,10733.5878,894.46565,3.25,12,GUJARAT,Retail,80.33333333333333,128.5,237.0,241.5,63.333333333333336,0.12,0.66,3.07,0.12,7.0,19.3,D,,1.0,1,1.0,1.0,2450.7,1556.24,63.5,True,D+,454.0,1.0,1.0,1.0,1.0,1.0,1.0,1.0,1.0,1,,,,,1.0,1,2,Urban Premium Modern Trade,"These are larger, established Modern Trade grocery department stores in urban areas, characterized by 100% cooler availability and exclusive sales of premium categories. Shoppers engage in planned, higher-value purchases for household stock-up and indulgence.","Ensure planogram compliance for premium SKUs, focusing on full range availability and secondary displays for new product launches. Implement targeted promotions for multi-pack and larger formats."
121593.0,1876027,Ghaziabad,1876027,Daily Fresh,AFH - Others,28.642473,77.33931,Uttar Pradesh,Ghaziabad,Ghaziabad,Ghaziabad,Urban,Vaishali,Grocry Dept Str (Stand-alone),Dasera Marketing Private Limited,6.13,0.28,1.0,2.28,0.19,0.86,2.4,0.19,0.14,0.19,0.19,0.19,0.19,0.19,1,6,36,1.0,4.0,15.0,449.0,314.0,385.0,901.0,702.0,1139.0,766.0,464.0,485.0,129.0,85.0,7.0,1385.0,1903.0,1621.0,High (>100),9.0,15.0,30.0,36.0,126040.0,Yes,Yes,Yes,Yes,Yes,Yes,Yes,>Rs. 20,>Rs. 20,>Rs. 20,>Rs. 20,MT,Urban,1.1,Yes,980.0,600–1000 sqft,Large Outlet,UTTAR PRADESH,Ghaziabad,yes,14963.6214,,109.0908,,6836.3568,,,,299.9997,,,,,2072.7252,,,8018.1738,1454.544,1990.9071,,,10608.6851,,,,,,46354.1039,3862.841992,14.92,12,UTTAR PRADESH,OPSC21-AFH - Others,382.6666666666667,801.5,952.5,474.5,73.66666666666667,0.19,0.28,0.86,0.14,2.0,74.48,B,150.0,1.0,1,1.0,1.0,6502.95,2640.11,40.6,True,B+,175.0,1.0,1.0,1.0,1.0,1.0,1.0,1.0,1.0,1,,,,,1.0,3,2,Urban Premium Modern Trade,"These are larger, established Modern Trade grocery department stores in urban areas, characterized by 100% cooler availability and exclusive sales of premium categories. Shoppers engage in planned, higher-value purchases for household stock-up and indulgence.","Ensure planogram compliance for premium SKUs, focusing on full range availability and secondary displays for new product launches. Implement targeted promotions for multi-pack and larger formats."
109876.0,2262527,,2262527,Raj Lakshmi Dep Store,Retail,26.357197,75.92526,Rajasthan,Tonk,Niwai,Niwai,Urban,Niwai,Grocry Dept Str (Stand-alone),Arvind Agencies-Ss,1.93,58.19,46.5,62.55,1.2,154.95,3.15,54.11,49.85,49.95,49.95,49.95,49.95,49.95,23,45,59,0.0,0.0,0.0,33.0,70.0,330.0,235.0,916.0,1490.0,893.0,1101.0,772.0,331.0,378.0,189.0,688.0,1511.0,4983.0,High (>100),0.0,0.0,0.0,0.0,140723.0,Yes,Yes,Yes,Yes,Yes,Yes,Yes,>Rs. 20,>Rs. 20,>Rs. 20,>Rs. 20,MT,,,Yes,900.0,600–1000 sqft,Large Outlet,RAJASTHAN,Balance,yes,,,,,7857.7044,,3025.05,,,,1645.3872,,,327.2724,,,727.272,4545.45,,,4095.4524,5857.7064,,,,,,28081.2948,2340.1079,5.5,12,North India,Retail,144.33333333333334,575.5,1191.5,936.5,299.3333333333333,49.95,46.5,3.15,49.85,23.0,55.98,C,150.0,1.0,1,1.0,0.0,3872.6,1532.49,39.6,True,C+,639.0,1.0,1.0,1.0,1.0,1.0,1.0,1.0,1.0,1,,,,,1.0,2,2,Urban Premium Modern Trade,"These are larger, established Modern Trade grocery department stores in urban areas, characterized by 100% cooler availability and exclusive sales of premium categories. Shoppers engage in planned, higher-value purchases for household stock-up and indulgence.","Ensure planogram compliance for premium SKUs, focusing on full range availability and secondary displays for new product launches. Implement targeted promotions for multi-pack and larger formats."
115907.0,2750940,Shivamogga,2750940,National Mart,Retail,13.94226513,75.53964855,Karnataka,Shimoga,Shimoga,Shimoga,Urban,Alkola,Grocry Dept Str (Stand-alone),Sri Ganesha Agencies,5.3,0.3,0.85,120.77,1.19,0.37,4.75,3.88,0.33,0.33,0.33,0.33,0.33,0.33,5,34,75,2.0,4.0,10.0,33.0,40.0,47.0,70.0,101.0,147.0,103.0,95.0,93.0,20.0,22.0,21.0,164.0,267.0,263.0,Low (<30),275.0,52.0,6.0,1.0,178038.0,Yes,Yes,Yes,Yes,Yes,Yes,Yes,>Rs. 20,>Rs. 20,>Rs. 20,>Rs. 20,MT,Urban,0.8,Yes,475.0,300–600 sqft,Core Outlet,KARNATAKA,Balance,yes,545.454,,,1783.6362,0.0,,,,,,,545.455,938.1816,,1145.4546,,909.09,,,,0.0,0.0,,,,,,5867.2714,1955.757133,10.67,3,West India,Retail,40.0,85.5,125.0,94.0,21.0,0.33,0.3,0.37,0.33,7.0,48.92,C,15.0,1.0,1,1.0,1.0,3923.58,1967.82,50.2,True,C+,416.0,1.0,1.0,1.0,1.0,1.0,1.0,1.0,1.0,1,,,,,1.0,2,2,Urban Premium Modern Trade,"These are larger, established Modern Trade grocery department stores in urban areas, characterized by 100% cooler availability and exclusive sales of premium categories. Shoppers engage in planned, higher-value purchases for household stock-up and indulgence.","Ensure planogram compliance for premium SKUs, focusing on full range availability and secondary displays for new product launches. Implement targeted promotions for multi-pack and larger formats."
105087.0,S01453107,Nellore,S01453107,Mvr Mini Mart,Retail,14.466128,80.006795,Andhra Pradesh,Nellore,Nellore,Nellore,Urban,Bangla Thota,Grocry Dept Str (Stand-alone),Kumar Agencies,2.94,0.17,0.12,94.95,0.72,0.0,1.93,0.43,0.1,0.1,0.1,0.1,0.1,0.1,14,62,109,5.0,13.0,98.0,64.0,83.0,85.0,126.0,178.0,244.0,304.0,976.0,730.0,147.0,196.0,559.0,691.0,1301.0,1007.0,Medium (30 to 100),206.0,108.0,19.0,4.0,109328.0,Yes,Yes,Yes,Yes,Yes,Yes,Yes,>Rs. 20,>Rs. 20,>Rs. 20,>Rs. 20,MT,Urban,0.9,Yes,625.0,600–1000 sqft,Large Outlet,ANDHRA PRADESH,Nellore,yes,25479.0261,,,,12638.7248,1418.1804,11632.5585,218.1816,,,,,,,,,13667.1804,,610.9096,,9796.917,14092.0819,,,,,,89553.7603,7462.813358,25.0,12,South India,Retail,77.33333333333333,152.0,274.0,853.0,300.6666666666667,0.1,0.12,0.0,0.1,19.0,89.98,A,,1.0,1,1.0,1.0,8472.39,1009.58,11.9,True,A+,189.0,1.0,1.0,1.0,1.0,1.0,1.0,1.0,1.0,1,,,,,1.0,4,2,Urban Premium Modern Trade,"These are larger, established Modern Trade grocery department stores in urban areas, characterized by 100% cooler availability and exclusive sales of premium categories. Shoppers engage in planned, higher-value purchases for household stock-up and indulgence.","Ensure planogram compliance for premium SKUs, focusing on full range availability and secondary displays for new product launches. Implement targeted promotions for multi-pack and larger formats."
119443.0,2760909,,2760909,A Mart,Retail,27.15248797,75.42254428,Rajasthan,Jaipur,Phulera HQ Sambhar,Harsoli,Rural,,Grocry Dept Str (Stand-alone),Simran Trading Company,0.0,40.21,36.43,41.75,11.69,53.48,6.36,39.19,6.31,36.37,36.37,36.37,36.37,36.37,0,3,8,0.0,0.0,0.0,2.0,9.0,17.0,18.0,2.0,75.0,121.0,177.0,240.0,121.0,111.0,42.0,59.0,137.0,665.0,Low (<30),0.0,0.0,0.0,0.0,112769.0,Yes,Yes,Yes,Yes,Yes,Yes,Yes,>Rs. 20,>Rs. 20,>Rs. 20,>Rs. 20,MT,,,Yes,835.0,600–1000 sqft,Large Outlet,RAJASTHAN,Balance,yes,2722.527,,,,5163.6312,,412.2225,,,,54.546,,,981.8172,,,2236.3614,2618.1792,272.727,,68.1825,6981.8112,,,,,,21512.0052,3585.3342,6.17,6,North India,Retail,9.333333333333334,10.0,98.0,208.5,91.33333333333331,36.37,36.43,6.36,6.31,0.0,71.94,B,15.0,1.0,1,1.0,0.0,3748.54,163.21,4.4,True,B+,698.0,1.0,1.0,1.0,1.0,1.0,1.0,1.0,1.0,1,,,,,0.0,3,2,Urban Premium Modern Trade,"These are larger, established Modern Trade grocery department stores in urban areas, characterized by 100% cooler availability and exclusive sales of premium categories. Shoppers engage in planned, higher-value purchases for household stock-up and indulgence.","Ensure planogram compliance for premium SKUs, focusing on full range availability and secondary displays for new product launches. Implement targeted promotions for multi-pack and larger formats."
117990.0,2540950,,2540950,Pp Mart,Retail,25.6650339,72.0158898,Rajasthan,Barmer,Gudha Malani,Bhooka Bhagatsingh,Rural,,Grocry Dept Str (Stand-alone),Harshita Traders,22.24,265.07,64.19,107.99,15.55,377.89,25.27,118.35,60.85,113.9,113.9,113.9,113.9,113.9,3,6,8,0.0,0.0,0.0,0.0,55.0,109.0,64.0,92.0,24.0,22.0,79.0,294.0,190.0,200.0,79.0,127.0,171.0,826.0,Low (<30),0.0,0.0,0.0,0.0,52570.0,Yes,Yes,Yes,Yes,Yes,Yes,Yes,>Rs. 20,>Rs. 20,>Rs. 20,>Rs. 20,MT,,,Yes,440.0,300–600 sqft,Core Outlet,RAJASTHAN,Balance,yes,14774.4857,,,,16954.5285,1927.2708,,4290.9048,,,45.872,,,2436.3612,572.7273,,19424.4867,1454.544,1990.9071,,1467.904,14127.2586,,,,,,79467.2507,6622.270892,23.17,12,North India,Retail,54.66666666666666,78.0,23.0,186.5,156.33333333333334,113.9,64.19,25.27,60.85,3.0,87.9,A,15.0,1.0,1,1.0,0.0,8223.45,1601.18,19.5,True,A+,131.0,1.0,1.0,1.0,1.0,1.0,1.0,1.0,1.0,1,,,,,0.0,4,2,Urban Premium Modern Trade,"These are larger, established Modern Trade grocery department stores in urban areas, characterized by 100% cooler availability and exclusive sales of premium categories. Shoppers engage in planned, higher-value purchases for household stock-up and indulgence.","Ensure planogram compliance for premium SKUs, focusing on full range availability and secondary displays for new product launches. Implement targeted promotions for multi-pack and larger formats."
120250.0,1878330,Hubballi Dharwad,1878330,Shri Siddheshwara Mart,Retail,15.471836,74.988471,Karnataka,Dharwad,Hubli-Dharwad unassignd,Hubli-Dharwad,Urban,Gulganjikoppa,Grocry Dept Str (Stand-alone),Maahir Traders,3.2,0.5,0.43,0.15,0.23,0.46,3.8,1.86,0.22,0.3,0.22,0.22,0.22,0.22,6,24,73,5.0,37.0,95.0,9.0,11.0,13.0,21.0,26.0,39.0,41.0,39.0,35.0,8.0,6.0,8.0,42.0,77.0,107.0,Medium (30 to 100),84.0,47.0,14.0,1.0,147573.0,Yes,Yes,Yes,Yes,Yes,Yes,Yes,>Rs. 20,>Rs. 20,>Rs. 20,>Rs. 20,MT,Urban,1.9,Yes,525.0,300–600 sqft,Core Outlet,KARNATAKA,Hubballi Dharwad,yes,,,,,1299.6048,,5770.914,,,,,,,,,,,,,,5110.419,4735.1772,,,,,,16916.115,1879.568333,12.5,9,West India,Retail,11.0,23.5,40.0,37.0,7.333333333333333,0.22,0.43,0.46,0.15,11.0,47.04,C,,1.0,1,1.0,1.0,4665.72,2786.15,59.7,True,C+,161.0,1.0,1.0,1.0,1.0,1.0,1.0,1.0,1.0,1,,,,,1.0,2,2,Urban Premium Modern Trade,"These are larger, established Modern Trade grocery department stores in urban areas, characterized by 100% cooler availability and exclusive sales of premium categories. Shoppers engage in planned, higher-value purchases for household stock-up and indulgence.","Ensure planogram compliance for premium SKUs, focusing on full range availability and secondary displays for new product launches. Implement targeted promotions for multi-pack and larger formats."
113015.0,2168777,Gurugram,2168777,Todayz Bazaar,Retail,28.503597,77.03245,Haryana,Gurugram,Gurugram,Gurugram,Urban,Carterpuri,Grocry Dept Str (Stand-alone),Shree Shiv Shakti Traders - TT,3.13,1.04,1.15,4.69,0.44,0.0,1.32,1.27,0.41,0.41,0.41,0.41,0.41,0.41,8,26,55,0.0,4.0,8.0,48.0,37.0,46.0,80.0,79.0,120.0,98.0,73.0,79.0,13.0,12.0,7.0,99.0,189.0,327.0,Low (<30),55.0,86.0,68.0,4.0,373077.0,Yes,Yes,Yes,Yes,Yes,Yes,Yes,>Rs. 20,>Rs. 20,>Rs. 20,>Rs. 20,MT,Urban,2.3,Yes,1270.0,1000+ sqft,Super Store,HARYANA,Gurugram,yes,56311.4064,,,,15927.2568,1909.089,,4945.4496,3681.8145,,,,9850.9068,11709.0792,11454.546,8230.9063,32781.7854,4009.0869,25963.6176,1354.0736,,25818.156,797.0372,,,,,214744.2113,17895.350942,43.58,12,North India,Retail,43.66666666666666,79.5,109.0,76.0,10.666666666666666,0.41,1.04,0.0,0.41,8.0,98.26,A,15.0,1.0,1,1.0,1.0,15326.09,-2569.26,-16.8,False,A,582.0,1.0,1.0,1.0,1.0,1.0,1.0,1.0,1.0,1,,,,,1.0,4,2,Urban Premium Modern Trade,"These are larger, established Modern Trade grocery department stores in urban areas, characterized by 100% cooler availability and exclusive sales of premium categories. Shoppers engage in planned, higher-value purchases for household stock-up and indulgence.","Ensure planogram compliance for premium SKUs, focusing on full range availability and secondary displays for new product launches. Implement targeted promotions for multi-pack and larger formats."
119129.0,2398624,Tirunelveli,2398624,Orang Mini Mart,Retail,8.685398,77.707496,Tamil Nadu,Tirunelveli,Tirunelveli,Tirunelveli,Urban,Munnirpallam,Grocry Dept Str (Stand-alone),K.S.A.Vishvaa Ayyadurai Traders,5.96,0.55,0.36,84.97,1.58,2.32,2.45,2.82,0.42,0.42,0.42,0.42,0.0,0.42,7,30,58,2.0,2.0,4.0,16.0,20.0,23.0,54.0,50.0,85.0,94.0,137.0,128.0,40.0,42.0,23.0,110.0,183.0,316.0,Low (<30),0.0,0.0,0.0,0.0,125609.0,Yes,Yes,Yes,Yes,Yes,Yes,Yes,>Rs. 20,>Rs. 20,>Rs. 20,>Rs. 20,MT,Urban,0.6,Yes,380.0,300–600 sqft,Core Outlet,TAMIL NADU,Tirunelveli,yes,,,545.454,,109.0908,281.8179,5862.192,,,,,,,,,,,,,,2772.7125,1054.5444,,,,,,10625.8116,885.4843,9.0,12,South India,Retail,19.666666666666668,52.0,89.5,132.5,35.0,0.0,0.36,2.32,0.42,9.0,18.98,D,15.0,1.0,1,1.0,1.0,3379.35,2493.86,73.8,True,D+,121.0,1.0,1.0,1.0,1.0,1.0,1.0,1.0,1.0,1,,,,,1.0,1,2,Urban Premium Modern Trade,"These are larger, established Modern Trade grocery department stores in urban areas, characterized by 100% cooler availability and exclusive sales of premium categories. Shoppers engage in planned, higher-value purchases for household stock-up and indulgence.","Ensure planogram compliance for premium SKUs, focusing on full range availability and secondary displays for new product launches. Implement targeted promotions for multi-pack and larger formats."
118945.0,2657623,,2657623,City Bazaar,Retail,28.32382833,76.30147167,Haryana,Mahendragarh,Mahendragarh,Kanina,Rural,,Grocry Dept Str (Stand-alone),Sharma Enterprises - TT,12.36,0.16,53.07,67.32,8.94,0.0,0.27,34.43,8.55,34.43,34.43,34.43,34.43,34.43,7,13,22,0.0,0.0,0.0,3.0,4.0,5.0,10.0,3.0,14.0,21.0,23.0,33.0,14.0,9.0,3.0,12.0,35.0,86.0,Low (<30),0.0,0.0,0.0,0.0,354750.0,Yes,Yes,Yes,Yes,Yes,Yes,Yes,>Rs. 20,>Rs. 20,>Rs. 20,>Rs. 20,MT,,,Yes,1010.0,1000+ sqft,Super Store,HARYANA,Balance,yes,47038.6884,,,,21252.9447,,2077.5018,2527.2702,,,,,,4596.0429,,,12238.7232,3477.0723,,,1674.1125,32657.6796,,,,,,127540.0356,10628.3363,20.33,12,North India,Retail,4.0,6.5,17.5,28.0,8.666666666666666,34.43,0.16,0.0,8.55,7.0,94.66,A,15.0,1.0,1,1.0,0.0,8286.33,-2342.01,-28.3,False,A,560.0,1.0,1.0,1.0,1.0,1.0,1.0,1.0,1.0,1,,,,,0.0,4,2,Urban Premium Modern Trade,"These are larger, established Modern Trade grocery department stores in urban areas, characterized by 100% cooler availability and exclusive sales of premium categories. Shoppers engage in planned, higher-value purchases for household stock-up and indulgence.","Ensure planogram compliance for premium SKUs, focusing on full range availability and secondary displays for new product launches. Implement targeted promotions for multi-pack and larger formats."
121996.0,1902831,Hyderabad,1902831,Kgn Mini Mart,Retail,17.331038,78.486426,Telangana,Hyderabad,Hyderabad unassignd,Hyderabad,Urban,Uppuguda,Grocry Dept Str (Stand-alone),Santhoshi  Enterprises,4.86,0.08,1.46,4.86,0.84,0.07,1.18,0.64,0.17,0.48,0.17,0.17,0.0,0.17,49,165,336,0.0,4.0,0.0,46.0,108.0,111.0,350.0,554.0,718.0,710.0,721.0,517.0,167.0,143.0,176.0,595.0,1033.0,2257.0,Medium (30 to 100),38.0,45.0,35.0,6.0,109887.0,Yes,Yes,Yes,Yes,Yes,Yes,Yes,>Rs. 20,>Rs. 20,>Rs. 20,>Rs. 20,MT,Urban,1.2,Yes,505.0,300–600 sqft,Core Outlet,TELANGANA,Balance,yes,1272.726,,90.909,,3381.8148,272.727,3022.548,,,,,,,,,,909.09,,,,1621.617,3599.9964,,,,,,14171.4282,1771.428525,14.88,8,South India,Retail,88.33333333333333,452.0,714.0,619.0,162.0,0.0,0.08,0.07,0.17,49.0,44.52,C,,1.0,1,1.0,1.0,4982.84,3211.42,64.4,True,C+,85.0,1.0,1.0,1.0,1.0,1.0,1.0,1.0,1.0,1,,,,,1.0,2,2,Urban Premium Modern Trade,"These are larger, established Modern Trade grocery department stores in urban areas, characterized by 100% cooler availability and exclusive sales of premium categories. Shoppers engage in planned, higher-value purchases for household stock-up and indulgence.","Ensure planogram compliance for premium SKUs, focusing on full range availability and secondary displays for new product launches. Implement targeted promotions for multi-pack and larger formats."
118502.0,2647500,Vadodara,2647500,Raja Super Store,Retail,22.296278,73.176997,Gujarat,Vadodara,Vadodara,Vadodara,Urban,Sayajigaunj South,Grocry Dept Str (Stand-alone),Manjalpur Super Store,1.84,0.1,0.89,0.19,1.56,88.05,1.31,0.92,0.09,0.5,0.09,0.09,0.09,0.09,6,24,82,2.0,5.0,12.0,199.0,180.0,226.0,365.0,365.0,598.0,579.0,566.0,513.0,165.0,135.0,110.0,1249.0,736.0,628.0,High (>100),,,,,162282.0,Yes,Yes,Yes,Yes,Yes,Yes,Yes,>Rs. 20,>Rs. 20,>Rs. 20,>Rs. 20,MT,Urban,2.6,Yes,590.0,300–600 sqft,Core Outlet,GUJARAT,Vadodara,yes,,,,,8569.1632,,,,,,,,,,,,,,,,5337.2046,1831.6194,,,,,,15737.9872,1311.498933,6.17,12,GUJARAT,Retail,201.66666666666663,365.0,588.5,539.5,136.66666666666666,0.09,0.1,1.31,0.09,8.0,32.52,C,150.0,1.0,1,1.0,1.0,3059.06,1747.56,57.1,True,C+,522.0,1.0,1.0,1.0,1.0,1.0,1.0,1.0,1.0,1,,,,,1.0,2,2,Urban Premium Modern Trade,"These are larger, established Modern Trade grocery department stores in urban areas, characterized by 100% cooler availability and exclusive sales of premium categories. Shoppers engage in planned, higher-value purchases for household stock-up and indulgence.","Ensure planogram compliance for premium SKUs, focusing on full range availability and secondary displays for new product launches. Implement targeted promotions for multi-pack and larger formats."
113504.0,S01250697,Lucknow,S01250697,Shivani Mart,Retail,26.840275,80.87964,Uttar Pradesh,Lucknow,Lucknow,Lucknow,Urban,Hardeen Rai Nagar,Grocry Dept Str (Stand-alone),Primewest Marketing P.Ltd.-Sdp,4.48,0.14,0.33,5.73,8.39,0.66,1.17,4.25,0.2,0.2,0.2,0.2,0.2,0.2,17,34,52,3.0,5.0,10.0,133.0,133.0,155.0,334.0,372.0,553.0,397.0,487.0,469.0,156.0,150.0,159.0,430.0,685.0,2028.0,High (>100),41.0,57.0,19.0,2.0,142238.0,Yes,Yes,Yes,Yes,Yes,Yes,Yes,>Rs. 20,>Rs. 20,>Rs. 20,>Rs. 20,MT,Urban,1.1,Yes,505.0,300–600 sqft,Core Outlet,UTTAR PRADESH,Lucknow,yes,1218.1806,107.1432,,,1599.9984,454.545,1352.6829,,,,535.716,,,363.636,,,1036.3626,1127.2716,,,1058.0391,4090.905,,,,,,12944.4804,1849.211486,15.0,7,UTTAR PRADESH,Retail,140.33333333333334,353.0,475.0,478.0,155.0,0.2,0.14,0.66,0.2,20.0,46.38,C,150.0,1.0,1,1.0,1.0,5221.27,3372.06,64.6,True,C+,70.0,1.0,1.0,1.0,1.0,1.0,1.0,1.0,1.0,1,,,,,1.0,2,2,Urban Premium Modern Trade,"These are larger, established Modern Trade grocery department stores in urban areas, characterized by 100% cooler availability and exclusive sales of premium categories. Shoppers engage in planned, higher-value purchases for household stock-up and indulgence.","Ensure planogram compliance for premium SKUs, focusing on full range availability and secondary displays for new product launches. Implement targeted promotions for multi-pack and larger formats."
113825.0,S00388449,Jalandhar,S00388449,Chopra Department Store,Retail,31.319287,75.564029,Punjab,Jalandhar,Jalandhar - I,Jalandhar,Urban,Friends Colony,Grocry Dept Str (Stand-alone),Cm Associates (P) Ltd-Sdp,2.45,0.16,0.93,2.71,0.76,54.1,2.88,0.84,0.18,0.18,0.18,0.18,0.18,0.18,17,53,118,1.0,4.0,13.0,270.0,181.0,223.0,320.0,340.0,514.0,524.0,709.0,669.0,253.0,223.0,74.0,540.0,1065.0,2321.0,Medium (30 to 100),11.0,13.0,5.0,0.0,178486.0,Yes,Yes,Yes,Yes,Yes,Yes,Yes,>Rs. 20,>Rs. 20,>Rs. 20,>Rs. 20,MT,Urban,1.1,Yes,220.0,200–300 sqft,Small Outlet,PUNJAB,Jalandhar,yes,9763.6032,54.546,963.6354,,10258.4718,1004.3475,6450.8915,945.4536,,,1039.9644,,,2381.8068,,,4709.0862,3245.0466,,,5158.9822,18171.9049,,,,,,64147.7401,5345.645008,33.5,12,North India,Retail,224.66666666666663,330.0,519.0,689.0,183.3333333333333,0.18,0.16,2.88,0.18,18.0,83.68,A,,1.0,1,1.0,1.0,9943.26,4597.61,46.2,True,A+,4.0,1.0,1.0,1.0,1.0,1.0,1.0,1.0,1.0,1,2.0,,,,1.0,4,2,Urban Premium Modern Trade,"These are larger, established Modern Trade grocery department stores in urban areas, characterized by 100% cooler availability and exclusive sales of premium categories. Shoppers engage in planned, higher-value purchases for household stock-up and indulgence.","Ensure planogram compliance for premium SKUs, focusing on full range availability and secondary displays for new product launches. Implement targeted promotions for multi-pack and larger formats."
112477.0,2318229,,2318229,Alal City Mart,Retail,30.375868,75.546262,Punjab,Sangrur,Barnala,Barnala,Urban,Guru Nanak Nagar,Grocry Dept Str (Stand-alone),Satish Kry.Store,2.72,0.2,0.7,2.0,5.69,15.77,0.65,0.04,0.04,0.04,0.04,0.04,0.04,0.04,27,42,53,1.0,5.0,7.0,201.0,155.0,194.0,214.0,246.0,368.0,405.0,386.0,415.0,38.0,46.0,23.0,312.0,738.0,1397.0,Medium (30 to 100),0.0,0.0,0.0,0.0,183026.0,Yes,Yes,Yes,Yes,Yes,Yes,Yes,>Rs. 20,>Rs. 20,>Rs. 20,>Rs. 20,MT,,,Yes,1135.0,1000+ sqft,Super Store,PUNJAB,Balance,yes,14581.8036,,,,2990.117,2173.912,77.9407,3545.451,,,,,,399.9996,,,12799.9872,2135.9676,,,73.3952,9986.1567,,,,,,48764.7306,4063.72755,22.25,12,North India,Retail,183.3333333333333,230.0,386.5,400.5,35.666666666666664,0.04,0.2,0.65,0.04,28.0,75.98,B,,1.0,1,1.0,0.0,8776.92,4713.19,53.7,True,B+,20.0,1.0,1.0,1.0,1.0,1.0,1.0,1.0,1.0,1,,,,,1.0,3,2,Urban Premium Modern Trade,"These are larger, established Modern Trade grocery department stores in urban areas, characterized by 100% cooler availability and exclusive sales of premium categories. Shoppers engage in planned, higher-value purchases for household stock-up and indulgence.","Ensure planogram compliance for premium SKUs, focusing on full range availability and secondary displays for new product launches. Implement targeted promotions for multi-pack and larger formats."
119670.0,S01286331,Pune,S01286331,County Super Market,Retail,18.472592,73.896215,Maharashtra,Pune,Pune City,Pune,Urban,NIBM Road,Grocry Dept Str (Stand-alone),Agneev Foods,5.89,0.58,0.64,4.15,0.36,0.75,5.94,0.35,0.35,0.35,0.35,0.35,0.35,0.35,12,40,65,3.0,8.0,17.0,180.0,152.0,189.0,380.0,330.0,589.0,630.0,539.0,528.0,130.0,78.0,33.0,729.0,1030.0,1453.0,High (>100),69.0,58.0,28.0,43.0,343142.0,Yes,Yes,Yes,Yes,Yes,Yes,Yes,>Rs. 20,>Rs. 20,>Rs. 20,>Rs. 20,MT,Urban,1.3,Yes,770.0,600–1000 sqft,Large Outlet,MAHARASHTRA,Pune,yes,87603.0768,,6127.2666,,19218.1626,545.454,,15869.55,3254.9385,,,,4065.4536,15335.9535,,5099.997,81657.4675,,21822.9044,,,52093.2516,,,,,,312693.4761,26057.789675,31.25,12,MAHARASHTRA,Retail,173.66666666666666,355.0,609.5,533.5,80.33333333333333,0.35,0.58,0.75,0.35,15.0,99.02,A,150.0,1.0,1,1.0,1.0,10612.07,-15445.72,-145.5,False,A,936.0,1.0,1.0,1.0,1.0,1.0,1.0,1.0,1.0,1,,,,,1.0,4,2,Urban Premium Modern Trade,"These are larger, established Modern Trade grocery department stores in urban areas, characterized by 100% cooler availability and exclusive sales of premium categories. Shoppers engage in planned, higher-value purchases for household stock-up and indulgence.","Ensure planogram compliance for premium SKUs, focusing on full range availability and secondary displays for new product launches. Implement targeted promotions for multi-pack and larger formats."
120955.0,1470150,Amritsar,1470150,Nobel Kr Store,Retail,31.627731,74.791623,Punjab,Amritsar,Amritsar - II,Amritsar,Urban,Naraingarh,Grocry Dept Str (Stand-alone),Baba Deep Singh Trading Co-Tt,8.25,0.12,2.85,14.43,2.09,0.0,0.7,0.71,4.72,1.91,4.24,0.83,0.78,8.26,16,41,56,0.0,0.0,1.0,232.0,190.0,230.0,377.0,415.0,657.0,682.0,740.0,699.0,77.0,88.0,24.0,132.0,14.0,2.0,High (>100),32.0,74.0,7.0,1.0,174191.0,Yes,Yes,Yes,Yes,Yes,Yes,Yes,>Rs. 20,>Rs. 20,>Rs. 20,>Rs. 20,MT,Urban,1.2,Yes,1600.0,1000+ sqft,Super Store,PUNJAB,Amritsar,yes,56980.182,,,,,,,6272.721,,,,,,13332.003,,,23176.6468,,,,,,,,,,,99761.5528,8313.462733,13.75,12,North India,Retail,217.3333333333333,396.0,669.5,719.5,63.0,0.78,0.12,0.0,0.71,16.0,91.62,A,150.0,1.0,1,1.0,1.0,7506.01,-807.45,-10.8,False,A,422.0,1.0,1.0,1.0,1.0,1.0,1.0,1.0,1.0,1,,,,,1.0,4,2,Urban Premium Modern Trade,"These are larger, established Modern Trade grocery department stores in urban areas, characterized by 100% cooler availability and exclusive sales of premium categories. Shoppers engage in planned, higher-value purchases for household stock-up and indulgence.","Ensure planogram compliance for premium SKUs, focusing on full range availability and secondary displays for new product launches. Implement targeted promotions for multi-pack and larger formats."
112172.0,S01330756,,S01330756,Pee Yem Margin Free Market,Retail,8.3147382,77.2032542,Tamil Nadu,Kanniyakumari,Vilavancode,Kuzhithurai,Urban,Kuzhithurai,Grocry Dept Str (Stand-alone),Bless Agencies,9.53,0.15,0.26,130.66,0.23,0.14,1.24,65.12,0.09,65.12,64.76,64.76,0.0,64.76,10,21,53,2.0,8.0,13.0,81.0,247.0,370.0,581.0,720.0,956.0,736.0,900.0,568.0,200.0,107.0,53.0,1220.0,2299.0,1791.0,High (>100),0.0,0.0,0.0,0.0,615425.0,Yes,Yes,Yes,Yes,Yes,Yes,Yes,>Rs. 20,>Rs. 20,>Rs. 20,>Rs. 20,MT,,,Yes,1130.0,1000+ sqft,Super Store,TAMIL NADU,Balance,yes,1639.9946,,,2378.1816,163.6362,,4560.5114,,436.3632,,,,9883.6344,,6490.9094,,472.7268,,6901.8124,,2479.2568,2927.2698,,,,,,38334.2966,4259.366289,18.22,9,South India,Retail,232.66666666666663,650.5,846.0,734.0,120.0,0.0,0.15,0.14,0.09,12.0,77.62,B,150.0,1.0,1,1.0,0.0,7675.98,3416.61,44.5,True,B+,87.0,1.0,1.0,1.0,1.0,1.0,1.0,1.0,1.0,1,,,,,1.0,3,2,Urban Premium Modern Trade,"These are larger, established Modern Trade grocery department stores in urban areas, characterized by 100% cooler availability and exclusive sales of premium categories. Shoppers engage in planned, higher-value purchases for household stock-up and indulgence.","Ensure planogram compliance for premium SKUs, focusing on full range availability and secondary displays for new product launches. Implement targeted promotions for multi-pack and larger formats."
118502.0,S00816475,Vadodara,S00816475,Shiv Super Store,Retail,22.344938,73.186812,Gujarat,Vadodara,Vadodara,Vadodara,Urban,Sayajigaunj North,Grocry Dept Str (Stand-alone),Kuber Enterprise,2.57,0.16,2.46,3.29,3.31,84.42,2.85,2.47,0.39,0.55,0.55,0.55,0.55,0.55,11,38,70,0.0,0.0,4.0,141.0,127.0,160.0,259.0,259.0,423.0,410.0,391.0,364.0,117.0,96.0,78.0,881.0,520.0,444.0,Medium (30 to 100),,,,,189397.0,Yes,Yes,Yes,Yes,Yes,Yes,Yes,>Rs. 20,>Rs. 20,>Rs. 20,>Rs. 20,MT,Urban,0.1,Yes,655.0,600–1000 sqft,Large Outlet,GUJARAT,Vadodara,yes,1399.9986,,1072.7262,,16118.1657,909.09,,,,,,2290.911,3361.8174,636.363,1336.3637,,5672.7216,,,,,8936.3547,,,,,,41734.5119,3477.875992,17.25,12,GUJARAT,Retail,142.66666666666666,259.0,416.5,377.5,97.0,0.55,0.16,2.85,0.39,11.0,70.92,B,,1.0,1,1.0,1.0,6346.61,2868.73,45.2,True,B+,144.0,1.0,1.0,1.0,1.0,1.0,1.0,1.0,1.0,1,,,,,1.0,3,2,Urban Premium Modern Trade,"These are larger, established Modern Trade grocery department stores in urban areas, characterized by 100% cooler availability and exclusive sales of premium categories. Shoppers engage in planned, higher-value purchases for household stock-up and indulgence.","Ensure planogram compliance for premium SKUs, focusing on full range availability and secondary displays for new product launches. Implement targeted promotions for multi-pack and larger formats."
118109.0,1526594,,1526594,Shiv Sai Super Market,Retail,19.207611,73.205452,Maharashtra,Thane,Ambarnath,Ambarnath,Urban,Ambarnath,Grocry Dept Str (Stand-alone),Sunrise Enterprises,7.56,0.23,2.6,9.79,1.4,25.29,2.23,2.0,0.89,2.0,2.0,2.0,2.0,2.0,17,44,70,0.0,0.0,1.0,784.0,1606.0,3847.0,3690.0,7303.0,10543.0,8252.0,10261.0,7228.0,2584.0,1539.0,769.0,11936.0,19378.0,26822.0,High (>100),489.0,45.0,9.0,27.0,210145.0,Yes,Yes,Yes,Yes,Yes,Yes,Yes,>Rs. 20,>Rs. 20,>Rs. 20,>Rs. 20,MT,,,Yes,805.0,600–1000 sqft,Large Outlet,MAHARASHTRA,Pune,yes,,,,,,,3374.341,,,,,,,,,,,,,,7453.0352,,,,,,,10827.3762,902.28135,4.92,12,MAHARASHTRA,Retail,2079.0,5496.5,9397.5,8744.5,1630.6666666666667,2.0,0.23,2.23,0.89,17.0,19.54,D,150.0,1.0,1,1.0,0.0,3131.44,2229.16,71.2,True,D+,184.0,1.0,1.0,1.0,1.0,1.0,1.0,1.0,1.0,1,,,,,1.0,1,2,Urban Premium Modern Trade,"These are larger, established Modern Trade grocery department stores in urban areas, characterized by 100% cooler availability and exclusive sales of premium categories. Shoppers engage in planned, higher-value purchases for household stock-up and indulgence.","Ensure planogram compliance for premium SKUs, focusing on full range availability and secondary displays for new product launches. Implement targeted promotions for multi-pack and larger formats."
120006.0,1889021,Bhopal,1889021,Kisan G Mart,Retail,23.229103,77.490885,Madhya Pradesh,Bhopal,Huzur,Bhopal,Urban,Awadhpuri,Grocry Dept Str (Stand-alone),Shobha Associate,5.82,0.22,0.53,5.14,2.33,168.1,5.33,0.55,0.1,0.1,0.1,0.1,0.1,0.1,9,24,65,3.0,5.0,12.0,44.0,42.0,54.0,95.0,112.0,187.0,157.0,121.0,121.0,30.0,27.0,12.0,145.0,289.0,434.0,Medium (30 to 100),56.0,140.0,23.0,4.0,195171.0,Yes,Yes,Yes,Yes,Yes,Yes,Yes,>Rs. 20,>Rs. 20,>Rs. 20,>Rs. 20,MT,Urban,1.6,Yes,415.0,300–600 sqft,Core Outlet,MADHYA PRADESH,Bhopal,yes,1399.9986,,,,2727.27,272.727,481.656,109.0908,,,165.1392,,,454.545,,,1363.635,654.5448,,,660.5568,2727.27,,,,,,11016.4332,1836.0722,15.83,6,MADHYA PRADESH,Retail,46.66666666666666,103.5,172.0,121.0,23.0,0.1,0.22,5.33,0.1,12.0,46.02,C,,1.0,1,1.0,1.0,5282.5,3446.43,65.2,True,C+,63.0,1.0,1.0,1.0,1.0,1.0,1.0,1.0,1.0,1,,,,,1.0,2,2,Urban Premium Modern Trade,"These are larger, established Modern Trade grocery department stores in urban areas, characterized by 100% cooler availability and exclusive sales of premium categories. Shoppers engage in planned, higher-value purchases for household stock-up and indulgence.","Ensure planogram compliance for premium SKUs, focusing on full range availability and secondary displays for new product launches. Implement targeted promotions for multi-pack and larger formats."
107771.0,S00210110,Thane,S00210110,Om Super Market,Retail,19.22843,72.96871,Maharashtra,Thane,Thane,Thane,Urban,Vasant Vihar,Grocry Dept Str (Stand-alone),Kaushal Distributors,1.54,0.24,1.19,1.11,0.17,5.14,4.71,0.24,0.24,0.24,0.24,0.24,0.24,0.24,10,46,84,0.0,12.0,14.0,310.0,238.0,270.0,631.0,414.0,652.0,666.0,478.0,538.0,79.0,47.0,24.0,1183.0,1371.0,1088.0,High (>100),48.0,52.0,56.0,206.0,332215.0,Yes,Yes,Yes,Yes,Yes,Yes,Yes,>Rs. 20,>Rs. 20,>Rs. 20,>Rs. 20,MT,Urban,2.6,Yes,700.0,600–1000 sqft,Large Outlet,MAHARASHTRA,Thane,yes,709.0902,,399.9996,,12013.4326,1173.913,,727.272,599.9994,,,,469.0908,1992.093,,3999.9998,22287.7254,208.6968,12599.9874,,,37732.7808,1136.3625,,,,,96050.4433,8004.203608,22.92,12,MAHARASHTRA,Retail,272.6666666666667,522.5,659.0,508.0,50.0,0.24,0.24,4.71,0.24,10.0,91.06,A,150.0,1.0,1,1.0,1.0,8080.16,75.96,0.9,True,A+,309.0,1.0,1.0,1.0,1.0,1.0,1.0,1.0,1.0,1,,,,,1.0,4,2,Urban Premium Modern Trade,"These are larger, established Modern Trade grocery department stores in urban areas, characterized by 100% cooler availability and exclusive sales of premium categories. Shoppers engage in planned, higher-value purchases for household stock-up and indulgence.","Ensure planogram compliance for premium SKUs, focusing on full range availability and secondary displays for new product launches. Implement targeted promotions for multi-pack and larger formats."
114084.0,2259905,Pune,2259905,Durga Super Market,Retail,18.57825,73.77083,Maharashtra,Pune,Pune City,Pune,Urban,Baner Balewadi,Grocry Dept Str (Stand-alone),Synergy Network,1.13,0.65,0.5,0.59,0.61,0.41,6.02,0.33,0.33,0.33,0.33,0.33,0.33,0.33,8,20,39,11.0,13.0,17.0,123.0,80.0,100.0,225.0,154.0,258.0,213.0,166.0,157.0,56.0,33.0,37.0,397.0,507.0,490.0,High (>100),86.0,36.0,44.0,69.0,168676.0,Yes,Yes,Yes,Yes,Yes,Yes,Yes,>Rs. 20,>Rs. 20,>Rs. 20,>Rs. 20,MT,Urban,0.8,Yes,165.0,<200 sqft,Micro Outlet,MAHARASHTRA,Pune,yes,20199.1902,,727.272,,10499.9895,909.09,,1345.4532,1324.5053,,,218.182,312.7272,3137.5464,,3466.3635,24112.2297,,9350.9007,,545.46,13536.3501,,,,,,89685.2598,7473.77165,36.58,12,MAHARASHTRA,Retail,101.0,189.5,235.5,161.5,42.0,0.33,0.5,0.41,0.33,19.0,90.0,A,150.0,1.0,1,1.0,1.0,10761.68,3287.91,30.6,True,A+,27.0,1.0,1.0,1.0,1.0,1.0,1.0,1.0,1.0,1,1.0,,,,1.0,4,2,Urban Premium Modern Trade,"These are larger, established Modern Trade grocery department stores in urban areas, characterized by 100% cooler availability and exclusive sales of premium categories. Shoppers engage in planned, higher-value purchases for household stock-up and indulgence.","Ensure planogram compliance for premium SKUs, focusing on full range availability and secondary displays for new product launches. Implement targeted promotions for multi-pack and larger formats."
120248.0,2490801,,2490801,Shree Radhe Super Mart,Retail,26.767432,75.837037,Rajasthan,Jaipur,Sanganer,Shri Ram Ki Nangal,Rural,,Grocry Dept Str (Stand-alone),Pashupati Distributors,0.78,12.88,2.06,16.12,0.01,111.43,7.26,7.75,3.52,3.52,3.52,3.52,3.52,3.52,15,38,77,0.0,1.0,5.0,8.0,16.0,24.0,35.0,5.0,102.0,162.0,205.0,290.0,125.0,79.0,27.0,88.0,234.0,681.0,Low (<30),130.0,37.0,16.0,1.0,116819.0,Yes,Yes,Yes,Yes,Yes,Yes,Yes,>Rs. 20,>Rs. 20,>Rs. 20,>Rs. 20,MT,,,Yes,620.0,600–1000 sqft,Large Outlet,RAJASTHAN,Jaipur,yes,399.9996,,,,2036.3616,454.545,756.888,163.6362,,,110.0928,,,90.909,,,236.3634,318.1815,,,357.8016,3318.1785,,,,,,8242.9572,1648.59144,10.8,5,North India,Retail,16.0,20.0,132.0,247.5,77.0,3.52,2.06,7.26,3.52,15.0,41.5,C,15.0,1.0,1,1.0,0.0,4427.52,2778.93,62.8,True,C+,164.0,1.0,1.0,1.0,1.0,1.0,1.0,1.0,1.0,1,,,,,0.0,2,2,Urban Premium Modern Trade,"These are larger, established Modern Trade grocery department stores in urban areas, characterized by 100% cooler availability and exclusive sales of premium categories. Shoppers engage in planned, higher-value purchases for household stock-up and indulgence.","Ensure planogram compliance for premium SKUs, focusing on full range availability and secondary displays for new product launches. Implement targeted promotions for multi-pack and larger formats."
104076.0,2307776,,2307776,Sr Supermarket,Retail,13.093581,79.659346,Tamil Nadu,Vellore,Arakonam,Arakonam,Urban,Tamil Nadu Housing Board,Grocry Dept Str (Stand-alone),Bismi Associates,1.3,0.13,0.7,28.33,0.72,16.94,1.42,50.41,2.58,48.44,48.44,48.44,0.0,48.44,16,34,58,1.0,1.0,4.0,25.0,49.0,54.0,115.0,160.0,216.0,193.0,149.0,157.0,26.0,30.0,9.0,239.0,419.0,354.0,Low (<30),0.0,0.0,0.0,0.0,133260.0,Yes,Yes,Yes,Yes,Yes,Yes,Yes,>Rs. 20,>Rs. 20,>Rs. 20,>Rs. 20,MT,,,Yes,900.0,600–1000 sqft,Large Outlet,TAMIL NADU,Balance,yes,798.4182,,,,862.8451,,2864.4627,,,,,,,,,,562.0548,,,,1520.6415,1577.8646,,,,,,8186.2869,1364.38115,14.5,6,South India,Retail,42.66666666666666,137.5,204.5,153.0,21.666666666666668,0.0,0.13,1.42,2.58,17.0,34.04,C,15.0,1.0,1,1.0,0.0,6001.43,4637.05,77.3,True,C+,5.0,1.0,1.0,1.0,1.0,1.0,1.0,1.0,1.0,1,,,,,1.0,2,2,Urban Premium Modern Trade,"These are larger, established Modern Trade grocery department stores in urban areas, characterized by 100% cooler availability and exclusive sales of premium categories. Shoppers engage in planned, higher-value purchases for household stock-up and indulgence.","Ensure planogram compliance for premium SKUs, focusing on full range availability and secondary displays for new product launches. Implement targeted promotions for multi-pack and larger formats."
113355.0,S01111811,,S01111811,Saan Super Marker,Retail,12.246741,79.228016,Tamil Nadu,Tiruvannamalai,Tiruvannamalai,Kilpennathur,Urban,Kilpennathur,Grocry Dept Str (Stand-alone),S.M. Traders,8.53,0.18,0.16,100.49,0.62,16.85,16.34,115.92,17.77,115.92,115.92,115.92,0.0,115.92,5.0,11.0,14.0,1.0,1.0,1.0,3.0,10.0,74.0,57.0,343.0,587.0,416.0,529.0,441.0,199.0,328.0,164.0,516.0,956.0,1613.0,High (>100),0.0,0.0,0.0,0.0,28755.0,Yes,Yes,Yes,Yes,Yes,Yes,Yes,>Rs. 20,>Rs. 20,>Rs. 20,>Rs. 20,MT,,,Yes,705.0,600–1000 sqft,Large Outlet,TAMIL NADU,Balance,yes,1781.8164,,,297.2727,1899.9981,,1822.3696,,,,,,703.6362,,190.9091,,581.8176,,663.6357,,2263.9918,10654.5348,,,,,,20859.982,1896.362,14.27,11,South India,Retail,29.0,200.0,501.5,485.0,230.3333333333333,0.0,0.16,16.34,17.77,6.0,47.62,C,150.0,1.0,1,1.0,0.0,5776.74,3880.38,67.2,True,C+,26.0,1.0,1.0,1.0,1.0,1.0,1.0,1.0,1.0,1,,,,,1.0,2,2,Urban Premium Modern Trade,"These are larger, established Modern Trade grocery department stores in urban areas, characterized by 100% cooler availability and exclusive sales of premium categories. Shoppers engage in planned, higher-value purchases for household stock-up and indulgence.","Ensure planogram compliance for premium SKUs, focusing on full range availability and secondary displays for new product launches. Implement targeted promotions for multi-pack and larger formats."
113249.0,S01428708,Jaipur,S01428708,V2 Bazar,Retail,26.908007,75.81244,Rajasthan,Jaipur,Jaipur,Jaipur,Urban,Ramniwas Bagh,Grocry Dept Str (Stand-alone),Khandelwal Marketing-Sdp,2.14,3.28,0.37,1.38,0.79,97.5,2.06,0.81,0.31,0.73,0.5,0.5,0.5,0.31,14,113,280,6.0,30.0,50.0,69.0,66.0,80.0,147.0,131.0,204.0,188.0,154.0,124.0,35.0,28.0,42.0,193.0,315.0,606.0,Medium (30 to 100),85.0,44.0,26.0,18.0,12729946.0,Yes,Yes,Yes,Yes,Yes,Yes,Yes,>Rs. 20,>Rs. 20,>Rs. 20,>Rs. 20,MT,Urban,2.2,Yes,600.0,600–1000 sqft,Large Outlet,RAJASTHAN,Jaipur,yes,32709.8496,,,,17832.399,2786.9543,,4226.8734,4324.5023,,55.0464,,234.5454,9333.5877,190.9091,6896.5199,25573.0977,5794.8579,30249.9386,,,25883.7774,2330.9082,,,,,168423.7669,14035.313908,46.42,12,North India,Retail,71.66666666666667,139.0,196.0,139.0,35.0,0.31,0.37,2.06,0.31,20.0,97.1,A,,1.0,1,1.0,1.0,14540.47,505.15,3.5,True,A+,260.0,1.0,1.0,1.0,1.0,1.0,1.0,1.0,1.0,1,,,,,1.0,4,2,Urban Premium Modern Trade,"These are larger, established Modern Trade grocery department stores in urban areas, characterized by 100% cooler availability and exclusive sales of premium categories. Shoppers engage in planned, higher-value purchases for household stock-up and indulgence.","Ensure planogram compliance for premium SKUs, focusing on full range availability and secondary displays for new product launches. Implement targeted promotions for multi-pack and larger formats."
120743.0,S01438385,Vadodara,S01438385,Sarshwati Retail (Sarshwati Mart),Retail,22.292817,73.244033,Gujarat,Vadodara,Vadodara,Vadodara,Urban,Wadi,Grocry Dept Str (Stand-alone),Manjalpur Super Store,5.1,0.02,3.06,6.61,0.86,92.64,3.71,4.17,0.65,0.93,0.93,0.93,0.93,0.93,6,35,62,0.0,0.0,2.0,231.0,208.0,262.0,423.0,423.0,692.0,670.0,652.0,594.0,191.0,156.0,127.0,1445.0,852.0,727.0,Medium (30 to 100),,,,,172206.0,Yes,Yes,Yes,Yes,Yes,Yes,Yes,>Rs. 20,>Rs. 20,>Rs. 20,>Rs. 20,MT,Urban,0.8,Yes,540.0,300–600 sqft,Core Outlet,GUJARAT,Vadodara,yes,1145.4534,,,,1327.2714,181.818,,272.727,,,,,,327.2724,,,1799.9982,,,,,1090.908,,,,,,6145.4484,1536.3621,13.25,4,GUJARAT,Retail,233.66666666666663,423.0,681.0,623.0,158.0,0.93,0.02,3.71,0.65,6.0,38.68,C,,1.0,1,1.0,1.0,4824.31,3287.95,68.2,True,C+,80.0,1.0,1.0,1.0,1.0,1.0,1.0,1.0,1.0,1,,,,,1.0,2,2,Urban Premium Modern Trade,"These are larger, established Modern Trade grocery department stores in urban areas, characterized by 100% cooler availability and exclusive sales of premium categories. Shoppers engage in planned, higher-value purchases for household stock-up and indulgence.","Ensure planogram compliance for premium SKUs, focusing on full range availability and secondary displays for new product launches. Implement targeted promotions for multi-pack and larger formats."
117577.0,1615858,Bhubaneswar,1615858,Mm Mart,Retail,20.27506,85.861621,Orissa,Khordha,Bhubaneswar,Bhubaneswar,Urban,Sarla Nagar,Grocry Dept Str (Stand-alone),Shreekhetra Enterprises-Tt,2.41,0.1,0.9,0.96,0.32,0.0,2.1,1.74,0.27,0.27,0.27,0.27,0.27,0.27,14,39,90,3.0,57.0,109.0,68.0,69.0,86.0,176.0,172.0,290.0,263.0,235.0,221.0,34.0,37.0,22.0,358.0,437.0,613.0,Medium (30 to 100),140.0,123.0,31.0,7.0,115977.0,Yes,Yes,Yes,Yes,Yes,Yes,Yes,>Rs. 20,>Rs. 20,>Rs. 20,>Rs. 20,MT,Urban,0.8,Yes,775.0,600–1000 sqft,Large Outlet,ORISSA,Bhubaneswar,yes,25438.71,,,,23011.8395,1363.635,12513.8198,1654.5438,,,1095.5988,,,8636.355,,,17675.0814,7217.3868,,,12336.618,27592.4727,,,,,,138536.0608,11544.671733,26.5,12,East India,Retail,74.33333333333333,174.0,276.5,228.0,31.0,0.27,0.1,0.0,0.27,17.0,95.34,A,,1.0,1,1.0,1.0,9250.54,-2294.14,-24.8,False,A,555.0,1.0,1.0,1.0,1.0,1.0,1.0,1.0,1.0,1,,,,,1.0,4,2,Urban Premium Modern Trade,"These are larger, established Modern Trade grocery department stores in urban areas, characterized by 100% cooler availability and exclusive sales of premium categories. Shoppers engage in planned, higher-value purchases for household stock-up and indulgence.","Ensure planogram compliance for premium SKUs, focusing on full range availability and secondary displays for new product launches. Implement targeted promotions for multi-pack and larger formats."
112997.0,S01433977,Mangaluru,S01433977,R K Mini Mart,Retail,12.922463,74.865163,Karnataka,Dakshina Kannada,Mangalore,Mangalore,Urban,Marakada,Grocry Dept Str (Stand-alone),Alvas Traders,1.22,0.5,0.33,5.81,0.76,0.37,5.97,3.96,0.72,0.82,0.72,0.82,0.72,0.72,4,14,28,20.0,54.0,67.0,30.0,26.0,31.0,40.0,52.0,72.0,76.0,75.0,66.0,14.0,7.0,8.0,113.0,173.0,143.0,Medium (30 to 100),151.0,41.0,5.0,1.0,324414.0,Yes,Yes,Yes,Yes,Yes,Yes,Yes,>Rs. 20,>Rs. 20,>Rs. 20,>Rs. 20,MT,,,Yes,815.0,600–1000 sqft,Large Outlet,KARNATAKA,Mangaluru,yes,6054.5394,,1236.3624,,6599.9934,1036.3626,4313.136,1163.6352,,,68.808,981.819,2345.454,,381.8182,,4745.0856,309.0906,,,2499.9825,11972.7153,,,,,,43708.8022,3642.400183,30.08,12,West India,Retail,29.0,46.0,74.0,70.5,9.666666666666666,0.72,0.33,0.37,0.72,24.0,72.44,B,,1.0,1,1.0,0.0,10440.38,6797.98,65.1,True,B+,2.0,1.0,1.0,1.0,1.0,1.0,1.0,1.0,1.0,1,,,,,1.0,3,2,Urban Premium Modern Trade,"These are larger, established Modern Trade grocery department stores in urban areas, characterized by 100% cooler availability and exclusive sales of premium categories. Shoppers engage in planned, higher-value purchases for household stock-up and indulgence.","Ensure planogram compliance for premium SKUs, focusing on full range availability and secondary displays for new product launches. Implement targeted promotions for multi-pack and larger formats."
120653.0,2343337,Delhi,2343337,Angooris Mart 1,Retail,28.518524,77.164983,Delhi,Delhi,Delhi,Delhi,Urban,Kishangarh,Grocry Dept Str (Stand-alone),Nirman Retail Holdings,1.02,0.22,0.66,2.34,0.55,0.35,1.63,1.13,0.43,1.13,0.43,1.13,0.43,0.43,10,27,50,1.0,5.0,23.0,1610.0,851.0,1077.0,2048.0,1260.0,2141.0,2102.0,1915.0,1635.0,400.0,259.0,394.0,2734.0,4174.0,5544.0,High (>100),47.0,185.0,829.0,184.0,420792.0,Yes,Yes,Yes,Yes,Yes,Yes,Yes,>Rs. 20,>Rs. 20,>Rs. 20,>Rs. 20,MT,Urban,4.91315,Yes,515.0,300–600 sqft,Core Outlet,NEW DELHI,Gurugram,yes,124001.4627,,,,1309.0896,,,8363.628,20233.9752,,,,,35450.559,,13494.4656,77103.4836,654.5448,64679.2427,2546.1374,,2072.7252,4996.509,,,,,354905.8228,29575.485233,30.25,12,North India,Retail,1179.3333333333333,1654.0,2121.5,1775.0,351.0,0.43,0.22,0.35,0.43,11.0,99.16,A,150.0,1.0,1,1.0,1.0,9749.47,-19826.01,-203.4,False,A,953.0,1.0,1.0,1.0,1.0,1.0,1.0,1.0,1.0,1,,,,,1.0,4,2,Urban Premium Modern Trade,"These are larger, established Modern Trade grocery department stores in urban areas, characterized by 100% cooler availability and exclusive sales of premium categories. Shoppers engage in planned, higher-value purchases for household stock-up and indulgence.","Ensure planogram compliance for premium SKUs, focusing on full range availability and secondary displays for new product launches. Implement targeted promotions for multi-pack and larger formats."
